cx,cy,cz,radius,az_deg,reachable
0.3,-0.45,0.65,0.4,0,1
0.3,-0.45,0.65,0.4,180,0
0.3,-0.45,0.65,0.4,90,0
0.3,-0.45,0.65,0.4,270,0
0.3,-0.45,0.65,0.4,30,1
0.3,-0.45,0.65,0.4,330,1
0.3,-0.45,0.65,0.4,60,1
0.3,-0.45,0.65,0.4,300,1
0.3,-0.45,0.65,0.4,150,0
0.3,-0.45,0.65,0.4,210,0
0.3,-0.45,0.65,0.4,120,1
0.3,-0.45,0.65,0.4,240,1
0.3,-0.45,0.65,0.5,0,1
0.3,-0.45,0.65,0.5,180,0
0.3,-0.45,0.65,0.5,90,0
0.3,-0.45,0.65,0.5,270,0
0.3,-0.45,0.65,0.5,30,1
0.3,-0.45,0.65,0.5,330,0
0.3,-0.45,0.65,0.5,60,1
0.3,-0.45,0.65,0.5,300,1
0.3,-0.45,0.65,0.5,150,0
0.3,-0.45,0.65,0.5,210,0
0.3,-0.45,0.65,0.5,120,0
0.3,-0.45,0.65,0.5,240,1
0.3,-0.45,0.65,0.6,0,1
0.3,-0.45,0.65,0.6,180,0
0.3,-0.45,0.65,0.6,90,0
0.3,-0.45,0.65,0.6,270,1
0.3,-0.45,0.65,0.6,30,1
0.3,-0.45,0.65,0.6,330,0
0.3,-0.45,0.65,0.6,60,1
0.3,-0.45,0.65,0.6,300,0
0.3,-0.45,0.65,0.6,150,0
0.3,-0.45,0.65,0.6,210,0
0.3,-0.45,0.65,0.6,120,0
0.3,-0.45,0.65,0.6,240,0
0.3,-0.45,0.7,0.4,0,1
0.3,-0.45,0.7,0.4,180,0
0.3,-0.45,0.7,0.4,90,0
0.3,-0.45,0.7,0.4,270,0
0.3,-0.45,0.7,0.4,30,1
0.3,-0.45,0.7,0.4,330,1
0.3,-0.45,0.7,0.4,60,1
0.3,-0.45,0.7,0.4,300,1
0.3,-0.45,0.7,0.4,150,0
0.3,-0.45,0.7,0.4,210,0
0.3,-0.45,0.7,0.4,120,1
0.3,-0.45,0.7,0.4,240,1
0.3,-0.45,0.7,0.5,0,1
0.3,-0.45,0.7,0.5,180,0
0.3,-0.45,0.7,0.5,90,0
0.3,-0.45,0.7,0.5,270,0
0.3,-0.45,0.7,0.5,30,1
0.3,-0.45,0.7,0.5,330,0
0.3,-0.45,0.7,0.5,60,1
0.3,-0.45,0.7,0.5,300,1
0.3,-0.45,0.7,0.5,150,0
0.3,-0.45,0.7,0.5,210,0
0.3,-0.45,0.7,0.5,120,0
0.3,-0.45,0.7,0.5,240,1
0.3,-0.45,0.7,0.6,0,1
0.3,-0.45,0.7,0.6,180,0
0.3,-0.45,0.7,0.6,90,0
0.3,-0.45,0.7,0.6,270,1
0.3,-0.45,0.7,0.6,30,1
0.3,-0.45,0.7,0.6,330,0
0.3,-0.45,0.7,0.6,60,1
0.3,-0.45,0.7,0.6,300,0
0.3,-0.45,0.7,0.6,150,0
0.3,-0.45,0.7,0.6,210,0
0.3,-0.45,0.7,0.6,120,0
0.3,-0.45,0.7,0.6,240,0
0.3,-0.45,0.75,0.4,0,1
0.3,-0.45,0.75,0.4,180,0
0.3,-0.45,0.75,0.4,90,0
0.3,-0.45,0.75,0.4,270,1
0.3,-0.45,0.75,0.4,30,1
0.3,-0.45,0.75,0.4,330,0
0.3,-0.45,0.75,0.4,60,1
0.3,-0.45,0.75,0.4,300,1
0.3,-0.45,0.75,0.4,150,0
0.3,-0.45,0.75,0.4,210,0
0.3,-0.45,0.75,0.4,120,1
0.3,-0.45,0.75,0.4,240,1
0.3,-0.45,0.75,0.5,0,1
0.3,-0.45,0.75,0.5,180,0
0.3,-0.45,0.75,0.5,90,0
0.3,-0.45,0.75,0.5,270,0
0.3,-0.45,0.75,0.5,30,1
0.3,-0.45,0.75,0.5,330,0
0.3,-0.45,0.75,0.5,60,1
0.3,-0.45,0.75,0.5,300,1
0.3,-0.45,0.75,0.5,150,0
0.3,-0.45,0.75,0.5,210,0
0.3,-0.45,0.75,0.5,120,0
0.3,-0.45,0.75,0.5,240,1
0.3,-0.45,0.75,0.6,0,1
0.3,-0.45,0.75,0.6,180,0
0.3,-0.45,0.75,0.6,90,0
0.3,-0.45,0.75,0.6,270,1
0.3,-0.45,0.75,0.6,30,1
0.3,-0.45,0.75,0.6,330,0
0.3,-0.45,0.75,0.6,60,1
0.3,-0.45,0.75,0.6,300,1
0.3,-0.45,0.75,0.6,150,0
0.3,-0.45,0.75,0.6,210,0
0.3,-0.45,0.75,0.6,120,0
0.3,-0.45,0.75,0.6,240,0
0.3,-0.45,0.8,0.4,0,1
0.3,-0.45,0.8,0.4,180,0
0.3,-0.45,0.8,0.4,90,0
0.3,-0.45,0.8,0.4,270,1
0.3,-0.45,0.8,0.4,30,1
0.3,-0.45,0.8,0.4,330,1
0.3,-0.45,0.8,0.4,60,1
0.3,-0.45,0.8,0.4,300,0
0.3,-0.45,0.8,0.4,150,0
0.3,-0.45,0.8,0.4,210,0
0.3,-0.45,0.8,0.4,120,1
0.3,-0.45,0.8,0.4,240,1
0.3,-0.45,0.8,0.5,0,1
0.3,-0.45,0.8,0.5,180,0
0.3,-0.45,0.8,0.5,90,0
0.3,-0.45,0.8,0.5,270,0
0.3,-0.45,0.8,0.5,30,1
0.3,-0.45,0.8,0.5,330,0
0.3,-0.45,0.8,0.5,60,1
0.3,-0.45,0.8,0.5,300,1
0.3,-0.45,0.8,0.5,150,0
0.3,-0.45,0.8,0.5,210,0
0.3,-0.45,0.8,0.5,120,0
0.3,-0.45,0.8,0.5,240,1
0.3,-0.45,0.8,0.6,0,0
0.3,-0.45,0.8,0.6,180,0
0.3,-0.45,0.8,0.6,90,0
0.3,-0.45,0.8,0.6,270,0
0.3,-0.45,0.8,0.6,30,1
0.3,-0.45,0.8,0.6,330,0
0.3,-0.45,0.8,0.6,60,1
0.3,-0.45,0.8,0.6,300,0
0.3,-0.45,0.8,0.6,150,0
0.3,-0.45,0.8,0.6,210,0
0.3,-0.45,0.8,0.6,120,0
0.3,-0.45,0.8,0.6,240,0
0.3,-0.45,0.85,0.4,0,1
0.3,-0.45,0.85,0.4,180,0
0.3,-0.45,0.85,0.4,90,0
0.3,-0.45,0.85,0.4,270,0
0.3,-0.45,0.85,0.4,30,1
0.3,-0.45,0.85,0.4,330,1
0.3,-0.45,0.85,0.4,60,1
0.3,-0.45,0.85,0.4,300,0
0.3,-0.45,0.85,0.4,150,0
0.3,-0.45,0.85,0.4,210,0
0.3,-0.45,0.85,0.4,120,0
0.3,-0.45,0.85,0.4,240,1
0.3,-0.45,0.85,0.5,0,1
0.3,-0.45,0.85,0.5,180,0
0.3,-0.45,0.85,0.5,90,0
0.3,-0.45,0.85,0.5,270,1
0.3,-0.45,0.85,0.5,30,1
0.3,-0.45,0.85,0.5,330,0
0.3,-0.45,0.85,0.5,60,1
0.3,-0.45,0.85,0.5,300,1
0.3,-0.45,0.85,0.5,150,0
0.3,-0.45,0.85,0.5,210,0
0.3,-0.45,0.85,0.5,120,0
0.3,-0.45,0.85,0.5,240,1
0.3,-0.45,0.85,0.6,0,1
0.3,-0.45,0.85,0.6,180,0
0.3,-0.45,0.85,0.6,90,0
0.3,-0.45,0.85,0.6,270,1
0.3,-0.45,0.85,0.6,30,1
0.3,-0.45,0.85,0.6,330,0
0.3,-0.45,0.85,0.6,60,1
0.3,-0.45,0.85,0.6,300,0
0.3,-0.45,0.85,0.6,150,0
0.3,-0.45,0.85,0.6,210,0
0.3,-0.45,0.85,0.6,120,0
0.3,-0.45,0.85,0.6,240,0
0.3,-0.45,0.9,0.4,0,1
0.3,-0.45,0.9,0.4,180,0
0.3,-0.45,0.9,0.4,90,0
0.3,-0.45,0.9,0.4,270,1
0.3,-0.45,0.9,0.4,30,1
0.3,-0.45,0.9,0.4,330,0
0.3,-0.45,0.9,0.4,60,1
0.3,-0.45,0.9,0.4,300,0
0.3,-0.45,0.9,0.4,150,0
0.3,-0.45,0.9,0.4,210,0
0.3,-0.45,0.9,0.4,120,0
0.3,-0.45,0.9,0.4,240,1
0.3,-0.45,0.9,0.5,0,1
0.3,-0.45,0.9,0.5,180,0
0.3,-0.45,0.9,0.5,90,0
0.3,-0.45,0.9,0.5,270,0
0.3,-0.45,0.9,0.5,30,1
0.3,-0.45,0.9,0.5,330,0
0.3,-0.45,0.9,0.5,60,1
0.3,-0.45,0.9,0.5,300,1
0.3,-0.45,0.9,0.5,150,0
0.3,-0.45,0.9,0.5,210,0
0.3,-0.45,0.9,0.5,120,0
0.3,-0.45,0.9,0.5,240,1
0.3,-0.45,0.9,0.6,0,1
0.3,-0.45,0.9,0.6,180,0
0.3,-0.45,0.9,0.6,90,0
0.3,-0.45,0.9,0.6,270,1
0.3,-0.45,0.9,0.6,30,1
0.3,-0.45,0.9,0.6,330,0
0.3,-0.45,0.9,0.6,60,1
0.3,-0.45,0.9,0.6,300,1
0.3,-0.45,0.9,0.6,150,0
0.3,-0.45,0.9,0.6,210,0
0.3,-0.45,0.9,0.6,120,0
0.3,-0.45,0.9,0.6,240,0
0.3,-0.45,0.95,0.4,0,1
0.3,-0.45,0.95,0.4,180,0
0.3,-0.45,0.95,0.4,90,0
0.3,-0.45,0.95,0.4,270,0
0.3,-0.45,0.95,0.4,30,1
0.3,-0.45,0.95,0.4,330,1
0.3,-0.45,0.95,0.4,60,1
0.3,-0.45,0.95,0.4,300,1
0.3,-0.45,0.95,0.4,150,0
0.3,-0.45,0.95,0.4,210,0
0.3,-0.45,0.95,0.4,120,0
0.3,-0.45,0.95,0.4,240,1
0.3,-0.45,0.95,0.5,0,1
0.3,-0.45,0.95,0.5,180,0
0.3,-0.45,0.95,0.5,90,0
0.3,-0.45,0.95,0.5,270,0
0.3,-0.45,0.95,0.5,30,1
0.3,-0.45,0.95,0.5,330,0
0.3,-0.45,0.95,0.5,60,1
0.3,-0.45,0.95,0.5,300,1
0.3,-0.45,0.95,0.5,150,0
0.3,-0.45,0.95,0.5,210,0
0.3,-0.45,0.95,0.5,120,0
0.3,-0.45,0.95,0.5,240,0
0.3,-0.45,0.95,0.6,0,1
0.3,-0.45,0.95,0.6,180,0
0.3,-0.45,0.95,0.6,90,0
0.3,-0.45,0.95,0.6,270,1
0.3,-0.45,0.95,0.6,30,1
0.3,-0.45,0.95,0.6,330,0
0.3,-0.45,0.95,0.6,60,1
0.3,-0.45,0.95,0.6,300,0
0.3,-0.45,0.95,0.6,150,0
0.3,-0.45,0.95,0.6,210,0
0.3,-0.45,0.95,0.6,120,0
0.3,-0.45,0.95,0.6,240,0
0.3,-0.45,1.0,0.4,0,1
0.3,-0.45,1.0,0.4,180,0
0.3,-0.45,1.0,0.4,90,0
0.3,-0.45,1.0,0.4,270,0
0.3,-0.45,1.0,0.4,30,1
0.3,-0.45,1.0,0.4,330,1
0.3,-0.45,1.0,0.4,60,1
0.3,-0.45,1.0,0.4,300,1
0.3,-0.45,1.0,0.4,150,0
0.3,-0.45,1.0,0.4,210,0
0.3,-0.45,1.0,0.4,120,0
0.3,-0.45,1.0,0.4,240,1
0.3,-0.45,1.0,0.5,0,1
0.3,-0.45,1.0,0.5,180,0
0.3,-0.45,1.0,0.5,90,0
0.3,-0.45,1.0,0.5,270,0
0.3,-0.45,1.0,0.5,30,1
0.3,-0.45,1.0,0.5,330,0
0.3,-0.45,1.0,0.5,60,1
0.3,-0.45,1.0,0.5,300,1
0.3,-0.45,1.0,0.5,150,0
0.3,-0.45,1.0,0.5,210,0
0.3,-0.45,1.0,0.5,120,0
0.3,-0.45,1.0,0.5,240,0
0.3,-0.45,1.0,0.6,0,1
0.3,-0.45,1.0,0.6,180,0
0.3,-0.45,1.0,0.6,90,0
0.3,-0.45,1.0,0.6,270,0
0.3,-0.45,1.0,0.6,30,1
0.3,-0.45,1.0,0.6,330,0
0.3,-0.45,1.0,0.6,60,1
0.3,-0.45,1.0,0.6,300,1
0.3,-0.45,1.0,0.6,150,0
0.3,-0.45,1.0,0.6,210,0
0.3,-0.45,1.0,0.6,120,0
0.3,-0.45,1.0,0.6,240,0
0.3,-0.4,0.65,0.4,0,1
0.3,-0.4,0.65,0.4,180,0
0.3,-0.4,0.65,0.4,90,0
0.3,-0.4,0.65,0.4,270,0
0.3,-0.4,0.65,0.4,30,1
0.3,-0.4,0.65,0.4,330,0
0.3,-0.4,0.65,0.4,60,1
0.3,-0.4,0.65,0.4,300,0
0.3,-0.4,0.65,0.4,150,0
0.3,-0.4,0.65,0.4,210,1
0.3,-0.4,0.65,0.4,120,1
0.3,-0.4,0.65,0.4,240,1
0.3,-0.4,0.65,0.5,0,1
0.3,-0.4,0.65,0.5,180,0
0.3,-0.4,0.65,0.5,90,0
0.3,-0.4,0.65,0.5,270,0
0.3,-0.4,0.65,0.5,30,1
0.3,-0.4,0.65,0.5,330,0
0.3,-0.4,0.65,0.5,60,1
0.3,-0.4,0.65,0.5,300,1
0.3,-0.4,0.65,0.5,150,0
0.3,-0.4,0.65,0.5,210,0
0.3,-0.4,0.65,0.5,120,0
0.3,-0.4,0.65,0.5,240,1
0.3,-0.4,0.65,0.6,0,1
0.3,-0.4,0.65,0.6,180,0
0.3,-0.4,0.65,0.6,90,0
0.3,-0.4,0.65,0.6,270,1
0.3,-0.4,0.65,0.6,30,1
0.3,-0.4,0.65,0.6,330,0
0.3,-0.4,0.65,0.6,60,1
0.3,-0.4,0.65,0.6,300,0
0.3,-0.4,0.65,0.6,150,0
0.3,-0.4,0.65,0.6,210,0
0.3,-0.4,0.65,0.6,120,0
0.3,-0.4,0.65,0.6,240,1
0.3,-0.4,0.7,0.4,0,1
0.3,-0.4,0.7,0.4,180,0
0.3,-0.4,0.7,0.4,90,0
0.3,-0.4,0.7,0.4,270,0
0.3,-0.4,0.7,0.4,30,1
0.3,-0.4,0.7,0.4,330,0
0.3,-0.4,0.7,0.4,60,1
0.3,-0.4,0.7,0.4,300,1
0.3,-0.4,0.7,0.4,150,1
0.3,-0.4,0.7,0.4,210,1
0.3,-0.4,0.7,0.4,120,1
0.3,-0.4,0.7,0.4,240,1
0.3,-0.4,0.7,0.5,0,1
0.3,-0.4,0.7,0.5,180,0
0.3,-0.4,0.7,0.5,90,0
0.3,-0.4,0.7,0.5,270,1
0.3,-0.4,0.7,0.5,30,1
0.3,-0.4,0.7,0.5,330,0
0.3,-0.4,0.7,0.5,60,1
0.3,-0.4,0.7,0.5,300,1
0.3,-0.4,0.7,0.5,150,0
0.3,-0.4,0.7,0.5,210,0
0.3,-0.4,0.7,0.5,120,0
0.3,-0.4,0.7,0.5,240,1
0.3,-0.4,0.7,0.6,0,1
0.3,-0.4,0.7,0.6,180,0
0.3,-0.4,0.7,0.6,90,0
0.3,-0.4,0.7,0.6,270,0
0.3,-0.4,0.7,0.6,30,1
0.3,-0.4,0.7,0.6,330,0
0.3,-0.4,0.7,0.6,60,1
0.3,-0.4,0.7,0.6,300,0
0.3,-0.4,0.7,0.6,150,0
0.3,-0.4,0.7,0.6,210,0
0.3,-0.4,0.7,0.6,120,0
0.3,-0.4,0.7,0.6,240,1
0.3,-0.4,0.75,0.4,0,1
0.3,-0.4,0.75,0.4,180,0
0.3,-0.4,0.75,0.4,90,0
0.3,-0.4,0.75,0.4,270,0
0.3,-0.4,0.75,0.4,30,1
0.3,-0.4,0.75,0.4,330,0
0.3,-0.4,0.75,0.4,60,1
0.3,-0.4,0.75,0.4,300,1
0.3,-0.4,0.75,0.4,150,0
0.3,-0.4,0.75,0.4,210,1
0.3,-0.4,0.75,0.4,120,1
0.3,-0.4,0.75,0.4,240,1
0.3,-0.4,0.75,0.5,0,1
0.3,-0.4,0.75,0.5,180,0
0.3,-0.4,0.75,0.5,90,0
0.3,-0.4,0.75,0.5,270,1
0.3,-0.4,0.75,0.5,30,1
0.3,-0.4,0.75,0.5,330,0
0.3,-0.4,0.75,0.5,60,1
0.3,-0.4,0.75,0.5,300,1
0.3,-0.4,0.75,0.5,150,0
0.3,-0.4,0.75,0.5,210,0
0.3,-0.4,0.75,0.5,120,0
0.3,-0.4,0.75,0.5,240,1
0.3,-0.4,0.75,0.6,0,1
0.3,-0.4,0.75,0.6,180,0
0.3,-0.4,0.75,0.6,90,0
0.3,-0.4,0.75,0.6,270,1
0.3,-0.4,0.75,0.6,30,1
0.3,-0.4,0.75,0.6,330,0
0.3,-0.4,0.75,0.6,60,1
0.3,-0.4,0.75,0.6,300,1
0.3,-0.4,0.75,0.6,150,0
0.3,-0.4,0.75,0.6,210,0
0.3,-0.4,0.75,0.6,120,0
0.3,-0.4,0.75,0.6,240,0
0.3,-0.4,0.8,0.4,0,1
0.3,-0.4,0.8,0.4,180,0
0.3,-0.4,0.8,0.4,90,0
0.3,-0.4,0.8,0.4,270,0
0.3,-0.4,0.8,0.4,30,1
0.3,-0.4,0.8,0.4,330,0
0.3,-0.4,0.8,0.4,60,1
0.3,-0.4,0.8,0.4,300,1
0.3,-0.4,0.8,0.4,150,0
0.3,-0.4,0.8,0.4,210,1
0.3,-0.4,0.8,0.4,120,0
0.3,-0.4,0.8,0.4,240,1
0.3,-0.4,0.8,0.5,0,1
0.3,-0.4,0.8,0.5,180,0
0.3,-0.4,0.8,0.5,90,0
0.3,-0.4,0.8,0.5,270,0
0.3,-0.4,0.8,0.5,30,1
0.3,-0.4,0.8,0.5,330,0
0.3,-0.4,0.8,0.5,60,1
0.3,-0.4,0.8,0.5,300,1
0.3,-0.4,0.8,0.5,150,0
0.3,-0.4,0.8,0.5,210,0
0.3,-0.4,0.8,0.5,120,0
0.3,-0.4,0.8,0.5,240,1
0.3,-0.4,0.8,0.6,0,1
0.3,-0.4,0.8,0.6,180,0
0.3,-0.4,0.8,0.6,90,0
0.3,-0.4,0.8,0.6,270,0
0.3,-0.4,0.8,0.6,30,1
0.3,-0.4,0.8,0.6,330,0
0.3,-0.4,0.8,0.6,60,1
0.3,-0.4,0.8,0.6,300,1
0.3,-0.4,0.8,0.6,150,0
0.3,-0.4,0.8,0.6,210,0
0.3,-0.4,0.8,0.6,120,0
0.3,-0.4,0.8,0.6,240,1
0.3,-0.4,0.85,0.4,0,1
0.3,-0.4,0.85,0.4,180,0
0.3,-0.4,0.85,0.4,90,0
0.3,-0.4,0.85,0.4,270,1
0.3,-0.4,0.85,0.4,30,1
0.3,-0.4,0.85,0.4,330,0
0.3,-0.4,0.85,0.4,60,1
0.3,-0.4,0.85,0.4,300,1
0.3,-0.4,0.85,0.4,150,0
0.3,-0.4,0.85,0.4,210,0
0.3,-0.4,0.85,0.4,120,1
0.3,-0.4,0.85,0.4,240,1
0.3,-0.4,0.85,0.5,0,1
0.3,-0.4,0.85,0.5,180,0
0.3,-0.4,0.85,0.5,90,0
0.3,-0.4,0.85,0.5,270,0
0.3,-0.4,0.85,0.5,30,1
0.3,-0.4,0.85,0.5,330,0
0.3,-0.4,0.85,0.5,60,1
0.3,-0.4,0.85,0.5,300,1
0.3,-0.4,0.85,0.5,150,0
0.3,-0.4,0.85,0.5,210,0
0.3,-0.4,0.85,0.5,120,0
0.3,-0.4,0.85,0.5,240,1
0.3,-0.4,0.85,0.6,0,1
0.3,-0.4,0.85,0.6,180,0
0.3,-0.4,0.85,0.6,90,0
0.3,-0.4,0.85,0.6,270,0
0.3,-0.4,0.85,0.6,30,1
0.3,-0.4,0.85,0.6,330,0
0.3,-0.4,0.85,0.6,60,1
0.3,-0.4,0.85,0.6,300,0
0.3,-0.4,0.85,0.6,150,0
0.3,-0.4,0.85,0.6,210,0
0.3,-0.4,0.85,0.6,120,0
0.3,-0.4,0.85,0.6,240,1
0.3,-0.4,0.9,0.4,0,1
0.3,-0.4,0.9,0.4,180,0
0.3,-0.4,0.9,0.4,90,0
0.3,-0.4,0.9,0.4,270,0
0.3,-0.4,0.9,0.4,30,1
0.3,-0.4,0.9,0.4,330,0
0.3,-0.4,0.9,0.4,60,1
0.3,-0.4,0.9,0.4,300,1
0.3,-0.4,0.9,0.4,150,0
0.3,-0.4,0.9,0.4,210,0
0.3,-0.4,0.9,0.4,120,1
0.3,-0.4,0.9,0.4,240,1
0.3,-0.4,0.9,0.5,0,1
0.3,-0.4,0.9,0.5,180,0
0.3,-0.4,0.9,0.5,90,0
0.3,-0.4,0.9,0.5,270,0
0.3,-0.4,0.9,0.5,30,1
0.3,-0.4,0.9,0.5,330,0
0.3,-0.4,0.9,0.5,60,1
0.3,-0.4,0.9,0.5,300,0
0.3,-0.4,0.9,0.5,150,0
0.3,-0.4,0.9,0.5,210,0
0.3,-0.4,0.9,0.5,120,0
0.3,-0.4,0.9,0.5,240,1
0.3,-0.4,0.9,0.6,0,1
0.3,-0.4,0.9,0.6,180,0
0.3,-0.4,0.9,0.6,90,0
0.3,-0.4,0.9,0.6,270,0
0.3,-0.4,0.9,0.6,30,1
0.3,-0.4,0.9,0.6,330,0
0.3,-0.4,0.9,0.6,60,1
0.3,-0.4,0.9,0.6,300,0
0.3,-0.4,0.9,0.6,150,0
0.3,-0.4,0.9,0.6,210,0
0.3,-0.4,0.9,0.6,120,0
0.3,-0.4,0.9,0.6,240,0
0.3,-0.4,0.95,0.4,0,1
0.3,-0.4,0.95,0.4,180,0
0.3,-0.4,0.95,0.4,90,0
0.3,-0.4,0.95,0.4,270,0
0.3,-0.4,0.95,0.4,30,1
0.3,-0.4,0.95,0.4,330,0
0.3,-0.4,0.95,0.4,60,1
0.3,-0.4,0.95,0.4,300,1
0.3,-0.4,0.95,0.4,150,0
0.3,-0.4,0.95,0.4,210,0
0.3,-0.4,0.95,0.4,120,0
0.3,-0.4,0.95,0.4,240,1
0.3,-0.4,0.95,0.5,0,1
0.3,-0.4,0.95,0.5,180,0
0.3,-0.4,0.95,0.5,90,0
0.3,-0.4,0.95,0.5,270,0
0.3,-0.4,0.95,0.5,30,1
0.3,-0.4,0.95,0.5,330,0
0.3,-0.4,0.95,0.5,60,1
0.3,-0.4,0.95,0.5,300,1
0.3,-0.4,0.95,0.5,150,0
0.3,-0.4,0.95,0.5,210,0
0.3,-0.4,0.95,0.5,120,0
0.3,-0.4,0.95,0.5,240,1
0.3,-0.4,0.95,0.6,0,1
0.3,-0.4,0.95,0.6,180,0
0.3,-0.4,0.95,0.6,90,0
0.3,-0.4,0.95,0.6,270,1
0.3,-0.4,0.95,0.6,30,1
0.3,-0.4,0.95,0.6,330,0
0.3,-0.4,0.95,0.6,60,1
0.3,-0.4,0.95,0.6,300,1
0.3,-0.4,0.95,0.6,150,0
0.3,-0.4,0.95,0.6,210,0
0.3,-0.4,0.95,0.6,120,0
0.3,-0.4,0.95,0.6,240,0
0.3,-0.4,1.0,0.4,0,1
0.3,-0.4,1.0,0.4,180,0
0.3,-0.4,1.0,0.4,90,0
0.3,-0.4,1.0,0.4,270,0
0.3,-0.4,1.0,0.4,30,1
0.3,-0.4,1.0,0.4,330,0
0.3,-0.4,1.0,0.4,60,1
0.3,-0.4,1.0,0.4,300,1
0.3,-0.4,1.0,0.4,150,0
0.3,-0.4,1.0,0.4,210,0
0.3,-0.4,1.0,0.4,120,0
0.3,-0.4,1.0,0.4,240,1
0.3,-0.4,1.0,0.5,0,1
0.3,-0.4,1.0,0.5,180,0
0.3,-0.4,1.0,0.5,90,0
0.3,-0.4,1.0,0.5,270,1
0.3,-0.4,1.0,0.5,30,1
0.3,-0.4,1.0,0.5,330,0
0.3,-0.4,1.0,0.5,60,1
0.3,-0.4,1.0,0.5,300,0
0.3,-0.4,1.0,0.5,150,0
0.3,-0.4,1.0,0.5,210,0
0.3,-0.4,1.0,0.5,120,0
0.3,-0.4,1.0,0.5,240,1
0.3,-0.4,1.0,0.6,0,1
0.3,-0.4,1.0,0.6,180,0
0.3,-0.4,1.0,0.6,90,0
0.3,-0.4,1.0,0.6,270,0
0.3,-0.4,1.0,0.6,30,1
0.3,-0.4,1.0,0.6,330,0
0.3,-0.4,1.0,0.6,60,1
0.3,-0.4,1.0,0.6,300,1
0.3,-0.4,1.0,0.6,150,0
0.3,-0.4,1.0,0.6,210,0
0.3,-0.4,1.0,0.6,120,0
0.3,-0.4,1.0,0.6,240,0
0.3,-0.35,0.65,0.4,0,1
0.3,-0.35,0.65,0.4,180,0
0.3,-0.35,0.65,0.4,90,0
0.3,-0.35,0.65,0.4,270,1
0.3,-0.35,0.65,0.4,30,1
0.3,-0.35,0.65,0.4,330,0
0.3,-0.35,0.65,0.4,60,1
0.3,-0.35,0.65,0.4,300,1
0.3,-0.35,0.65,0.4,150,0
0.3,-0.35,0.65,0.4,210,1
0.3,-0.35,0.65,0.4,120,1
0.3,-0.35,0.65,0.4,240,1
0.3,-0.35,0.65,0.5,0,1
0.3,-0.35,0.65,0.5,180,0
0.3,-0.35,0.65,0.5,90,0
0.3,-0.35,0.65,0.5,270,0
0.3,-0.35,0.65,0.5,30,1
0.3,-0.35,0.65,0.5,330,0
0.3,-0.35,0.65,0.5,60,1
0.3,-0.35,0.65,0.5,300,1
0.3,-0.35,0.65,0.5,150,0
0.3,-0.35,0.65,0.5,210,0
0.3,-0.35,0.65,0.5,120,0
0.3,-0.35,0.65,0.5,240,1
0.3,-0.35,0.65,0.6,0,1
0.3,-0.35,0.65,0.6,180,0
0.3,-0.35,0.65,0.6,90,0
0.3,-0.35,0.65,0.6,270,1
0.3,-0.35,0.65,0.6,30,1
0.3,-0.35,0.65,0.6,330,0
0.3,-0.35,0.65,0.6,60,1
0.3,-0.35,0.65,0.6,300,0
0.3,-0.35,0.65,0.6,150,0
0.3,-0.35,0.65,0.6,210,0
0.3,-0.35,0.65,0.6,120,0
0.3,-0.35,0.65,0.6,240,0
0.3,-0.35,0.7,0.4,0,1
0.3,-0.35,0.7,0.4,180,0
0.3,-0.35,0.7,0.4,90,0
0.3,-0.35,0.7,0.4,270,0
0.3,-0.35,0.7,0.4,30,1
0.3,-0.35,0.7,0.4,330,0
0.3,-0.35,0.7,0.4,60,1
0.3,-0.35,0.7,0.4,300,1
0.3,-0.35,0.7,0.4,150,0
0.3,-0.35,0.7,0.4,210,1
0.3,-0.35,0.7,0.4,120,1
0.3,-0.35,0.7,0.4,240,1
0.3,-0.35,0.7,0.5,0,1
0.3,-0.35,0.7,0.5,180,0
0.3,-0.35,0.7,0.5,90,0
0.3,-0.35,0.7,0.5,270,1
0.3,-0.35,0.7,0.5,30,1
0.3,-0.35,0.7,0.5,330,0
0.3,-0.35,0.7,0.5,60,1
0.3,-0.35,0.7,0.5,300,1
0.3,-0.35,0.7,0.5,150,0
0.3,-0.35,0.7,0.5,210,0
0.3,-0.35,0.7,0.5,120,0
0.3,-0.35,0.7,0.5,240,1
0.3,-0.35,0.7,0.6,0,1
0.3,-0.35,0.7,0.6,180,0
0.3,-0.35,0.7,0.6,90,0
0.3,-0.35,0.7,0.6,270,0
0.3,-0.35,0.7,0.6,30,1
0.3,-0.35,0.7,0.6,330,0
0.3,-0.35,0.7,0.6,60,1
0.3,-0.35,0.7,0.6,300,0
0.3,-0.35,0.7,0.6,150,0
0.3,-0.35,0.7,0.6,210,0
0.3,-0.35,0.7,0.6,120,0
0.3,-0.35,0.7,0.6,240,1
0.3,-0.35,0.75,0.4,0,1
0.3,-0.35,0.75,0.4,180,0
0.3,-0.35,0.75,0.4,90,0
0.3,-0.35,0.75,0.4,270,0
0.3,-0.35,0.75,0.4,30,1
0.3,-0.35,0.75,0.4,330,0
0.3,-0.35,0.75,0.4,60,1
0.3,-0.35,0.75,0.4,300,0
0.3,-0.35,0.75,0.4,150,0
0.3,-0.35,0.75,0.4,210,1
0.3,-0.35,0.75,0.4,120,1
0.3,-0.35,0.75,0.4,240,1
0.3,-0.35,0.75,0.5,0,1
0.3,-0.35,0.75,0.5,180,0
0.3,-0.35,0.75,0.5,90,0
0.3,-0.35,0.75,0.5,270,0
0.3,-0.35,0.75,0.5,30,1
0.3,-0.35,0.75,0.5,330,0
0.3,-0.35,0.75,0.5,60,1
0.3,-0.35,0.75,0.5,300,1
0.3,-0.35,0.75,0.5,150,0
0.3,-0.35,0.75,0.5,210,0
0.3,-0.35,0.75,0.5,120,0
0.3,-0.35,0.75,0.5,240,1
0.3,-0.35,0.75,0.6,0,1
0.3,-0.35,0.75,0.6,180,0
0.3,-0.35,0.75,0.6,90,0
0.3,-0.35,0.75,0.6,270,0
0.3,-0.35,0.75,0.6,30,1
0.3,-0.35,0.75,0.6,330,0
0.3,-0.35,0.75,0.6,60,1
0.3,-0.35,0.75,0.6,300,1
0.3,-0.35,0.75,0.6,150,0
0.3,-0.35,0.75,0.6,210,0
0.3,-0.35,0.75,0.6,120,0
0.3,-0.35,0.75,0.6,240,1
0.3,-0.35,0.8,0.4,0,0
0.3,-0.35,0.8,0.4,180,0
0.3,-0.35,0.8,0.4,90,0
0.3,-0.35,0.8,0.4,270,1
0.3,-0.35,0.8,0.4,30,1
0.3,-0.35,0.8,0.4,330,0
0.3,-0.35,0.8,0.4,60,1
0.3,-0.35,0.8,0.4,300,0
0.3,-0.35,0.8,0.4,150,0
0.3,-0.35,0.8,0.4,210,1
0.3,-0.35,0.8,0.4,120,0
0.3,-0.35,0.8,0.4,240,1
0.3,-0.35,0.8,0.5,0,1
0.3,-0.35,0.8,0.5,180,0
0.3,-0.35,0.8,0.5,90,0
0.3,-0.35,0.8,0.5,270,1
0.3,-0.35,0.8,0.5,30,1
0.3,-0.35,0.8,0.5,330,0
0.3,-0.35,0.8,0.5,60,1
0.3,-0.35,0.8,0.5,300,1
0.3,-0.35,0.8,0.5,150,0
0.3,-0.35,0.8,0.5,210,0
0.3,-0.35,0.8,0.5,120,0
0.3,-0.35,0.8,0.5,240,1
0.3,-0.35,0.8,0.6,0,0
0.3,-0.35,0.8,0.6,180,0
0.3,-0.35,0.8,0.6,90,0
0.3,-0.35,0.8,0.6,270,1
0.3,-0.35,0.8,0.6,30,1
0.3,-0.35,0.8,0.6,330,1
0.3,-0.35,0.8,0.6,60,1
0.3,-0.35,0.8,0.6,300,1
0.3,-0.35,0.8,0.6,150,0
0.3,-0.35,0.8,0.6,210,0
0.3,-0.35,0.8,0.6,120,0
0.3,-0.35,0.8,0.6,240,1
0.3,-0.35,0.85,0.4,0,1
0.3,-0.35,0.85,0.4,180,0
0.3,-0.35,0.85,0.4,90,0
0.3,-0.35,0.85,0.4,270,1
0.3,-0.35,0.85,0.4,30,1
0.3,-0.35,0.85,0.4,330,0
0.3,-0.35,0.85,0.4,60,1
0.3,-0.35,0.85,0.4,300,0
0.3,-0.35,0.85,0.4,150,0
0.3,-0.35,0.85,0.4,210,1
0.3,-0.35,0.85,0.4,120,1
0.3,-0.35,0.85,0.4,240,1
0.3,-0.35,0.85,0.5,0,1
0.3,-0.35,0.85,0.5,180,0
0.3,-0.35,0.85,0.5,90,0
0.3,-0.35,0.85,0.5,270,0
0.3,-0.35,0.85,0.5,30,1
0.3,-0.35,0.85,0.5,330,0
0.3,-0.35,0.85,0.5,60,1
0.3,-0.35,0.85,0.5,300,0
0.3,-0.35,0.85,0.5,150,0
0.3,-0.35,0.85,0.5,210,0
0.3,-0.35,0.85,0.5,120,0
0.3,-0.35,0.85,0.5,240,1
0.3,-0.35,0.85,0.6,0,1
0.3,-0.35,0.85,0.6,180,0
0.3,-0.35,0.85,0.6,90,0
0.3,-0.35,0.85,0.6,270,1
0.3,-0.35,0.85,0.6,30,1
0.3,-0.35,0.85,0.6,330,1
0.3,-0.35,0.85,0.6,60,1
0.3,-0.35,0.85,0.6,300,1
0.3,-0.35,0.85,0.6,150,0
0.3,-0.35,0.85,0.6,210,0
0.3,-0.35,0.85,0.6,120,0
0.3,-0.35,0.85,0.6,240,1
0.3,-0.35,0.9,0.4,0,1
0.3,-0.35,0.9,0.4,180,0
0.3,-0.35,0.9,0.4,90,0
0.3,-0.35,0.9,0.4,270,0
0.3,-0.35,0.9,0.4,30,1
0.3,-0.35,0.9,0.4,330,0
0.3,-0.35,0.9,0.4,60,1
0.3,-0.35,0.9,0.4,300,1
0.3,-0.35,0.9,0.4,150,0
0.3,-0.35,0.9,0.4,210,1
0.3,-0.35,0.9,0.4,120,1
0.3,-0.35,0.9,0.4,240,1
0.3,-0.35,0.9,0.5,0,1
0.3,-0.35,0.9,0.5,180,0
0.3,-0.35,0.9,0.5,90,0
0.3,-0.35,0.9,0.5,270,0
0.3,-0.35,0.9,0.5,30,1
0.3,-0.35,0.9,0.5,330,0
0.3,-0.35,0.9,0.5,60,1
0.3,-0.35,0.9,0.5,300,1
0.3,-0.35,0.9,0.5,150,0
0.3,-0.35,0.9,0.5,210,0
0.3,-0.35,0.9,0.5,120,0
0.3,-0.35,0.9,0.5,240,1
0.3,-0.35,0.9,0.6,0,1
0.3,-0.35,0.9,0.6,180,0
0.3,-0.35,0.9,0.6,90,0
0.3,-0.35,0.9,0.6,270,1
0.3,-0.35,0.9,0.6,30,1
0.3,-0.35,0.9,0.6,330,1
0.3,-0.35,0.9,0.6,60,1
0.3,-0.35,0.9,0.6,300,1
0.3,-0.35,0.9,0.6,150,0
0.3,-0.35,0.9,0.6,210,0
0.3,-0.35,0.9,0.6,120,0
0.3,-0.35,0.9,0.6,240,1
0.3,-0.35,0.95,0.4,0,1
0.3,-0.35,0.95,0.4,180,0
0.3,-0.35,0.95,0.4,90,0
0.3,-0.35,0.95,0.4,270,1
0.3,-0.35,0.95,0.4,30,1
0.3,-0.35,0.95,0.4,330,0
0.3,-0.35,0.95,0.4,60,1
0.3,-0.35,0.95,0.4,300,1
0.3,-0.35,0.95,0.4,150,0
0.3,-0.35,0.95,0.4,210,1
0.3,-0.35,0.95,0.4,120,1
0.3,-0.35,0.95,0.4,240,0
0.3,-0.35,0.95,0.5,0,1
0.3,-0.35,0.95,0.5,180,0
0.3,-0.35,0.95,0.5,90,0
0.3,-0.35,0.95,0.5,270,0
0.3,-0.35,0.95,0.5,30,1
0.3,-0.35,0.95,0.5,330,0
0.3,-0.35,0.95,0.5,60,1
0.3,-0.35,0.95,0.5,300,1
0.3,-0.35,0.95,0.5,150,0
0.3,-0.35,0.95,0.5,210,0
0.3,-0.35,0.95,0.5,120,0
0.3,-0.35,0.95,0.5,240,1
0.3,-0.35,0.95,0.6,0,1
0.3,-0.35,0.95,0.6,180,0
0.3,-0.35,0.95,0.6,90,0
0.3,-0.35,0.95,0.6,270,0
0.3,-0.35,0.95,0.6,30,1
0.3,-0.35,0.95,0.6,330,1
0.3,-0.35,0.95,0.6,60,1
0.3,-0.35,0.95,0.6,300,1
0.3,-0.35,0.95,0.6,150,0
0.3,-0.35,0.95,0.6,210,0
0.3,-0.35,0.95,0.6,120,0
0.3,-0.35,0.95,0.6,240,1
0.3,-0.35,1.0,0.4,0,1
0.3,-0.35,1.0,0.4,180,0
0.3,-0.35,1.0,0.4,90,0
0.3,-0.35,1.0,0.4,270,1
0.3,-0.35,1.0,0.4,30,1
0.3,-0.35,1.0,0.4,330,0
0.3,-0.35,1.0,0.4,60,1
0.3,-0.35,1.0,0.4,300,1
0.3,-0.35,1.0,0.4,150,0
0.3,-0.35,1.0,0.4,210,0
0.3,-0.35,1.0,0.4,120,1
0.3,-0.35,1.0,0.4,240,1
0.3,-0.35,1.0,0.5,0,1
0.3,-0.35,1.0,0.5,180,0
0.3,-0.35,1.0,0.5,90,0
0.3,-0.35,1.0,0.5,270,0
0.3,-0.35,1.0,0.5,30,1
0.3,-0.35,1.0,0.5,330,0
0.3,-0.35,1.0,0.5,60,1
0.3,-0.35,1.0,0.5,300,0
0.3,-0.35,1.0,0.5,150,0
0.3,-0.35,1.0,0.5,210,0
0.3,-0.35,1.0,0.5,120,0
0.3,-0.35,1.0,0.5,240,1
0.3,-0.35,1.0,0.6,0,1
0.3,-0.35,1.0,0.6,180,0
0.3,-0.35,1.0,0.6,90,0
0.3,-0.35,1.0,0.6,270,1
0.3,-0.35,1.0,0.6,30,1
0.3,-0.35,1.0,0.6,330,1
0.3,-0.35,1.0,0.6,60,1
0.3,-0.35,1.0,0.6,300,0
0.3,-0.35,1.0,0.6,150,0
0.3,-0.35,1.0,0.6,210,0
0.3,-0.35,1.0,0.6,120,0
0.3,-0.35,1.0,0.6,240,1
0.3,-0.3,0.65,0.4,0,1
0.3,-0.3,0.65,0.4,180,0
0.3,-0.3,0.65,0.4,90,1
0.3,-0.3,0.65,0.4,270,1
0.3,-0.3,0.65,0.4,30,1
0.3,-0.3,0.65,0.4,330,0
0.3,-0.3,0.65,0.4,60,1
0.3,-0.3,0.65,0.4,300,1
0.3,-0.3,0.65,0.4,150,1
0.3,-0.3,0.65,0.4,210,1
0.3,-0.3,0.65,0.4,120,1
0.3,-0.3,0.65,0.4,240,1
0.3,-0.3,0.65,0.5,0,1
0.3,-0.3,0.65,0.5,180,0
0.3,-0.3,0.65,0.5,90,0
0.3,-0.3,0.65,0.5,270,0
0.3,-0.3,0.65,0.5,30,1
0.3,-0.3,0.65,0.5,330,0
0.3,-0.3,0.65,0.5,60,1
0.3,-0.3,0.65,0.5,300,0
0.3,-0.3,0.65,0.5,150,0
0.3,-0.3,0.65,0.5,210,1
0.3,-0.3,0.65,0.5,120,0
0.3,-0.3,0.65,0.5,240,1
0.3,-0.3,0.65,0.6,0,1
0.3,-0.3,0.65,0.6,180,0
0.3,-0.3,0.65,0.6,90,0
0.3,-0.3,0.65,0.6,270,1
0.3,-0.3,0.65,0.6,30,1
0.3,-0.3,0.65,0.6,330,0
0.3,-0.3,0.65,0.6,60,1
0.3,-0.3,0.65,0.6,300,1
0.3,-0.3,0.65,0.6,150,0
0.3,-0.3,0.65,0.6,210,0
0.3,-0.3,0.65,0.6,120,0
0.3,-0.3,0.65,0.6,240,1
0.3,-0.3,0.7,0.4,0,1
0.3,-0.3,0.7,0.4,180,0
0.3,-0.3,0.7,0.4,90,1
0.3,-0.3,0.7,0.4,270,0
0.3,-0.3,0.7,0.4,30,1
0.3,-0.3,0.7,0.4,330,0
0.3,-0.3,0.7,0.4,60,1
0.3,-0.3,0.7,0.4,300,1
0.3,-0.3,0.7,0.4,150,1
0.3,-0.3,0.7,0.4,210,1
0.3,-0.3,0.7,0.4,120,1
0.3,-0.3,0.7,0.4,240,1
0.3,-0.3,0.7,0.5,0,1
0.3,-0.3,0.7,0.5,180,0
0.3,-0.3,0.7,0.5,90,0
0.3,-0.3,0.7,0.5,270,1
0.3,-0.3,0.7,0.5,30,1
0.3,-0.3,0.7,0.5,330,0
0.3,-0.3,0.7,0.5,60,1
0.3,-0.3,0.7,0.5,300,0
0.3,-0.3,0.7,0.5,150,0
0.3,-0.3,0.7,0.5,210,1
0.3,-0.3,0.7,0.5,120,0
0.3,-0.3,0.7,0.5,240,1
0.3,-0.3,0.7,0.6,0,1
0.3,-0.3,0.7,0.6,180,0
0.3,-0.3,0.7,0.6,90,0
0.3,-0.3,0.7,0.6,270,1
0.3,-0.3,0.7,0.6,30,1
0.3,-0.3,0.7,0.6,330,1
0.3,-0.3,0.7,0.6,60,1
0.3,-0.3,0.7,0.6,300,1
0.3,-0.3,0.7,0.6,150,0
0.3,-0.3,0.7,0.6,210,0
0.3,-0.3,0.7,0.6,120,0
0.3,-0.3,0.7,0.6,240,1
0.3,-0.3,0.75,0.4,0,1
0.3,-0.3,0.75,0.4,180,1
0.3,-0.3,0.75,0.4,90,1
0.3,-0.3,0.75,0.4,270,1
0.3,-0.3,0.75,0.4,30,1
0.3,-0.3,0.75,0.4,330,0
0.3,-0.3,0.75,0.4,60,1
0.3,-0.3,0.75,0.4,300,1
0.3,-0.3,0.75,0.4,150,1
0.3,-0.3,0.75,0.4,210,1
0.3,-0.3,0.75,0.4,120,1
0.3,-0.3,0.75,0.4,240,1
0.3,-0.3,0.75,0.5,0,1
0.3,-0.3,0.75,0.5,180,0
0.3,-0.3,0.75,0.5,90,0
0.3,-0.3,0.75,0.5,270,0
0.3,-0.3,0.75,0.5,30,1
0.3,-0.3,0.75,0.5,330,0
0.3,-0.3,0.75,0.5,60,1
0.3,-0.3,0.75,0.5,300,1
0.3,-0.3,0.75,0.5,150,0
0.3,-0.3,0.75,0.5,210,1
0.3,-0.3,0.75,0.5,120,0
0.3,-0.3,0.75,0.5,240,1
0.3,-0.3,0.75,0.6,0,1
0.3,-0.3,0.75,0.6,180,0
0.3,-0.3,0.75,0.6,90,0
0.3,-0.3,0.75,0.6,270,0
0.3,-0.3,0.75,0.6,30,1
0.3,-0.3,0.75,0.6,330,1
0.3,-0.3,0.75,0.6,60,1
0.3,-0.3,0.75,0.6,300,0
0.3,-0.3,0.75,0.6,150,0
0.3,-0.3,0.75,0.6,210,0
0.3,-0.3,0.75,0.6,120,0
0.3,-0.3,0.75,0.6,240,1
0.3,-0.3,0.8,0.4,0,0
0.3,-0.3,0.8,0.4,180,0
0.3,-0.3,0.8,0.4,90,1
0.3,-0.3,0.8,0.4,270,0
0.3,-0.3,0.8,0.4,30,1
0.3,-0.3,0.8,0.4,330,0
0.3,-0.3,0.8,0.4,60,1
0.3,-0.3,0.8,0.4,300,1
0.3,-0.3,0.8,0.4,150,1
0.3,-0.3,0.8,0.4,210,1
0.3,-0.3,0.8,0.4,120,1
0.3,-0.3,0.8,0.4,240,1
0.3,-0.3,0.8,0.5,0,1
0.3,-0.3,0.8,0.5,180,0
0.3,-0.3,0.8,0.5,90,0
0.3,-0.3,0.8,0.5,270,1
0.3,-0.3,0.8,0.5,30,1
0.3,-0.3,0.8,0.5,330,0
0.3,-0.3,0.8,0.5,60,1
0.3,-0.3,0.8,0.5,300,0
0.3,-0.3,0.8,0.5,150,0
0.3,-0.3,0.8,0.5,210,1
0.3,-0.3,0.8,0.5,120,0
0.3,-0.3,0.8,0.5,240,1
0.3,-0.3,0.8,0.6,0,1
0.3,-0.3,0.8,0.6,180,0
0.3,-0.3,0.8,0.6,90,0
0.3,-0.3,0.8,0.6,270,1
0.3,-0.3,0.8,0.6,30,1
0.3,-0.3,0.8,0.6,330,0
0.3,-0.3,0.8,0.6,60,1
0.3,-0.3,0.8,0.6,300,0
0.3,-0.3,0.8,0.6,150,0
0.3,-0.3,0.8,0.6,210,0
0.3,-0.3,0.8,0.6,120,0
0.3,-0.3,0.8,0.6,240,1
0.3,-0.3,0.85,0.4,0,1
0.3,-0.3,0.85,0.4,180,0
0.3,-0.3,0.85,0.4,90,1
0.3,-0.3,0.85,0.4,270,0
0.3,-0.3,0.85,0.4,30,1
0.3,-0.3,0.85,0.4,330,0
0.3,-0.3,0.85,0.4,60,1
0.3,-0.3,0.85,0.4,300,1
0.3,-0.3,0.85,0.4,150,1
0.3,-0.3,0.85,0.4,210,1
0.3,-0.3,0.85,0.4,120,1
0.3,-0.3,0.85,0.4,240,1
0.3,-0.3,0.85,0.5,0,1
0.3,-0.3,0.85,0.5,180,0
0.3,-0.3,0.85,0.5,90,0
0.3,-0.3,0.85,0.5,270,1
0.3,-0.3,0.85,0.5,30,1
0.3,-0.3,0.85,0.5,330,0
0.3,-0.3,0.85,0.5,60,1
0.3,-0.3,0.85,0.5,300,1
0.3,-0.3,0.85,0.5,150,0
0.3,-0.3,0.85,0.5,210,1
0.3,-0.3,0.85,0.5,120,0
0.3,-0.3,0.85,0.5,240,1
0.3,-0.3,0.85,0.6,0,1
0.3,-0.3,0.85,0.6,180,0
0.3,-0.3,0.85,0.6,90,0
0.3,-0.3,0.85,0.6,270,0
0.3,-0.3,0.85,0.6,30,1
0.3,-0.3,0.85,0.6,330,1
0.3,-0.3,0.85,0.6,60,1
0.3,-0.3,0.85,0.6,300,1
0.3,-0.3,0.85,0.6,150,0
0.3,-0.3,0.85,0.6,210,0
0.3,-0.3,0.85,0.6,120,0
0.3,-0.3,0.85,0.6,240,1
0.3,-0.3,0.9,0.4,0,1
0.3,-0.3,0.9,0.4,180,0
0.3,-0.3,0.9,0.4,90,0
0.3,-0.3,0.9,0.4,270,0
0.3,-0.3,0.9,0.4,30,1
0.3,-0.3,0.9,0.4,330,0
0.3,-0.3,0.9,0.4,60,1
0.3,-0.3,0.9,0.4,300,1
0.3,-0.3,0.9,0.4,150,0
0.3,-0.3,0.9,0.4,210,1
0.3,-0.3,0.9,0.4,120,1
0.3,-0.3,0.9,0.4,240,1
0.3,-0.3,0.9,0.5,0,1
0.3,-0.3,0.9,0.5,180,0
0.3,-0.3,0.9,0.5,90,0
0.3,-0.3,0.9,0.5,270,0
0.3,-0.3,0.9,0.5,30,1
0.3,-0.3,0.9,0.5,330,0
0.3,-0.3,0.9,0.5,60,1
0.3,-0.3,0.9,0.5,300,0
0.3,-0.3,0.9,0.5,150,0
0.3,-0.3,0.9,0.5,210,1
0.3,-0.3,0.9,0.5,120,0
0.3,-0.3,0.9,0.5,240,1
0.3,-0.3,0.9,0.6,0,1
0.3,-0.3,0.9,0.6,180,0
0.3,-0.3,0.9,0.6,90,0
0.3,-0.3,0.9,0.6,270,1
0.3,-0.3,0.9,0.6,30,1
0.3,-0.3,0.9,0.6,330,1
0.3,-0.3,0.9,0.6,60,1
0.3,-0.3,0.9,0.6,300,1
0.3,-0.3,0.9,0.6,150,0
0.3,-0.3,0.9,0.6,210,0
0.3,-0.3,0.9,0.6,120,0
0.3,-0.3,0.9,0.6,240,1
0.3,-0.3,0.95,0.4,0,1
0.3,-0.3,0.95,0.4,180,0
0.3,-0.3,0.95,0.4,90,0
0.3,-0.3,0.95,0.4,270,1
0.3,-0.3,0.95,0.4,30,1
0.3,-0.3,0.95,0.4,330,0
0.3,-0.3,0.95,0.4,60,1
0.3,-0.3,0.95,0.4,300,1
0.3,-0.3,0.95,0.4,150,1
0.3,-0.3,0.95,0.4,210,1
0.3,-0.3,0.95,0.4,120,1
0.3,-0.3,0.95,0.4,240,1
0.3,-0.3,0.95,0.5,0,1
0.3,-0.3,0.95,0.5,180,0
0.3,-0.3,0.95,0.5,90,0
0.3,-0.3,0.95,0.5,270,1
0.3,-0.3,0.95,0.5,30,1
0.3,-0.3,0.95,0.5,330,0
0.3,-0.3,0.95,0.5,60,1
0.3,-0.3,0.95,0.5,300,0
0.3,-0.3,0.95,0.5,150,0
0.3,-0.3,0.95,0.5,210,0
0.3,-0.3,0.95,0.5,120,0
0.3,-0.3,0.95,0.5,240,1
0.3,-0.3,0.95,0.6,0,1
0.3,-0.3,0.95,0.6,180,0
0.3,-0.3,0.95,0.6,90,0
0.3,-0.3,0.95,0.6,270,1
0.3,-0.3,0.95,0.6,30,1
0.3,-0.3,0.95,0.6,330,1
0.3,-0.3,0.95,0.6,60,1
0.3,-0.3,0.95,0.6,300,1
0.3,-0.3,0.95,0.6,150,0
0.3,-0.3,0.95,0.6,210,0
0.3,-0.3,0.95,0.6,120,0
0.3,-0.3,0.95,0.6,240,1
0.3,-0.3,1.0,0.4,0,1
0.3,-0.3,1.0,0.4,180,0
0.3,-0.3,1.0,0.4,90,0
0.3,-0.3,1.0,0.4,270,1
0.3,-0.3,1.0,0.4,30,1
0.3,-0.3,1.0,0.4,330,0
0.3,-0.3,1.0,0.4,60,1
0.3,-0.3,1.0,0.4,300,0
0.3,-0.3,1.0,0.4,150,0
0.3,-0.3,1.0,0.4,210,0
0.3,-0.3,1.0,0.4,120,1
0.3,-0.3,1.0,0.4,240,1
0.3,-0.3,1.0,0.5,0,1
0.3,-0.3,1.0,0.5,180,0
0.3,-0.3,1.0,0.5,90,0
0.3,-0.3,1.0,0.5,270,1
0.3,-0.3,1.0,0.5,30,1
0.3,-0.3,1.0,0.5,330,0
0.3,-0.3,1.0,0.5,60,1
0.3,-0.3,1.0,0.5,300,1
0.3,-0.3,1.0,0.5,150,0
0.3,-0.3,1.0,0.5,210,0
0.3,-0.3,1.0,0.5,120,0
0.3,-0.3,1.0,0.5,240,1
0.3,-0.3,1.0,0.6,0,1
0.3,-0.3,1.0,0.6,180,0
0.3,-0.3,1.0,0.6,90,0
0.3,-0.3,1.0,0.6,270,0
0.3,-0.3,1.0,0.6,30,1
0.3,-0.3,1.0,0.6,330,0
0.3,-0.3,1.0,0.6,60,1
0.3,-0.3,1.0,0.6,300,1
0.3,-0.3,1.0,0.6,150,0
0.3,-0.3,1.0,0.6,210,0
0.3,-0.3,1.0,0.6,120,0
0.3,-0.3,1.0,0.6,240,1
0.3,-0.25,0.65,0.4,0,1
0.3,-0.25,0.65,0.4,180,1
0.3,-0.25,0.65,0.4,90,0
0.3,-0.25,0.65,0.4,270,0
0.3,-0.25,0.65,0.4,30,1
0.3,-0.25,0.65,0.4,330,0
0.3,-0.25,0.65,0.4,60,1
0.3,-0.25,0.65,0.4,300,1
0.3,-0.25,0.65,0.4,150,1
0.3,-0.25,0.65,0.4,210,1
0.3,-0.25,0.65,0.4,120,1
0.3,-0.25,0.65,0.4,240,1
0.3,-0.25,0.65,0.5,0,1
0.3,-0.25,0.65,0.5,180,0
0.3,-0.25,0.65,0.5,90,0
0.3,-0.25,0.65,0.5,270,0
0.3,-0.25,0.65,0.5,30,1
0.3,-0.25,0.65,0.5,330,0
0.3,-0.25,0.65,0.5,60,1
0.3,-0.25,0.65,0.5,300,1
0.3,-0.25,0.65,0.5,150,0
0.3,-0.25,0.65,0.5,210,1
0.3,-0.25,0.65,0.5,120,1
0.3,-0.25,0.65,0.5,240,1
0.3,-0.25,0.65,0.6,0,1
0.3,-0.25,0.65,0.6,180,0
0.3,-0.25,0.65,0.6,90,0
0.3,-0.25,0.65,0.6,270,0
0.3,-0.25,0.65,0.6,30,1
0.3,-0.25,0.65,0.6,330,0
0.3,-0.25,0.65,0.6,60,1
0.3,-0.25,0.65,0.6,300,1
0.3,-0.25,0.65,0.6,150,0
0.3,-0.25,0.65,0.6,210,0
0.3,-0.25,0.65,0.6,120,0
0.3,-0.25,0.65,0.6,240,1
0.3,-0.25,0.7,0.4,0,0
0.3,-0.25,0.7,0.4,180,0
0.3,-0.25,0.7,0.4,90,1
0.3,-0.25,0.7,0.4,270,1
0.3,-0.25,0.7,0.4,30,1
0.3,-0.25,0.7,0.4,330,0
0.3,-0.25,0.7,0.4,60,1
0.3,-0.25,0.7,0.4,300,1
0.3,-0.25,0.7,0.4,150,1
0.3,-0.25,0.7,0.4,210,1
0.3,-0.25,0.7,0.4,120,1
0.3,-0.25,0.7,0.4,240,1
0.3,-0.25,0.7,0.5,0,1
0.3,-0.25,0.7,0.5,180,0
0.3,-0.25,0.7,0.5,90,0
0.3,-0.25,0.7,0.5,270,0
0.3,-0.25,0.7,0.5,30,1
0.3,-0.25,0.7,0.5,330,0
0.3,-0.25,0.7,0.5,60,1
0.3,-0.25,0.7,0.5,300,1
0.3,-0.25,0.7,0.5,150,0
0.3,-0.25,0.7,0.5,210,1
0.3,-0.25,0.7,0.5,120,1
0.3,-0.25,0.7,0.5,240,0
0.3,-0.25,0.7,0.6,0,1
0.3,-0.25,0.7,0.6,180,0
0.3,-0.25,0.7,0.6,90,0
0.3,-0.25,0.7,0.6,270,1
0.3,-0.25,0.7,0.6,30,1
0.3,-0.25,0.7,0.6,330,1
0.3,-0.25,0.7,0.6,60,1
0.3,-0.25,0.7,0.6,300,1
0.3,-0.25,0.7,0.6,150,0
0.3,-0.25,0.7,0.6,210,1
0.3,-0.25,0.7,0.6,120,0
0.3,-0.25,0.7,0.6,240,1
0.3,-0.25,0.75,0.4,0,0
0.3,-0.25,0.75,0.4,180,1
0.3,-0.25,0.75,0.4,90,0
0.3,-0.25,0.75,0.4,270,0
0.3,-0.25,0.75,0.4,30,1
0.3,-0.25,0.75,0.4,330,0
0.3,-0.25,0.75,0.4,60,1
0.3,-0.25,0.75,0.4,300,1
0.3,-0.25,0.75,0.4,150,1
0.3,-0.25,0.75,0.4,210,1
0.3,-0.25,0.75,0.4,120,1
0.3,-0.25,0.75,0.4,240,1
0.3,-0.25,0.75,0.5,0,1
0.3,-0.25,0.75,0.5,180,0
0.3,-0.25,0.75,0.5,90,0
0.3,-0.25,0.75,0.5,270,1
0.3,-0.25,0.75,0.5,30,1
0.3,-0.25,0.75,0.5,330,1
0.3,-0.25,0.75,0.5,60,1
0.3,-0.25,0.75,0.5,300,1
0.3,-0.25,0.75,0.5,150,0
0.3,-0.25,0.75,0.5,210,1
0.3,-0.25,0.75,0.5,120,1
0.3,-0.25,0.75,0.5,240,1
0.3,-0.25,0.75,0.6,0,1
0.3,-0.25,0.75,0.6,180,0
0.3,-0.25,0.75,0.6,90,0
0.3,-0.25,0.75,0.6,270,1
0.3,-0.25,0.75,0.6,30,1
0.3,-0.25,0.75,0.6,330,0
0.3,-0.25,0.75,0.6,60,1
0.3,-0.25,0.75,0.6,300,1
0.3,-0.25,0.75,0.6,150,0
0.3,-0.25,0.75,0.6,210,1
0.3,-0.25,0.75,0.6,120,0
0.3,-0.25,0.75,0.6,240,1
0.3,-0.25,0.8,0.4,0,1
0.3,-0.25,0.8,0.4,180,0
0.3,-0.25,0.8,0.4,90,0
0.3,-0.25,0.8,0.4,270,0
0.3,-0.25,0.8,0.4,30,1
0.3,-0.25,0.8,0.4,330,0
0.3,-0.25,0.8,0.4,60,1
0.3,-0.25,0.8,0.4,300,0
0.3,-0.25,0.8,0.4,150,1
0.3,-0.25,0.8,0.4,210,1
0.3,-0.25,0.8,0.4,120,1
0.3,-0.25,0.8,0.4,240,1
0.3,-0.25,0.8,0.5,0,1
0.3,-0.25,0.8,0.5,180,0
0.3,-0.25,0.8,0.5,90,0
0.3,-0.25,0.8,0.5,270,0
0.3,-0.25,0.8,0.5,30,1
0.3,-0.25,0.8,0.5,330,1
0.3,-0.25,0.8,0.5,60,1
0.3,-0.25,0.8,0.5,300,0
0.3,-0.25,0.8,0.5,150,0
0.3,-0.25,0.8,0.5,210,1
0.3,-0.25,0.8,0.5,120,1
0.3,-0.25,0.8,0.5,240,0
0.3,-0.25,0.8,0.6,0,1
0.3,-0.25,0.8,0.6,180,0
0.3,-0.25,0.8,0.6,90,0
0.3,-0.25,0.8,0.6,270,0
0.3,-0.25,0.8,0.6,30,1
0.3,-0.25,0.8,0.6,330,0
0.3,-0.25,0.8,0.6,60,1
0.3,-0.25,0.8,0.6,300,0
0.3,-0.25,0.8,0.6,150,0
0.3,-0.25,0.8,0.6,210,0
0.3,-0.25,0.8,0.6,120,0
0.3,-0.25,0.8,0.6,240,1
0.3,-0.25,0.85,0.4,0,1
0.3,-0.25,0.85,0.4,180,1
0.3,-0.25,0.85,0.4,90,0
0.3,-0.25,0.85,0.4,270,0
0.3,-0.25,0.85,0.4,30,1
0.3,-0.25,0.85,0.4,330,0
0.3,-0.25,0.85,0.4,60,1
0.3,-0.25,0.85,0.4,300,1
0.3,-0.25,0.85,0.4,150,1
0.3,-0.25,0.85,0.4,210,1
0.3,-0.25,0.85,0.4,120,1
0.3,-0.25,0.85,0.4,240,1
0.3,-0.25,0.85,0.5,0,1
0.3,-0.25,0.85,0.5,180,0
0.3,-0.25,0.85,0.5,90,0
0.3,-0.25,0.85,0.5,270,1
0.3,-0.25,0.85,0.5,30,1
0.3,-0.25,0.85,0.5,330,0
0.3,-0.25,0.85,0.5,60,1
0.3,-0.25,0.85,0.5,300,1
0.3,-0.25,0.85,0.5,150,0
0.3,-0.25,0.85,0.5,210,1
0.3,-0.25,0.85,0.5,120,0
0.3,-0.25,0.85,0.5,240,1
0.3,-0.25,0.85,0.6,0,1
0.3,-0.25,0.85,0.6,180,0
0.3,-0.25,0.85,0.6,90,0
0.3,-0.25,0.85,0.6,270,0
0.3,-0.25,0.85,0.6,30,1
0.3,-0.25,0.85,0.6,330,0
0.3,-0.25,0.85,0.6,60,1
0.3,-0.25,0.85,0.6,300,1
0.3,-0.25,0.85,0.6,150,0
0.3,-0.25,0.85,0.6,210,0
0.3,-0.25,0.85,0.6,120,0
0.3,-0.25,0.85,0.6,240,1
0.3,-0.25,0.9,0.4,0,1
0.3,-0.25,0.9,0.4,180,1
0.3,-0.25,0.9,0.4,90,0
0.3,-0.25,0.9,0.4,270,1
0.3,-0.25,0.9,0.4,30,1
0.3,-0.25,0.9,0.4,330,0
0.3,-0.25,0.9,0.4,60,1
0.3,-0.25,0.9,0.4,300,1
0.3,-0.25,0.9,0.4,150,1
0.3,-0.25,0.9,0.4,210,1
0.3,-0.25,0.9,0.4,120,1
0.3,-0.25,0.9,0.4,240,0
0.3,-0.25,0.9,0.5,0,1
0.3,-0.25,0.9,0.5,180,0
0.3,-0.25,0.9,0.5,90,0
0.3,-0.25,0.9,0.5,270,1
0.3,-0.25,0.9,0.5,30,1
0.3,-0.25,0.9,0.5,330,0
0.3,-0.25,0.9,0.5,60,1
0.3,-0.25,0.9,0.5,300,0
0.3,-0.25,0.9,0.5,150,0
0.3,-0.25,0.9,0.5,210,1
0.3,-0.25,0.9,0.5,120,0
0.3,-0.25,0.9,0.5,240,1
0.3,-0.25,0.9,0.6,0,1
0.3,-0.25,0.9,0.6,180,0
0.3,-0.25,0.9,0.6,90,0
0.3,-0.25,0.9,0.6,270,1
0.3,-0.25,0.9,0.6,30,1
0.3,-0.25,0.9,0.6,330,1
0.3,-0.25,0.9,0.6,60,1
0.3,-0.25,0.9,0.6,300,1
0.3,-0.25,0.9,0.6,150,0
0.3,-0.25,0.9,0.6,210,0
0.3,-0.25,0.9,0.6,120,0
0.3,-0.25,0.9,0.6,240,1
0.3,-0.25,0.95,0.4,0,1
0.3,-0.25,0.95,0.4,180,0
0.3,-0.25,0.95,0.4,90,1
0.3,-0.25,0.95,0.4,270,1
0.3,-0.25,0.95,0.4,30,1
0.3,-0.25,0.95,0.4,330,0
0.3,-0.25,0.95,0.4,60,1
0.3,-0.25,0.95,0.4,300,1
0.3,-0.25,0.95,0.4,150,1
0.3,-0.25,0.95,0.4,210,0
0.3,-0.25,0.95,0.4,120,1
0.3,-0.25,0.95,0.4,240,1
0.3,-0.25,0.95,0.5,0,1
0.3,-0.25,0.95,0.5,180,0
0.3,-0.25,0.95,0.5,90,0
0.3,-0.25,0.95,0.5,270,1
0.3,-0.25,0.95,0.5,30,1
0.3,-0.25,0.95,0.5,330,1
0.3,-0.25,0.95,0.5,60,1
0.3,-0.25,0.95,0.5,300,0
0.3,-0.25,0.95,0.5,150,0
0.3,-0.25,0.95,0.5,210,1
0.3,-0.25,0.95,0.5,120,0
0.3,-0.25,0.95,0.5,240,1
0.3,-0.25,0.95,0.6,0,1
0.3,-0.25,0.95,0.6,180,0
0.3,-0.25,0.95,0.6,90,0
0.3,-0.25,0.95,0.6,270,1
0.3,-0.25,0.95,0.6,30,1
0.3,-0.25,0.95,0.6,330,1
0.3,-0.25,0.95,0.6,60,1
0.3,-0.25,0.95,0.6,300,0
0.3,-0.25,0.95,0.6,150,0
0.3,-0.25,0.95,0.6,210,0
0.3,-0.25,0.95,0.6,120,0
0.3,-0.25,0.95,0.6,240,1
0.3,-0.25,1.0,0.4,0,1
0.3,-0.25,1.0,0.4,180,1
0.3,-0.25,1.0,0.4,90,0
0.3,-0.25,1.0,0.4,270,1
0.3,-0.25,1.0,0.4,30,1
0.3,-0.25,1.0,0.4,330,0
0.3,-0.25,1.0,0.4,60,1
0.3,-0.25,1.0,0.4,300,1
0.3,-0.25,1.0,0.4,150,0
0.3,-0.25,1.0,0.4,210,0
0.3,-0.25,1.0,0.4,120,1
0.3,-0.25,1.0,0.4,240,0
0.3,-0.25,1.0,0.5,0,1
0.3,-0.25,1.0,0.5,180,0
0.3,-0.25,1.0,0.5,90,0
0.3,-0.25,1.0,0.5,270,1
0.3,-0.25,1.0,0.5,30,1
0.3,-0.25,1.0,0.5,330,0
0.3,-0.25,1.0,0.5,60,1
0.3,-0.25,1.0,0.5,300,0
0.3,-0.25,1.0,0.5,150,0
0.3,-0.25,1.0,0.5,210,1
0.3,-0.25,1.0,0.5,120,0
0.3,-0.25,1.0,0.5,240,1
0.3,-0.25,1.0,0.6,0,1
0.3,-0.25,1.0,0.6,180,0
0.3,-0.25,1.0,0.6,90,0
0.3,-0.25,1.0,0.6,270,1
0.3,-0.25,1.0,0.6,30,1
0.3,-0.25,1.0,0.6,330,0
0.3,-0.25,1.0,0.6,60,1
0.3,-0.25,1.0,0.6,300,0
0.3,-0.25,1.0,0.6,150,0
0.3,-0.25,1.0,0.6,210,0
0.3,-0.25,1.0,0.6,120,0
0.3,-0.25,1.0,0.6,240,1
0.3,-0.2,0.65,0.4,0,1
0.3,-0.2,0.65,0.4,180,1
0.3,-0.2,0.65,0.4,90,0
0.3,-0.2,0.65,0.4,270,1
0.3,-0.2,0.65,0.4,30,1
0.3,-0.2,0.65,0.4,330,0
0.3,-0.2,0.65,0.4,60,1
0.3,-0.2,0.65,0.4,300,0
0.3,-0.2,0.65,0.4,150,1
0.3,-0.2,0.65,0.4,210,1
0.3,-0.2,0.65,0.4,120,1
0.3,-0.2,0.65,0.4,240,1
0.3,-0.2,0.65,0.5,0,1
0.3,-0.2,0.65,0.5,180,1
0.3,-0.2,0.65,0.5,90,0
0.3,-0.2,0.65,0.5,270,1
0.3,-0.2,0.65,0.5,30,1
0.3,-0.2,0.65,0.5,330,1
0.3,-0.2,0.65,0.5,60,1
0.3,-0.2,0.65,0.5,300,0
0.3,-0.2,0.65,0.5,150,0
0.3,-0.2,0.65,0.5,210,1
0.3,-0.2,0.65,0.5,120,1
0.3,-0.2,0.65,0.5,240,1
0.3,-0.2,0.65,0.6,0,1
0.3,-0.2,0.65,0.6,180,0
0.3,-0.2,0.65,0.6,90,0
0.3,-0.2,0.65,0.6,270,0
0.3,-0.2,0.65,0.6,30,1
0.3,-0.2,0.65,0.6,330,1
0.3,-0.2,0.65,0.6,60,1
0.3,-0.2,0.65,0.6,300,0
0.3,-0.2,0.65,0.6,150,0
0.3,-0.2,0.65,0.6,210,0
0.3,-0.2,0.65,0.6,120,0
0.3,-0.2,0.65,0.6,240,0
0.3,-0.2,0.7,0.4,0,1
0.3,-0.2,0.7,0.4,180,0
0.3,-0.2,0.7,0.4,90,1
0.3,-0.2,0.7,0.4,270,0
0.3,-0.2,0.7,0.4,30,1
0.3,-0.2,0.7,0.4,330,0
0.3,-0.2,0.7,0.4,60,1
0.3,-0.2,0.7,0.4,300,0
0.3,-0.2,0.7,0.4,150,1
0.3,-0.2,0.7,0.4,210,1
0.3,-0.2,0.7,0.4,120,1
0.3,-0.2,0.7,0.4,240,1
0.3,-0.2,0.7,0.5,0,1
0.3,-0.2,0.7,0.5,180,0
0.3,-0.2,0.7,0.5,90,0
0.3,-0.2,0.7,0.5,270,0
0.3,-0.2,0.7,0.5,30,1
0.3,-0.2,0.7,0.5,330,1
0.3,-0.2,0.7,0.5,60,1
0.3,-0.2,0.7,0.5,300,1
0.3,-0.2,0.7,0.5,150,0
0.3,-0.2,0.7,0.5,210,1
0.3,-0.2,0.7,0.5,120,1
0.3,-0.2,0.7,0.5,240,0
0.3,-0.2,0.7,0.6,0,1
0.3,-0.2,0.7,0.6,180,0
0.3,-0.2,0.7,0.6,90,0
0.3,-0.2,0.7,0.6,270,1
0.3,-0.2,0.7,0.6,30,1
0.3,-0.2,0.7,0.6,330,0
0.3,-0.2,0.7,0.6,60,1
0.3,-0.2,0.7,0.6,300,0
0.3,-0.2,0.7,0.6,150,0
0.3,-0.2,0.7,0.6,210,1
0.3,-0.2,0.7,0.6,120,0
0.3,-0.2,0.7,0.6,240,1
0.3,-0.2,0.75,0.4,0,1
0.3,-0.2,0.75,0.4,180,1
0.3,-0.2,0.75,0.4,90,0
0.3,-0.2,0.75,0.4,270,1
0.3,-0.2,0.75,0.4,30,1
0.3,-0.2,0.75,0.4,330,0
0.3,-0.2,0.75,0.4,60,1
0.3,-0.2,0.75,0.4,300,0
0.3,-0.2,0.75,0.4,150,1
0.3,-0.2,0.75,0.4,210,1
0.3,-0.2,0.75,0.4,120,1
0.3,-0.2,0.75,0.4,240,1
0.3,-0.2,0.75,0.5,0,1
0.3,-0.2,0.75,0.5,180,0
0.3,-0.2,0.75,0.5,90,0
0.3,-0.2,0.75,0.5,270,0
0.3,-0.2,0.75,0.5,30,1
0.3,-0.2,0.75,0.5,330,0
0.3,-0.2,0.75,0.5,60,1
0.3,-0.2,0.75,0.5,300,1
0.3,-0.2,0.75,0.5,150,0
0.3,-0.2,0.75,0.5,210,1
0.3,-0.2,0.75,0.5,120,1
0.3,-0.2,0.75,0.5,240,1
0.3,-0.2,0.75,0.6,0,1
0.3,-0.2,0.75,0.6,180,0
0.3,-0.2,0.75,0.6,90,0
0.3,-0.2,0.75,0.6,270,0
0.3,-0.2,0.75,0.6,30,1
0.3,-0.2,0.75,0.6,330,0
0.3,-0.2,0.75,0.6,60,1
0.3,-0.2,0.75,0.6,300,1
0.3,-0.2,0.75,0.6,150,0
0.3,-0.2,0.75,0.6,210,1
0.3,-0.2,0.75,0.6,120,0
0.3,-0.2,0.75,0.6,240,0
0.3,-0.2,0.8,0.4,0,1
0.3,-0.2,0.8,0.4,180,1
0.3,-0.2,0.8,0.4,90,0
0.3,-0.2,0.8,0.4,270,1
0.3,-0.2,0.8,0.4,30,1
0.3,-0.2,0.8,0.4,330,0
0.3,-0.2,0.8,0.4,60,1
0.3,-0.2,0.8,0.4,300,0
0.3,-0.2,0.8,0.4,150,1
0.3,-0.2,0.8,0.4,210,1
0.3,-0.2,0.8,0.4,120,1
0.3,-0.2,0.8,0.4,240,1
0.3,-0.2,0.8,0.5,0,1
0.3,-0.2,0.8,0.5,180,0
0.3,-0.2,0.8,0.5,90,0
0.3,-0.2,0.8,0.5,270,0
0.3,-0.2,0.8,0.5,30,1
0.3,-0.2,0.8,0.5,330,0
0.3,-0.2,0.8,0.5,60,1
0.3,-0.2,0.8,0.5,300,1
0.3,-0.2,0.8,0.5,150,0
0.3,-0.2,0.8,0.5,210,1
0.3,-0.2,0.8,0.5,120,1
0.3,-0.2,0.8,0.5,240,0
0.3,-0.2,0.8,0.6,0,1
0.3,-0.2,0.8,0.6,180,0
0.3,-0.2,0.8,0.6,90,0
0.3,-0.2,0.8,0.6,270,1
0.3,-0.2,0.8,0.6,30,1
0.3,-0.2,0.8,0.6,330,0
0.3,-0.2,0.8,0.6,60,1
0.3,-0.2,0.8,0.6,300,0
0.3,-0.2,0.8,0.6,150,0
0.3,-0.2,0.8,0.6,210,1
0.3,-0.2,0.8,0.6,120,0
0.3,-0.2,0.8,0.6,240,0
0.3,-0.2,0.85,0.4,0,1
0.3,-0.2,0.85,0.4,180,0
0.3,-0.2,0.85,0.4,90,0
0.3,-0.2,0.85,0.4,270,0
0.3,-0.2,0.85,0.4,30,1
0.3,-0.2,0.85,0.4,330,0
0.3,-0.2,0.85,0.4,60,1
0.3,-0.2,0.85,0.4,300,0
0.3,-0.2,0.85,0.4,150,1
0.3,-0.2,0.85,0.4,210,1
0.3,-0.2,0.85,0.4,120,1
0.3,-0.2,0.85,0.4,240,1
0.3,-0.2,0.85,0.5,0,1
0.3,-0.2,0.85,0.5,180,0
0.3,-0.2,0.85,0.5,90,0
0.3,-0.2,0.85,0.5,270,1
0.3,-0.2,0.85,0.5,30,1
0.3,-0.2,0.85,0.5,330,0
0.3,-0.2,0.85,0.5,60,1
0.3,-0.2,0.85,0.5,300,0
0.3,-0.2,0.85,0.5,150,0
0.3,-0.2,0.85,0.5,210,1
0.3,-0.2,0.85,0.5,120,1
0.3,-0.2,0.85,0.5,240,1
0.3,-0.2,0.85,0.6,0,1
0.3,-0.2,0.85,0.6,180,0
0.3,-0.2,0.85,0.6,90,0
0.3,-0.2,0.85,0.6,270,1
0.3,-0.2,0.85,0.6,30,1
0.3,-0.2,0.85,0.6,330,1
0.3,-0.2,0.85,0.6,60,1
0.3,-0.2,0.85,0.6,300,0
0.3,-0.2,0.85,0.6,150,0
0.3,-0.2,0.85,0.6,210,1
0.3,-0.2,0.85,0.6,120,0
0.3,-0.2,0.85,0.6,240,1
0.3,-0.2,0.9,0.4,0,1
0.3,-0.2,0.9,0.4,180,0
0.3,-0.2,0.9,0.4,90,1
0.3,-0.2,0.9,0.4,270,1
0.3,-0.2,0.9,0.4,30,1
0.3,-0.2,0.9,0.4,330,0
0.3,-0.2,0.9,0.4,60,1
0.3,-0.2,0.9,0.4,300,0
0.3,-0.2,0.9,0.4,150,1
0.3,-0.2,0.9,0.4,210,1
0.3,-0.2,0.9,0.4,120,1
0.3,-0.2,0.9,0.4,240,0
0.3,-0.2,0.9,0.5,0,1
0.3,-0.2,0.9,0.5,180,1
0.3,-0.2,0.9,0.5,90,0
0.3,-0.2,0.9,0.5,270,1
0.3,-0.2,0.9,0.5,30,1
0.3,-0.2,0.9,0.5,330,0
0.3,-0.2,0.9,0.5,60,1
0.3,-0.2,0.9,0.5,300,0
0.3,-0.2,0.9,0.5,150,0
0.3,-0.2,0.9,0.5,210,1
0.3,-0.2,0.9,0.5,120,1
0.3,-0.2,0.9,0.5,240,1
0.3,-0.2,0.9,0.6,0,1
0.3,-0.2,0.9,0.6,180,0
0.3,-0.2,0.9,0.6,90,0
0.3,-0.2,0.9,0.6,270,1
0.3,-0.2,0.9,0.6,30,1
0.3,-0.2,0.9,0.6,330,0
0.3,-0.2,0.9,0.6,60,1
0.3,-0.2,0.9,0.6,300,0
0.3,-0.2,0.9,0.6,150,0
0.3,-0.2,0.9,0.6,210,1
0.3,-0.2,0.9,0.6,120,0
0.3,-0.2,0.9,0.6,240,1
0.3,-0.2,0.95,0.4,0,1
0.3,-0.2,0.95,0.4,180,0
0.3,-0.2,0.95,0.4,90,1
0.3,-0.2,0.95,0.4,270,1
0.3,-0.2,0.95,0.4,30,1
0.3,-0.2,0.95,0.4,330,0
0.3,-0.2,0.95,0.4,60,1
0.3,-0.2,0.95,0.4,300,0
0.3,-0.2,0.95,0.4,150,1
0.3,-0.2,0.95,0.4,210,1
0.3,-0.2,0.95,0.4,120,1
0.3,-0.2,0.95,0.4,240,0
0.3,-0.2,0.95,0.5,0,1
0.3,-0.2,0.95,0.5,180,0
0.3,-0.2,0.95,0.5,90,0
0.3,-0.2,0.95,0.5,270,0
0.3,-0.2,0.95,0.5,30,1
0.3,-0.2,0.95,0.5,330,1
0.3,-0.2,0.95,0.5,60,1
0.3,-0.2,0.95,0.5,300,0
0.3,-0.2,0.95,0.5,150,0
0.3,-0.2,0.95,0.5,210,1
0.3,-0.2,0.95,0.5,120,0
0.3,-0.2,0.95,0.5,240,1
0.3,-0.2,0.95,0.6,0,1
0.3,-0.2,0.95,0.6,180,0
0.3,-0.2,0.95,0.6,90,0
0.3,-0.2,0.95,0.6,270,0
0.3,-0.2,0.95,0.6,30,1
0.3,-0.2,0.95,0.6,330,0
0.3,-0.2,0.95,0.6,60,1
0.3,-0.2,0.95,0.6,300,0
0.3,-0.2,0.95,0.6,150,0
0.3,-0.2,0.95,0.6,210,1
0.3,-0.2,0.95,0.6,120,0
0.3,-0.2,0.95,0.6,240,1
0.3,-0.2,1.0,0.4,0,1
0.3,-0.2,1.0,0.4,180,1
0.3,-0.2,1.0,0.4,90,0
0.3,-0.2,1.0,0.4,270,0
0.3,-0.2,1.0,0.4,30,1
0.3,-0.2,1.0,0.4,330,0
0.3,-0.2,1.0,0.4,60,1
0.3,-0.2,1.0,0.4,300,0
0.3,-0.2,1.0,0.4,150,1
0.3,-0.2,1.0,0.4,210,1
0.3,-0.2,1.0,0.4,120,1
0.3,-0.2,1.0,0.4,240,1
0.3,-0.2,1.0,0.5,0,1
0.3,-0.2,1.0,0.5,180,0
0.3,-0.2,1.0,0.5,90,0
0.3,-0.2,1.0,0.5,270,1
0.3,-0.2,1.0,0.5,30,1
0.3,-0.2,1.0,0.5,330,1
0.3,-0.2,1.0,0.5,60,1
0.3,-0.2,1.0,0.5,300,0
0.3,-0.2,1.0,0.5,150,0
0.3,-0.2,1.0,0.5,210,1
0.3,-0.2,1.0,0.5,120,0
0.3,-0.2,1.0,0.5,240,1
0.3,-0.2,1.0,0.6,0,1
0.3,-0.2,1.0,0.6,180,0
0.3,-0.2,1.0,0.6,90,0
0.3,-0.2,1.0,0.6,270,0
0.3,-0.2,1.0,0.6,30,1
0.3,-0.2,1.0,0.6,330,1
0.3,-0.2,1.0,0.6,60,1
0.3,-0.2,1.0,0.6,300,1
0.3,-0.2,1.0,0.6,150,0
0.3,-0.2,1.0,0.6,210,0
0.3,-0.2,1.0,0.6,120,0
0.3,-0.2,1.0,0.6,240,1
0.3,-0.15,0.65,0.4,0,1
0.3,-0.15,0.65,0.4,180,1
0.3,-0.15,0.65,0.4,90,1
0.3,-0.15,0.65,0.4,270,1
0.3,-0.15,0.65,0.4,30,1
0.3,-0.15,0.65,0.4,330,1
0.3,-0.15,0.65,0.4,60,1
0.3,-0.15,0.65,0.4,300,0
0.3,-0.15,0.65,0.4,150,1
0.3,-0.15,0.65,0.4,210,1
0.3,-0.15,0.65,0.4,120,1
0.3,-0.15,0.65,0.4,240,1
0.3,-0.15,0.65,0.5,0,1
0.3,-0.15,0.65,0.5,180,1
0.3,-0.15,0.65,0.5,90,0
0.3,-0.15,0.65,0.5,270,1
0.3,-0.15,0.65,0.5,30,1
0.3,-0.15,0.65,0.5,330,1
0.3,-0.15,0.65,0.5,60,1
0.3,-0.15,0.65,0.5,300,1
0.3,-0.15,0.65,0.5,150,1
0.3,-0.15,0.65,0.5,210,1
0.3,-0.15,0.65,0.5,120,1
0.3,-0.15,0.65,0.5,240,1
0.3,-0.15,0.65,0.6,0,1
0.3,-0.15,0.65,0.6,180,0
0.3,-0.15,0.65,0.6,90,0
0.3,-0.15,0.65,0.6,270,1
0.3,-0.15,0.65,0.6,30,1
0.3,-0.15,0.65,0.6,330,1
0.3,-0.15,0.65,0.6,60,1
0.3,-0.15,0.65,0.6,300,1
0.3,-0.15,0.65,0.6,150,0
0.3,-0.15,0.65,0.6,210,1
0.3,-0.15,0.65,0.6,120,0
0.3,-0.15,0.65,0.6,240,1
0.3,-0.15,0.7,0.4,0,1
0.3,-0.15,0.7,0.4,180,1
0.3,-0.15,0.7,0.4,90,1
0.3,-0.15,0.7,0.4,270,0
0.3,-0.15,0.7,0.4,30,1
0.3,-0.15,0.7,0.4,330,0
0.3,-0.15,0.7,0.4,60,1
0.3,-0.15,0.7,0.4,300,0
0.3,-0.15,0.7,0.4,150,1
0.3,-0.15,0.7,0.4,210,1
0.3,-0.15,0.7,0.4,120,1
0.3,-0.15,0.7,0.4,240,1
0.3,-0.15,0.7,0.5,0,1
0.3,-0.15,0.7,0.5,180,1
0.3,-0.15,0.7,0.5,90,0
0.3,-0.15,0.7,0.5,270,0
0.3,-0.15,0.7,0.5,30,1
0.3,-0.15,0.7,0.5,330,1
0.3,-0.15,0.7,0.5,60,1
0.3,-0.15,0.7,0.5,300,0
0.3,-0.15,0.7,0.5,150,1
0.3,-0.15,0.7,0.5,210,1
0.3,-0.15,0.7,0.5,120,1
0.3,-0.15,0.7,0.5,240,1
0.3,-0.15,0.7,0.6,0,1
0.3,-0.15,0.7,0.6,180,0
0.3,-0.15,0.7,0.6,90,0
0.3,-0.15,0.7,0.6,270,1
0.3,-0.15,0.7,0.6,30,1
0.3,-0.15,0.7,0.6,330,1
0.3,-0.15,0.7,0.6,60,1
0.3,-0.15,0.7,0.6,300,0
0.3,-0.15,0.7,0.6,150,0
0.3,-0.15,0.7,0.6,210,1
0.3,-0.15,0.7,0.6,120,0
0.3,-0.15,0.7,0.6,240,1
0.3,-0.15,0.75,0.4,0,1
0.3,-0.15,0.75,0.4,180,0
0.3,-0.15,0.75,0.4,90,1
0.3,-0.15,0.75,0.4,270,1
0.3,-0.15,0.75,0.4,30,1
0.3,-0.15,0.75,0.4,330,1
0.3,-0.15,0.75,0.4,60,1
0.3,-0.15,0.75,0.4,300,0
0.3,-0.15,0.75,0.4,150,1
0.3,-0.15,0.75,0.4,210,1
0.3,-0.15,0.75,0.4,120,1
0.3,-0.15,0.75,0.4,240,1
0.3,-0.15,0.75,0.5,0,1
0.3,-0.15,0.75,0.5,180,0
0.3,-0.15,0.75,0.5,90,0
0.3,-0.15,0.75,0.5,270,0
0.3,-0.15,0.75,0.5,30,1
0.3,-0.15,0.75,0.5,330,1
0.3,-0.15,0.75,0.5,60,1
0.3,-0.15,0.75,0.5,300,0
0.3,-0.15,0.75,0.5,150,1
0.3,-0.15,0.75,0.5,210,1
0.3,-0.15,0.75,0.5,120,1
0.3,-0.15,0.75,0.5,240,1
0.3,-0.15,0.75,0.6,0,1
0.3,-0.15,0.75,0.6,180,0
0.3,-0.15,0.75,0.6,90,0
0.3,-0.15,0.75,0.6,270,0
0.3,-0.15,0.75,0.6,30,1
0.3,-0.15,0.75,0.6,330,1
0.3,-0.15,0.75,0.6,60,1
0.3,-0.15,0.75,0.6,300,1
0.3,-0.15,0.75,0.6,150,0
0.3,-0.15,0.75,0.6,210,1
0.3,-0.15,0.75,0.6,120,0
0.3,-0.15,0.75,0.6,240,1
0.3,-0.15,0.8,0.4,0,1
0.3,-0.15,0.8,0.4,180,0
0.3,-0.15,0.8,0.4,90,1
0.3,-0.15,0.8,0.4,270,1
0.3,-0.15,0.8,0.4,30,1
0.3,-0.15,0.8,0.4,330,0
0.3,-0.15,0.8,0.4,60,1
0.3,-0.15,0.8,0.4,300,0
0.3,-0.15,0.8,0.4,150,1
0.3,-0.15,0.8,0.4,210,1
0.3,-0.15,0.8,0.4,120,1
0.3,-0.15,0.8,0.4,240,1
0.3,-0.15,0.8,0.5,0,1
0.3,-0.15,0.8,0.5,180,0
0.3,-0.15,0.8,0.5,90,0
0.3,-0.15,0.8,0.5,270,0
0.3,-0.15,0.8,0.5,30,1
0.3,-0.15,0.8,0.5,330,0
0.3,-0.15,0.8,0.5,60,1
0.3,-0.15,0.8,0.5,300,0
0.3,-0.15,0.8,0.5,150,1
0.3,-0.15,0.8,0.5,210,1
0.3,-0.15,0.8,0.5,120,1
0.3,-0.15,0.8,0.5,240,0
0.3,-0.15,0.8,0.6,0,1
0.3,-0.15,0.8,0.6,180,0
0.3,-0.15,0.8,0.6,90,0
0.3,-0.15,0.8,0.6,270,0
0.3,-0.15,0.8,0.6,30,1
0.3,-0.15,0.8,0.6,330,0
0.3,-0.15,0.8,0.6,60,1
0.3,-0.15,0.8,0.6,300,1
0.3,-0.15,0.8,0.6,150,0
0.3,-0.15,0.8,0.6,210,1
0.3,-0.15,0.8,0.6,120,0
0.3,-0.15,0.8,0.6,240,1
0.3,-0.15,0.85,0.4,0,1
0.3,-0.15,0.85,0.4,180,1
0.3,-0.15,0.85,0.4,90,1
0.3,-0.15,0.85,0.4,270,1
0.3,-0.15,0.85,0.4,30,1
0.3,-0.15,0.85,0.4,330,0
0.3,-0.15,0.85,0.4,60,1
0.3,-0.15,0.85,0.4,300,0
0.3,-0.15,0.85,0.4,150,1
0.3,-0.15,0.85,0.4,210,0
0.3,-0.15,0.85,0.4,120,1
0.3,-0.15,0.85,0.4,240,1
0.3,-0.15,0.85,0.5,0,1
0.3,-0.15,0.85,0.5,180,0
0.3,-0.15,0.85,0.5,90,0
0.3,-0.15,0.85,0.5,270,1
0.3,-0.15,0.85,0.5,30,1
0.3,-0.15,0.85,0.5,330,0
0.3,-0.15,0.85,0.5,60,1
0.3,-0.15,0.85,0.5,300,0
0.3,-0.15,0.85,0.5,150,1
0.3,-0.15,0.85,0.5,210,1
0.3,-0.15,0.85,0.5,120,1
0.3,-0.15,0.85,0.5,240,1
0.3,-0.15,0.85,0.6,0,1
0.3,-0.15,0.85,0.6,180,0
0.3,-0.15,0.85,0.6,90,0
0.3,-0.15,0.85,0.6,270,1
0.3,-0.15,0.85,0.6,30,1
0.3,-0.15,0.85,0.6,330,0
0.3,-0.15,0.85,0.6,60,1
0.3,-0.15,0.85,0.6,300,0
0.3,-0.15,0.85,0.6,150,0
0.3,-0.15,0.85,0.6,210,1
0.3,-0.15,0.85,0.6,120,0
0.3,-0.15,0.85,0.6,240,0
0.3,-0.15,0.9,0.4,0,1
0.3,-0.15,0.9,0.4,180,0
0.3,-0.15,0.9,0.4,90,1
0.3,-0.15,0.9,0.4,270,0
0.3,-0.15,0.9,0.4,30,1
0.3,-0.15,0.9,0.4,330,1
0.3,-0.15,0.9,0.4,60,1
0.3,-0.15,0.9,0.4,300,0
0.3,-0.15,0.9,0.4,150,1
0.3,-0.15,0.9,0.4,210,1
0.3,-0.15,0.9,0.4,120,1
0.3,-0.15,0.9,0.4,240,1
0.3,-0.15,0.9,0.5,0,1
0.3,-0.15,0.9,0.5,180,0
0.3,-0.15,0.9,0.5,90,0
0.3,-0.15,0.9,0.5,270,1
0.3,-0.15,0.9,0.5,30,1
0.3,-0.15,0.9,0.5,330,0
0.3,-0.15,0.9,0.5,60,1
0.3,-0.15,0.9,0.5,300,0
0.3,-0.15,0.9,0.5,150,0
0.3,-0.15,0.9,0.5,210,1
0.3,-0.15,0.9,0.5,120,1
0.3,-0.15,0.9,0.5,240,1
0.3,-0.15,0.9,0.6,0,1
0.3,-0.15,0.9,0.6,180,0
0.3,-0.15,0.9,0.6,90,0
0.3,-0.15,0.9,0.6,270,1
0.3,-0.15,0.9,0.6,30,1
0.3,-0.15,0.9,0.6,330,0
0.3,-0.15,0.9,0.6,60,1
0.3,-0.15,0.9,0.6,300,1
0.3,-0.15,0.9,0.6,150,0
0.3,-0.15,0.9,0.6,210,1
0.3,-0.15,0.9,0.6,120,0
0.3,-0.15,0.9,0.6,240,0
0.3,-0.15,0.95,0.4,0,1
0.3,-0.15,0.95,0.4,180,1
0.3,-0.15,0.95,0.4,90,0
0.3,-0.15,0.95,0.4,270,0
0.3,-0.15,0.95,0.4,30,1
0.3,-0.15,0.95,0.4,330,1
0.3,-0.15,0.95,0.4,60,1
0.3,-0.15,0.95,0.4,300,0
0.3,-0.15,0.95,0.4,150,1
0.3,-0.15,0.95,0.4,210,1
0.3,-0.15,0.95,0.4,120,1
0.3,-0.15,0.95,0.4,240,1
0.3,-0.15,0.95,0.5,0,1
0.3,-0.15,0.95,0.5,180,0
0.3,-0.15,0.95,0.5,90,0
0.3,-0.15,0.95,0.5,270,1
0.3,-0.15,0.95,0.5,30,1
0.3,-0.15,0.95,0.5,330,1
0.3,-0.15,0.95,0.5,60,1
0.3,-0.15,0.95,0.5,300,0
0.3,-0.15,0.95,0.5,150,0
0.3,-0.15,0.95,0.5,210,1
0.3,-0.15,0.95,0.5,120,1
0.3,-0.15,0.95,0.5,240,1
0.3,-0.15,0.95,0.6,0,1
0.3,-0.15,0.95,0.6,180,0
0.3,-0.15,0.95,0.6,90,0
0.3,-0.15,0.95,0.6,270,1
0.3,-0.15,0.95,0.6,30,1
0.3,-0.15,0.95,0.6,330,0
0.3,-0.15,0.95,0.6,60,1
0.3,-0.15,0.95,0.6,300,0
0.3,-0.15,0.95,0.6,150,0
0.3,-0.15,0.95,0.6,210,1
0.3,-0.15,0.95,0.6,120,0
0.3,-0.15,0.95,0.6,240,1
0.3,-0.15,1.0,0.4,0,1
0.3,-0.15,1.0,0.4,180,0
0.3,-0.15,1.0,0.4,90,0
0.3,-0.15,1.0,0.4,270,0
0.3,-0.15,1.0,0.4,30,1
0.3,-0.15,1.0,0.4,330,1
0.3,-0.15,1.0,0.4,60,1
0.3,-0.15,1.0,0.4,300,0
0.3,-0.15,1.0,0.4,150,1
0.3,-0.15,1.0,0.4,210,1
0.3,-0.15,1.0,0.4,120,1
0.3,-0.15,1.0,0.4,240,1
0.3,-0.15,1.0,0.5,0,1
0.3,-0.15,1.0,0.5,180,1
0.3,-0.15,1.0,0.5,90,0
0.3,-0.15,1.0,0.5,270,1
0.3,-0.15,1.0,0.5,30,1
0.3,-0.15,1.0,0.5,330,1
0.3,-0.15,1.0,0.5,60,1
0.3,-0.15,1.0,0.5,300,0
0.3,-0.15,1.0,0.5,150,0
0.3,-0.15,1.0,0.5,210,1
0.3,-0.15,1.0,0.5,120,0
0.3,-0.15,1.0,0.5,240,1
0.3,-0.15,1.0,0.6,0,1
0.3,-0.15,1.0,0.6,180,0
0.3,-0.15,1.0,0.6,90,0
0.3,-0.15,1.0,0.6,270,0
0.3,-0.15,1.0,0.6,30,1
0.3,-0.15,1.0,0.6,330,1
0.3,-0.15,1.0,0.6,60,0
0.3,-0.15,1.0,0.6,300,0
0.3,-0.15,1.0,0.6,150,0
0.3,-0.15,1.0,0.6,210,1
0.3,-0.15,1.0,0.6,120,0
0.3,-0.15,1.0,0.6,240,1
0.3,-0.1,0.65,0.4,0,1
0.3,-0.1,0.65,0.4,180,0
0.3,-0.1,0.65,0.4,90,1
0.3,-0.1,0.65,0.4,270,1
0.3,-0.1,0.65,0.4,30,1
0.3,-0.1,0.65,0.4,330,0
0.3,-0.1,0.65,0.4,60,1
0.3,-0.1,0.65,0.4,300,0
0.3,-0.1,0.65,0.4,150,1
0.3,-0.1,0.65,0.4,210,1
0.3,-0.1,0.65,0.4,120,1
0.3,-0.1,0.65,0.4,240,1
0.3,-0.1,0.65,0.5,0,1
0.3,-0.1,0.65,0.5,180,1
0.3,-0.1,0.65,0.5,90,0
0.3,-0.1,0.65,0.5,270,1
0.3,-0.1,0.65,0.5,30,1
0.3,-0.1,0.65,0.5,330,1
0.3,-0.1,0.65,0.5,60,1
0.3,-0.1,0.65,0.5,300,1
0.3,-0.1,0.65,0.5,150,1
0.3,-0.1,0.65,0.5,210,1
0.3,-0.1,0.65,0.5,120,1
0.3,-0.1,0.65,0.5,240,0
0.3,-0.1,0.65,0.6,0,1
0.3,-0.1,0.65,0.6,180,0
0.3,-0.1,0.65,0.6,90,0
0.3,-0.1,0.65,0.6,270,1
0.3,-0.1,0.65,0.6,30,1
0.3,-0.1,0.65,0.6,330,1
0.3,-0.1,0.65,0.6,60,1
0.3,-0.1,0.65,0.6,300,0
0.3,-0.1,0.65,0.6,150,0
0.3,-0.1,0.65,0.6,210,0
0.3,-0.1,0.65,0.6,120,0
0.3,-0.1,0.65,0.6,240,0
0.3,-0.1,0.7,0.4,0,1
0.3,-0.1,0.7,0.4,180,0
0.3,-0.1,0.7,0.4,90,1
0.3,-0.1,0.7,0.4,270,0
0.3,-0.1,0.7,0.4,30,1
0.3,-0.1,0.7,0.4,330,0
0.3,-0.1,0.7,0.4,60,1
0.3,-0.1,0.7,0.4,300,0
0.3,-0.1,0.7,0.4,150,1
0.3,-0.1,0.7,0.4,210,1
0.3,-0.1,0.7,0.4,120,1
0.3,-0.1,0.7,0.4,240,1
0.3,-0.1,0.7,0.5,0,1
0.3,-0.1,0.7,0.5,180,0
0.3,-0.1,0.7,0.5,90,0
0.3,-0.1,0.7,0.5,270,1
0.3,-0.1,0.7,0.5,30,1
0.3,-0.1,0.7,0.5,330,1
0.3,-0.1,0.7,0.5,60,1
0.3,-0.1,0.7,0.5,300,0
0.3,-0.1,0.7,0.5,150,1
0.3,-0.1,0.7,0.5,210,1
0.3,-0.1,0.7,0.5,120,1
0.3,-0.1,0.7,0.5,240,1
0.3,-0.1,0.7,0.6,0,1
0.3,-0.1,0.7,0.6,180,0
0.3,-0.1,0.7,0.6,90,0
0.3,-0.1,0.7,0.6,270,0
0.3,-0.1,0.7,0.6,30,1
0.3,-0.1,0.7,0.6,330,1
0.3,-0.1,0.7,0.6,60,1
0.3,-0.1,0.7,0.6,300,0
0.3,-0.1,0.7,0.6,150,0
0.3,-0.1,0.7,0.6,210,1
0.3,-0.1,0.7,0.6,120,0
0.3,-0.1,0.7,0.6,240,1
0.3,-0.1,0.75,0.4,0,1
0.3,-0.1,0.75,0.4,180,1
0.3,-0.1,0.75,0.4,90,1
0.3,-0.1,0.75,0.4,270,1
0.3,-0.1,0.75,0.4,30,1
0.3,-0.1,0.75,0.4,330,1
0.3,-0.1,0.75,0.4,60,1
0.3,-0.1,0.75,0.4,300,0
0.3,-0.1,0.75,0.4,150,1
0.3,-0.1,0.75,0.4,210,1
0.3,-0.1,0.75,0.4,120,1
0.3,-0.1,0.75,0.4,240,1
0.3,-0.1,0.75,0.5,0,1
0.3,-0.1,0.75,0.5,180,1
0.3,-0.1,0.75,0.5,90,0
0.3,-0.1,0.75,0.5,270,1
0.3,-0.1,0.75,0.5,30,1
0.3,-0.1,0.75,0.5,330,1
0.3,-0.1,0.75,0.5,60,1
0.3,-0.1,0.75,0.5,300,1
0.3,-0.1,0.75,0.5,150,1
0.3,-0.1,0.75,0.5,210,1
0.3,-0.1,0.75,0.5,120,1
0.3,-0.1,0.75,0.5,240,0
0.3,-0.1,0.75,0.6,0,1
0.3,-0.1,0.75,0.6,180,1
0.3,-0.1,0.75,0.6,90,0
0.3,-0.1,0.75,0.6,270,1
0.3,-0.1,0.75,0.6,30,1
0.3,-0.1,0.75,0.6,330,1
0.3,-0.1,0.75,0.6,60,1
0.3,-0.1,0.75,0.6,300,0
0.3,-0.1,0.75,0.6,150,0
0.3,-0.1,0.75,0.6,210,1
0.3,-0.1,0.75,0.6,120,0
0.3,-0.1,0.75,0.6,240,1
0.3,-0.1,0.8,0.4,0,1
0.3,-0.1,0.8,0.4,180,1
0.3,-0.1,0.8,0.4,90,1
0.3,-0.1,0.8,0.4,270,1
0.3,-0.1,0.8,0.4,30,1
0.3,-0.1,0.8,0.4,330,1
0.3,-0.1,0.8,0.4,60,1
0.3,-0.1,0.8,0.4,300,0
0.3,-0.1,0.8,0.4,150,1
0.3,-0.1,0.8,0.4,210,1
0.3,-0.1,0.8,0.4,120,1
0.3,-0.1,0.8,0.4,240,1
0.3,-0.1,0.8,0.5,0,1
0.3,-0.1,0.8,0.5,180,0
0.3,-0.1,0.8,0.5,90,0
0.3,-0.1,0.8,0.5,270,0
0.3,-0.1,0.8,0.5,30,1
0.3,-0.1,0.8,0.5,330,1
0.3,-0.1,0.8,0.5,60,1
0.3,-0.1,0.8,0.5,300,0
0.3,-0.1,0.8,0.5,150,1
0.3,-0.1,0.8,0.5,210,1
0.3,-0.1,0.8,0.5,120,1
0.3,-0.1,0.8,0.5,240,1
0.3,-0.1,0.8,0.6,0,1
0.3,-0.1,0.8,0.6,180,0
0.3,-0.1,0.8,0.6,90,0
0.3,-0.1,0.8,0.6,270,1
0.3,-0.1,0.8,0.6,30,1
0.3,-0.1,0.8,0.6,330,1
0.3,-0.1,0.8,0.6,60,1
0.3,-0.1,0.8,0.6,300,0
0.3,-0.1,0.8,0.6,150,0
0.3,-0.1,0.8,0.6,210,1
0.3,-0.1,0.8,0.6,120,0
0.3,-0.1,0.8,0.6,240,1
0.3,-0.1,0.85,0.4,0,1
0.3,-0.1,0.85,0.4,180,0
0.3,-0.1,0.85,0.4,90,1
0.3,-0.1,0.85,0.4,270,1
0.3,-0.1,0.85,0.4,30,1
0.3,-0.1,0.85,0.4,330,0
0.3,-0.1,0.85,0.4,60,1
0.3,-0.1,0.85,0.4,300,0
0.3,-0.1,0.85,0.4,150,1
0.3,-0.1,0.85,0.4,210,1
0.3,-0.1,0.85,0.4,120,1
0.3,-0.1,0.85,0.4,240,1
0.3,-0.1,0.85,0.5,0,1
0.3,-0.1,0.85,0.5,180,1
0.3,-0.1,0.85,0.5,90,0
0.3,-0.1,0.85,0.5,270,1
0.3,-0.1,0.85,0.5,30,1
0.3,-0.1,0.85,0.5,330,0
0.3,-0.1,0.85,0.5,60,1
0.3,-0.1,0.85,0.5,300,1
0.3,-0.1,0.85,0.5,150,1
0.3,-0.1,0.85,0.5,210,1
0.3,-0.1,0.85,0.5,120,1
0.3,-0.1,0.85,0.5,240,1
0.3,-0.1,0.85,0.6,0,1
0.3,-0.1,0.85,0.6,180,0
0.3,-0.1,0.85,0.6,90,0
0.3,-0.1,0.85,0.6,270,1
0.3,-0.1,0.85,0.6,30,1
0.3,-0.1,0.85,0.6,330,1
0.3,-0.1,0.85,0.6,60,1
0.3,-0.1,0.85,0.6,300,1
0.3,-0.1,0.85,0.6,150,0
0.3,-0.1,0.85,0.6,210,1
0.3,-0.1,0.85,0.6,120,0
0.3,-0.1,0.85,0.6,240,0
0.3,-0.1,0.9,0.4,0,1
0.3,-0.1,0.9,0.4,180,0
0.3,-0.1,0.9,0.4,90,1
0.3,-0.1,0.9,0.4,270,1
0.3,-0.1,0.9,0.4,30,1
0.3,-0.1,0.9,0.4,330,0
0.3,-0.1,0.9,0.4,60,1
0.3,-0.1,0.9,0.4,300,0
0.3,-0.1,0.9,0.4,150,1
0.3,-0.1,0.9,0.4,210,1
0.3,-0.1,0.9,0.4,120,1
0.3,-0.1,0.9,0.4,240,1
0.3,-0.1,0.9,0.5,0,1
0.3,-0.1,0.9,0.5,180,0
0.3,-0.1,0.9,0.5,90,0
0.3,-0.1,0.9,0.5,270,1
0.3,-0.1,0.9,0.5,30,1
0.3,-0.1,0.9,0.5,330,1
0.3,-0.1,0.9,0.5,60,1
0.3,-0.1,0.9,0.5,300,1
0.3,-0.1,0.9,0.5,150,1
0.3,-0.1,0.9,0.5,210,1
0.3,-0.1,0.9,0.5,120,1
0.3,-0.1,0.9,0.5,240,1
0.3,-0.1,0.9,0.6,0,1
0.3,-0.1,0.9,0.6,180,0
0.3,-0.1,0.9,0.6,90,0
0.3,-0.1,0.9,0.6,270,1
0.3,-0.1,0.9,0.6,30,1
0.3,-0.1,0.9,0.6,330,0
0.3,-0.1,0.9,0.6,60,1
0.3,-0.1,0.9,0.6,300,1
0.3,-0.1,0.9,0.6,150,0
0.3,-0.1,0.9,0.6,210,1
0.3,-0.1,0.9,0.6,120,0
0.3,-0.1,0.9,0.6,240,1
0.3,-0.1,0.95,0.4,0,1
0.3,-0.1,0.95,0.4,180,1
0.3,-0.1,0.95,0.4,90,1
0.3,-0.1,0.95,0.4,270,1
0.3,-0.1,0.95,0.4,30,1
0.3,-0.1,0.95,0.4,330,1
0.3,-0.1,0.95,0.4,60,1
0.3,-0.1,0.95,0.4,300,0
0.3,-0.1,0.95,0.4,150,1
0.3,-0.1,0.95,0.4,210,1
0.3,-0.1,0.95,0.4,120,1
0.3,-0.1,0.95,0.4,240,1
0.3,-0.1,0.95,0.5,0,1
0.3,-0.1,0.95,0.5,180,1
0.3,-0.1,0.95,0.5,90,0
0.3,-0.1,0.95,0.5,270,1
0.3,-0.1,0.95,0.5,30,1
0.3,-0.1,0.95,0.5,330,1
0.3,-0.1,0.95,0.5,60,1
0.3,-0.1,0.95,0.5,300,1
0.3,-0.1,0.95,0.5,150,1
0.3,-0.1,0.95,0.5,210,1
0.3,-0.1,0.95,0.5,120,1
0.3,-0.1,0.95,0.5,240,1
0.3,-0.1,0.95,0.6,0,1
0.3,-0.1,0.95,0.6,180,0
0.3,-0.1,0.95,0.6,90,0
0.3,-0.1,0.95,0.6,270,1
0.3,-0.1,0.95,0.6,30,1
0.3,-0.1,0.95,0.6,330,1
0.3,-0.1,0.95,0.6,60,1
0.3,-0.1,0.95,0.6,300,1
0.3,-0.1,0.95,0.6,150,0
0.3,-0.1,0.95,0.6,210,1
0.3,-0.1,0.95,0.6,120,0
0.3,-0.1,0.95,0.6,240,0
0.3,-0.1,1.0,0.4,0,1
0.3,-0.1,1.0,0.4,180,1
0.3,-0.1,1.0,0.4,90,0
0.3,-0.1,1.0,0.4,270,0
0.3,-0.1,1.0,0.4,30,1
0.3,-0.1,1.0,0.4,330,1
0.3,-0.1,1.0,0.4,60,1
0.3,-0.1,1.0,0.4,300,0
0.3,-0.1,1.0,0.4,150,1
0.3,-0.1,1.0,0.4,210,0
0.3,-0.1,1.0,0.4,120,1
0.3,-0.1,1.0,0.4,240,1
0.3,-0.1,1.0,0.5,0,1
0.3,-0.1,1.0,0.5,180,1
0.3,-0.1,1.0,0.5,90,0
0.3,-0.1,1.0,0.5,270,0
0.3,-0.1,1.0,0.5,30,1
0.3,-0.1,1.0,0.5,330,1
0.3,-0.1,1.0,0.5,60,1
0.3,-0.1,1.0,0.5,300,1
0.3,-0.1,1.0,0.5,150,0
0.3,-0.1,1.0,0.5,210,0
0.3,-0.1,1.0,0.5,120,0
0.3,-0.1,1.0,0.5,240,0
0.3,-0.1,1.0,0.6,0,1
0.3,-0.1,1.0,0.6,180,0
0.3,-0.1,1.0,0.6,90,0
0.3,-0.1,1.0,0.6,270,1
0.3,-0.1,1.0,0.6,30,1
0.3,-0.1,1.0,0.6,330,1
0.3,-0.1,1.0,0.6,60,0
0.3,-0.1,1.0,0.6,300,1
0.3,-0.1,1.0,0.6,150,0
0.3,-0.1,1.0,0.6,210,1
0.3,-0.1,1.0,0.6,120,0
0.3,-0.1,1.0,0.6,240,0
0.35,-0.45,0.65,0.4,0,1
0.35,-0.45,0.65,0.4,180,0
0.35,-0.45,0.65,0.4,90,0
0.35,-0.45,0.65,0.4,270,0
0.35,-0.45,0.65,0.4,30,1
0.35,-0.45,0.65,0.4,330,1
0.35,-0.45,0.65,0.4,60,1
0.35,-0.45,0.65,0.4,300,0
0.35,-0.45,0.65,0.4,150,0
0.35,-0.45,0.65,0.4,210,0
0.35,-0.45,0.65,0.4,120,0
0.35,-0.45,0.65,0.4,240,1
0.35,-0.45,0.65,0.5,0,1
0.35,-0.45,0.65,0.5,180,0
0.35,-0.45,0.65,0.5,90,0
0.35,-0.45,0.65,0.5,270,0
0.35,-0.45,0.65,0.5,30,1
0.35,-0.45,0.65,0.5,330,0
0.35,-0.45,0.65,0.5,60,1
0.35,-0.45,0.65,0.5,300,0
0.35,-0.45,0.65,0.5,150,0
0.35,-0.45,0.65,0.5,210,0
0.35,-0.45,0.65,0.5,120,0
0.35,-0.45,0.65,0.5,240,1
0.35,-0.45,0.65,0.6,0,1
0.35,-0.45,0.65,0.6,180,0
0.35,-0.45,0.65,0.6,90,0
0.35,-0.45,0.65,0.6,270,1
0.35,-0.45,0.65,0.6,30,1
0.35,-0.45,0.65,0.6,330,0
0.35,-0.45,0.65,0.6,60,1
0.35,-0.45,0.65,0.6,300,0
0.35,-0.45,0.65,0.6,150,0
0.35,-0.45,0.65,0.6,210,0
0.35,-0.45,0.65,0.6,120,0
0.35,-0.45,0.65,0.6,240,0
0.35,-0.45,0.7,0.4,0,1
0.35,-0.45,0.7,0.4,180,0
0.35,-0.45,0.7,0.4,90,0
0.35,-0.45,0.7,0.4,270,1
0.35,-0.45,0.7,0.4,30,1
0.35,-0.45,0.7,0.4,330,1
0.35,-0.45,0.7,0.4,60,1
0.35,-0.45,0.7,0.4,300,0
0.35,-0.45,0.7,0.4,150,0
0.35,-0.45,0.7,0.4,210,0
0.35,-0.45,0.7,0.4,120,0
0.35,-0.45,0.7,0.4,240,1
0.35,-0.45,0.7,0.5,0,1
0.35,-0.45,0.7,0.5,180,0
0.35,-0.45,0.7,0.5,90,0
0.35,-0.45,0.7,0.5,270,0
0.35,-0.45,0.7,0.5,30,1
0.35,-0.45,0.7,0.5,330,0
0.35,-0.45,0.7,0.5,60,1
0.35,-0.45,0.7,0.5,300,1
0.35,-0.45,0.7,0.5,150,0
0.35,-0.45,0.7,0.5,210,0
0.35,-0.45,0.7,0.5,120,0
0.35,-0.45,0.7,0.5,240,1
0.35,-0.45,0.7,0.6,0,1
0.35,-0.45,0.7,0.6,180,0
0.35,-0.45,0.7,0.6,90,0
0.35,-0.45,0.7,0.6,270,1
0.35,-0.45,0.7,0.6,30,1
0.35,-0.45,0.7,0.6,330,0
0.35,-0.45,0.7,0.6,60,1
0.35,-0.45,0.7,0.6,300,0
0.35,-0.45,0.7,0.6,150,0
0.35,-0.45,0.7,0.6,210,0
0.35,-0.45,0.7,0.6,120,0
0.35,-0.45,0.7,0.6,240,0
0.35,-0.45,0.75,0.4,0,1
0.35,-0.45,0.75,0.4,180,0
0.35,-0.45,0.75,0.4,90,0
0.35,-0.45,0.75,0.4,270,1
0.35,-0.45,0.75,0.4,30,1
0.35,-0.45,0.75,0.4,330,1
0.35,-0.45,0.75,0.4,60,1
0.35,-0.45,0.75,0.4,300,1
0.35,-0.45,0.75,0.4,150,0
0.35,-0.45,0.75,0.4,210,0
0.35,-0.45,0.75,0.4,120,0
0.35,-0.45,0.75,0.4,240,1
0.35,-0.45,0.75,0.5,0,1
0.35,-0.45,0.75,0.5,180,0
0.35,-0.45,0.75,0.5,90,0
0.35,-0.45,0.75,0.5,270,0
0.35,-0.45,0.75,0.5,30,1
0.35,-0.45,0.75,0.5,330,0
0.35,-0.45,0.75,0.5,60,1
0.35,-0.45,0.75,0.5,300,1
0.35,-0.45,0.75,0.5,150,0
0.35,-0.45,0.75,0.5,210,0
0.35,-0.45,0.75,0.5,120,0
0.35,-0.45,0.75,0.5,240,1
0.35,-0.45,0.75,0.6,0,1
0.35,-0.45,0.75,0.6,180,0
0.35,-0.45,0.75,0.6,90,0
0.35,-0.45,0.75,0.6,270,1
0.35,-0.45,0.75,0.6,30,1
0.35,-0.45,0.75,0.6,330,0
0.35,-0.45,0.75,0.6,60,1
0.35,-0.45,0.75,0.6,300,0
0.35,-0.45,0.75,0.6,150,0
0.35,-0.45,0.75,0.6,210,0
0.35,-0.45,0.75,0.6,120,0
0.35,-0.45,0.75,0.6,240,0
0.35,-0.45,0.8,0.4,0,1
0.35,-0.45,0.8,0.4,180,0
0.35,-0.45,0.8,0.4,90,0
0.35,-0.45,0.8,0.4,270,1
0.35,-0.45,0.8,0.4,30,1
0.35,-0.45,0.8,0.4,330,1
0.35,-0.45,0.8,0.4,60,1
0.35,-0.45,0.8,0.4,300,0
0.35,-0.45,0.8,0.4,150,0
0.35,-0.45,0.8,0.4,210,0
0.35,-0.45,0.8,0.4,120,0
0.35,-0.45,0.8,0.4,240,1
0.35,-0.45,0.8,0.5,0,1
0.35,-0.45,0.8,0.5,180,0
0.35,-0.45,0.8,0.5,90,0
0.35,-0.45,0.8,0.5,270,0
0.35,-0.45,0.8,0.5,30,1
0.35,-0.45,0.8,0.5,330,0
0.35,-0.45,0.8,0.5,60,1
0.35,-0.45,0.8,0.5,300,1
0.35,-0.45,0.8,0.5,150,0
0.35,-0.45,0.8,0.5,210,0
0.35,-0.45,0.8,0.5,120,0
0.35,-0.45,0.8,0.5,240,1
0.35,-0.45,0.8,0.6,0,1
0.35,-0.45,0.8,0.6,180,0
0.35,-0.45,0.8,0.6,90,0
0.35,-0.45,0.8,0.6,270,1
0.35,-0.45,0.8,0.6,30,1
0.35,-0.45,0.8,0.6,330,0
0.35,-0.45,0.8,0.6,60,1
0.35,-0.45,0.8,0.6,300,1
0.35,-0.45,0.8,0.6,150,0
0.35,-0.45,0.8,0.6,210,0
0.35,-0.45,0.8,0.6,120,0
0.35,-0.45,0.8,0.6,240,0
0.35,-0.45,0.85,0.4,0,1
0.35,-0.45,0.85,0.4,180,0
0.35,-0.45,0.85,0.4,90,0
0.35,-0.45,0.85,0.4,270,0
0.35,-0.45,0.85,0.4,30,1
0.35,-0.45,0.85,0.4,330,1
0.35,-0.45,0.85,0.4,60,1
0.35,-0.45,0.85,0.4,300,1
0.35,-0.45,0.85,0.4,150,0
0.35,-0.45,0.85,0.4,210,0
0.35,-0.45,0.85,0.4,120,0
0.35,-0.45,0.85,0.4,240,1
0.35,-0.45,0.85,0.5,0,1
0.35,-0.45,0.85,0.5,180,0
0.35,-0.45,0.85,0.5,90,0
0.35,-0.45,0.85,0.5,270,0
0.35,-0.45,0.85,0.5,30,1
0.35,-0.45,0.85,0.5,330,0
0.35,-0.45,0.85,0.5,60,1
0.35,-0.45,0.85,0.5,300,1
0.35,-0.45,0.85,0.5,150,0
0.35,-0.45,0.85,0.5,210,0
0.35,-0.45,0.85,0.5,120,0
0.35,-0.45,0.85,0.5,240,1
0.35,-0.45,0.85,0.6,0,1
0.35,-0.45,0.85,0.6,180,0
0.35,-0.45,0.85,0.6,90,0
0.35,-0.45,0.85,0.6,270,0
0.35,-0.45,0.85,0.6,30,1
0.35,-0.45,0.85,0.6,330,0
0.35,-0.45,0.85,0.6,60,1
0.35,-0.45,0.85,0.6,300,0
0.35,-0.45,0.85,0.6,150,0
0.35,-0.45,0.85,0.6,210,0
0.35,-0.45,0.85,0.6,120,0
0.35,-0.45,0.85,0.6,240,0
0.35,-0.45,0.9,0.4,0,1
0.35,-0.45,0.9,0.4,180,0
0.35,-0.45,0.9,0.4,90,0
0.35,-0.45,0.9,0.4,270,0
0.35,-0.45,0.9,0.4,30,1
0.35,-0.45,0.9,0.4,330,1
0.35,-0.45,0.9,0.4,60,1
0.35,-0.45,0.9,0.4,300,0
0.35,-0.45,0.9,0.4,150,0
0.35,-0.45,0.9,0.4,210,0
0.35,-0.45,0.9,0.4,120,0
0.35,-0.45,0.9,0.4,240,1
0.35,-0.45,0.9,0.5,0,1
0.35,-0.45,0.9,0.5,180,0
0.35,-0.45,0.9,0.5,90,0
0.35,-0.45,0.9,0.5,270,0
0.35,-0.45,0.9,0.5,30,1
0.35,-0.45,0.9,0.5,330,0
0.35,-0.45,0.9,0.5,60,1
0.35,-0.45,0.9,0.5,300,1
0.35,-0.45,0.9,0.5,150,0
0.35,-0.45,0.9,0.5,210,0
0.35,-0.45,0.9,0.5,120,0
0.35,-0.45,0.9,0.5,240,1
0.35,-0.45,0.9,0.6,0,1
0.35,-0.45,0.9,0.6,180,0
0.35,-0.45,0.9,0.6,90,0
0.35,-0.45,0.9,0.6,270,0
0.35,-0.45,0.9,0.6,30,1
0.35,-0.45,0.9,0.6,330,0
0.35,-0.45,0.9,0.6,60,0
0.35,-0.45,0.9,0.6,300,1
0.35,-0.45,0.9,0.6,150,0
0.35,-0.45,0.9,0.6,210,0
0.35,-0.45,0.9,0.6,120,0
0.35,-0.45,0.9,0.6,240,0
0.35,-0.45,0.95,0.4,0,1
0.35,-0.45,0.95,0.4,180,0
0.35,-0.45,0.95,0.4,90,0
0.35,-0.45,0.95,0.4,270,0
0.35,-0.45,0.95,0.4,30,1
0.35,-0.45,0.95,0.4,330,1
0.35,-0.45,0.95,0.4,60,1
0.35,-0.45,0.95,0.4,300,1
0.35,-0.45,0.95,0.4,150,0
0.35,-0.45,0.95,0.4,210,0
0.35,-0.45,0.95,0.4,120,0
0.35,-0.45,0.95,0.4,240,1
0.35,-0.45,0.95,0.5,0,1
0.35,-0.45,0.95,0.5,180,0
0.35,-0.45,0.95,0.5,90,0
0.35,-0.45,0.95,0.5,270,1
0.35,-0.45,0.95,0.5,30,1
0.35,-0.45,0.95,0.5,330,0
0.35,-0.45,0.95,0.5,60,1
0.35,-0.45,0.95,0.5,300,1
0.35,-0.45,0.95,0.5,150,0
0.35,-0.45,0.95,0.5,210,0
0.35,-0.45,0.95,0.5,120,0
0.35,-0.45,0.95,0.5,240,0
0.35,-0.45,0.95,0.6,0,1
0.35,-0.45,0.95,0.6,180,0
0.35,-0.45,0.95,0.6,90,0
0.35,-0.45,0.95,0.6,270,1
0.35,-0.45,0.95,0.6,30,1
0.35,-0.45,0.95,0.6,330,0
0.35,-0.45,0.95,0.6,60,0
0.35,-0.45,0.95,0.6,300,1
0.35,-0.45,0.95,0.6,150,0
0.35,-0.45,0.95,0.6,210,0
0.35,-0.45,0.95,0.6,120,0
0.35,-0.45,0.95,0.6,240,0
0.35,-0.45,1.0,0.4,0,1
0.35,-0.45,1.0,0.4,180,0
0.35,-0.45,1.0,0.4,90,0
0.35,-0.45,1.0,0.4,270,0
0.35,-0.45,1.0,0.4,30,1
0.35,-0.45,1.0,0.4,330,1
0.35,-0.45,1.0,0.4,60,1
0.35,-0.45,1.0,0.4,300,0
0.35,-0.45,1.0,0.4,150,0
0.35,-0.45,1.0,0.4,210,0
0.35,-0.45,1.0,0.4,120,0
0.35,-0.45,1.0,0.4,240,1
0.35,-0.45,1.0,0.5,0,1
0.35,-0.45,1.0,0.5,180,0
0.35,-0.45,1.0,0.5,90,0
0.35,-0.45,1.0,0.5,270,1
0.35,-0.45,1.0,0.5,30,1
0.35,-0.45,1.0,0.5,330,0
0.35,-0.45,1.0,0.5,60,1
0.35,-0.45,1.0,0.5,300,1
0.35,-0.45,1.0,0.5,150,0
0.35,-0.45,1.0,0.5,210,0
0.35,-0.45,1.0,0.5,120,0
0.35,-0.45,1.0,0.5,240,0
0.35,-0.45,1.0,0.6,0,1
0.35,-0.45,1.0,0.6,180,0
0.35,-0.45,1.0,0.6,90,0
0.35,-0.45,1.0,0.6,270,0
0.35,-0.45,1.0,0.6,30,1
0.35,-0.45,1.0,0.6,330,0
0.35,-0.45,1.0,0.6,60,0
0.35,-0.45,1.0,0.6,300,1
0.35,-0.45,1.0,0.6,150,0
0.35,-0.45,1.0,0.6,210,0
0.35,-0.45,1.0,0.6,120,0
0.35,-0.45,1.0,0.6,240,0
0.35,-0.4,0.65,0.4,0,1
0.35,-0.4,0.65,0.4,180,0
0.35,-0.4,0.65,0.4,90,0
0.35,-0.4,0.65,0.4,270,0
0.35,-0.4,0.65,0.4,30,1
0.35,-0.4,0.65,0.4,330,0
0.35,-0.4,0.65,0.4,60,1
0.35,-0.4,0.65,0.4,300,1
0.35,-0.4,0.65,0.4,150,0
0.35,-0.4,0.65,0.4,210,1
0.35,-0.4,0.65,0.4,120,1
0.35,-0.4,0.65,0.4,240,1
0.35,-0.4,0.65,0.5,0,1
0.35,-0.4,0.65,0.5,180,0
0.35,-0.4,0.65,0.5,90,0
0.35,-0.4,0.65,0.5,270,1
0.35,-0.4,0.65,0.5,30,1
0.35,-0.4,0.65,0.5,330,0
0.35,-0.4,0.65,0.5,60,1
0.35,-0.4,0.65,0.5,300,1
0.35,-0.4,0.65,0.5,150,0
0.35,-0.4,0.65,0.5,210,0
0.35,-0.4,0.65,0.5,120,0
0.35,-0.4,0.65,0.5,240,1
0.35,-0.4,0.65,0.6,0,1
0.35,-0.4,0.65,0.6,180,0
0.35,-0.4,0.65,0.6,90,0
0.35,-0.4,0.65,0.6,270,0
0.35,-0.4,0.65,0.6,30,1
0.35,-0.4,0.65,0.6,330,0
0.35,-0.4,0.65,0.6,60,1
0.35,-0.4,0.65,0.6,300,0
0.35,-0.4,0.65,0.6,150,0
0.35,-0.4,0.65,0.6,210,0
0.35,-0.4,0.65,0.6,120,0
0.35,-0.4,0.65,0.6,240,0
0.35,-0.4,0.7,0.4,0,1
0.35,-0.4,0.7,0.4,180,0
0.35,-0.4,0.7,0.4,90,0
0.35,-0.4,0.7,0.4,270,0
0.35,-0.4,0.7,0.4,30,1
0.35,-0.4,0.7,0.4,330,0
0.35,-0.4,0.7,0.4,60,1
0.35,-0.4,0.7,0.4,300,1
0.35,-0.4,0.7,0.4,150,0
0.35,-0.4,0.7,0.4,210,1
0.35,-0.4,0.7,0.4,120,1
0.35,-0.4,0.7,0.4,240,1
0.35,-0.4,0.7,0.5,0,1
0.35,-0.4,0.7,0.5,180,0
0.35,-0.4,0.7,0.5,90,0
0.35,-0.4,0.7,0.5,270,0
0.35,-0.4,0.7,0.5,30,1
0.35,-0.4,0.7,0.5,330,0
0.35,-0.4,0.7,0.5,60,1
0.35,-0.4,0.7,0.5,300,1
0.35,-0.4,0.7,0.5,150,0
0.35,-0.4,0.7,0.5,210,0
0.35,-0.4,0.7,0.5,120,0
0.35,-0.4,0.7,0.5,240,1
0.35,-0.4,0.7,0.6,0,1
0.35,-0.4,0.7,0.6,180,0
0.35,-0.4,0.7,0.6,90,0
0.35,-0.4,0.7,0.6,270,1
0.35,-0.4,0.7,0.6,30,1
0.35,-0.4,0.7,0.6,330,0
0.35,-0.4,0.7,0.6,60,1
0.35,-0.4,0.7,0.6,300,0
0.35,-0.4,0.7,0.6,150,0
0.35,-0.4,0.7,0.6,210,0
0.35,-0.4,0.7,0.6,120,0
0.35,-0.4,0.7,0.6,240,1
0.35,-0.4,0.75,0.4,0,1
0.35,-0.4,0.75,0.4,180,0
0.35,-0.4,0.75,0.4,90,0
0.35,-0.4,0.75,0.4,270,0
0.35,-0.4,0.75,0.4,30,1
0.35,-0.4,0.75,0.4,330,0
0.35,-0.4,0.75,0.4,60,1
0.35,-0.4,0.75,0.4,300,0
0.35,-0.4,0.75,0.4,150,0
0.35,-0.4,0.75,0.4,210,0
0.35,-0.4,0.75,0.4,120,1
0.35,-0.4,0.75,0.4,240,1
0.35,-0.4,0.75,0.5,0,1
0.35,-0.4,0.75,0.5,180,0
0.35,-0.4,0.75,0.5,90,0
0.35,-0.4,0.75,0.5,270,0
0.35,-0.4,0.75,0.5,30,1
0.35,-0.4,0.75,0.5,330,0
0.35,-0.4,0.75,0.5,60,1
0.35,-0.4,0.75,0.5,300,1
0.35,-0.4,0.75,0.5,150,0
0.35,-0.4,0.75,0.5,210,0
0.35,-0.4,0.75,0.5,120,0
0.35,-0.4,0.75,0.5,240,1
0.35,-0.4,0.75,0.6,0,1
0.35,-0.4,0.75,0.6,180,0
0.35,-0.4,0.75,0.6,90,0
0.35,-0.4,0.75,0.6,270,0
0.35,-0.4,0.75,0.6,30,1
0.35,-0.4,0.75,0.6,330,0
0.35,-0.4,0.75,0.6,60,1
0.35,-0.4,0.75,0.6,300,0
0.35,-0.4,0.75,0.6,150,0
0.35,-0.4,0.75,0.6,210,0
0.35,-0.4,0.75,0.6,120,0
0.35,-0.4,0.75,0.6,240,1
0.35,-0.4,0.8,0.4,0,1
0.35,-0.4,0.8,0.4,180,0
0.35,-0.4,0.8,0.4,90,0
0.35,-0.4,0.8,0.4,270,0
0.35,-0.4,0.8,0.4,30,1
0.35,-0.4,0.8,0.4,330,0
0.35,-0.4,0.8,0.4,60,1
0.35,-0.4,0.8,0.4,300,1
0.35,-0.4,0.8,0.4,150,0
0.35,-0.4,0.8,0.4,210,0
0.35,-0.4,0.8,0.4,120,0
0.35,-0.4,0.8,0.4,240,1
0.35,-0.4,0.8,0.5,0,1
0.35,-0.4,0.8,0.5,180,0
0.35,-0.4,0.8,0.5,90,0
0.35,-0.4,0.8,0.5,270,0
0.35,-0.4,0.8,0.5,30,1
0.35,-0.4,0.8,0.5,330,0
0.35,-0.4,0.8,0.5,60,1
0.35,-0.4,0.8,0.5,300,1
0.35,-0.4,0.8,0.5,150,0
0.35,-0.4,0.8,0.5,210,0
0.35,-0.4,0.8,0.5,120,0
0.35,-0.4,0.8,0.5,240,1
0.35,-0.4,0.8,0.6,0,1
0.35,-0.4,0.8,0.6,180,0
0.35,-0.4,0.8,0.6,90,0
0.35,-0.4,0.8,0.6,270,1
0.35,-0.4,0.8,0.6,30,1
0.35,-0.4,0.8,0.6,330,0
0.35,-0.4,0.8,0.6,60,1
0.35,-0.4,0.8,0.6,300,0
0.35,-0.4,0.8,0.6,150,0
0.35,-0.4,0.8,0.6,210,0
0.35,-0.4,0.8,0.6,120,0
0.35,-0.4,0.8,0.6,240,1
0.35,-0.4,0.85,0.4,0,1
0.35,-0.4,0.85,0.4,180,0
0.35,-0.4,0.85,0.4,90,0
0.35,-0.4,0.85,0.4,270,0
0.35,-0.4,0.85,0.4,30,1
0.35,-0.4,0.85,0.4,330,0
0.35,-0.4,0.85,0.4,60,1
0.35,-0.4,0.85,0.4,300,1
0.35,-0.4,0.85,0.4,150,0
0.35,-0.4,0.85,0.4,210,0
0.35,-0.4,0.85,0.4,120,0
0.35,-0.4,0.85,0.4,240,1
0.35,-0.4,0.85,0.5,0,1
0.35,-0.4,0.85,0.5,180,0
0.35,-0.4,0.85,0.5,90,0
0.35,-0.4,0.85,0.5,270,0
0.35,-0.4,0.85,0.5,30,1
0.35,-0.4,0.85,0.5,330,0
0.35,-0.4,0.85,0.5,60,1
0.35,-0.4,0.85,0.5,300,1
0.35,-0.4,0.85,0.5,150,0
0.35,-0.4,0.85,0.5,210,0
0.35,-0.4,0.85,0.5,120,0
0.35,-0.4,0.85,0.5,240,1
0.35,-0.4,0.85,0.6,0,1
0.35,-0.4,0.85,0.6,180,0
0.35,-0.4,0.85,0.6,90,0
0.35,-0.4,0.85,0.6,270,0
0.35,-0.4,0.85,0.6,30,1
0.35,-0.4,0.85,0.6,330,0
0.35,-0.4,0.85,0.6,60,1
0.35,-0.4,0.85,0.6,300,1
0.35,-0.4,0.85,0.6,150,0
0.35,-0.4,0.85,0.6,210,0
0.35,-0.4,0.85,0.6,120,0
0.35,-0.4,0.85,0.6,240,1
0.35,-0.4,0.9,0.4,0,1
0.35,-0.4,0.9,0.4,180,0
0.35,-0.4,0.9,0.4,90,0
0.35,-0.4,0.9,0.4,270,0
0.35,-0.4,0.9,0.4,30,1
0.35,-0.4,0.9,0.4,330,0
0.35,-0.4,0.9,0.4,60,1
0.35,-0.4,0.9,0.4,300,0
0.35,-0.4,0.9,0.4,150,0
0.35,-0.4,0.9,0.4,210,0
0.35,-0.4,0.9,0.4,120,0
0.35,-0.4,0.9,0.4,240,1
0.35,-0.4,0.9,0.5,0,1
0.35,-0.4,0.9,0.5,180,0
0.35,-0.4,0.9,0.5,90,0
0.35,-0.4,0.9,0.5,270,1
0.35,-0.4,0.9,0.5,30,1
0.35,-0.4,0.9,0.5,330,0
0.35,-0.4,0.9,0.5,60,1
0.35,-0.4,0.9,0.5,300,1
0.35,-0.4,0.9,0.5,150,0
0.35,-0.4,0.9,0.5,210,0
0.35,-0.4,0.9,0.5,120,0
0.35,-0.4,0.9,0.5,240,1
0.35,-0.4,0.9,0.6,0,1
0.35,-0.4,0.9,0.6,180,0
0.35,-0.4,0.9,0.6,90,0
0.35,-0.4,0.9,0.6,270,1
0.35,-0.4,0.9,0.6,30,1
0.35,-0.4,0.9,0.6,330,0
0.35,-0.4,0.9,0.6,60,1
0.35,-0.4,0.9,0.6,300,1
0.35,-0.4,0.9,0.6,150,0
0.35,-0.4,0.9,0.6,210,0
0.35,-0.4,0.9,0.6,120,0
0.35,-0.4,0.9,0.6,240,1
0.35,-0.4,0.95,0.4,0,1
0.35,-0.4,0.95,0.4,180,0
0.35,-0.4,0.95,0.4,90,0
0.35,-0.4,0.95,0.4,270,0
0.35,-0.4,0.95,0.4,30,1
0.35,-0.4,0.95,0.4,330,0
0.35,-0.4,0.95,0.4,60,1
0.35,-0.4,0.95,0.4,300,1
0.35,-0.4,0.95,0.4,150,0
0.35,-0.4,0.95,0.4,210,0
0.35,-0.4,0.95,0.4,120,0
0.35,-0.4,0.95,0.4,240,1
0.35,-0.4,0.95,0.5,0,1
0.35,-0.4,0.95,0.5,180,0
0.35,-0.4,0.95,0.5,90,0
0.35,-0.4,0.95,0.5,270,0
0.35,-0.4,0.95,0.5,30,1
0.35,-0.4,0.95,0.5,330,0
0.35,-0.4,0.95,0.5,60,1
0.35,-0.4,0.95,0.5,300,1
0.35,-0.4,0.95,0.5,150,0
0.35,-0.4,0.95,0.5,210,0
0.35,-0.4,0.95,0.5,120,0
0.35,-0.4,0.95,0.5,240,1
0.35,-0.4,0.95,0.6,0,1
0.35,-0.4,0.95,0.6,180,0
0.35,-0.4,0.95,0.6,90,0
0.35,-0.4,0.95,0.6,270,1
0.35,-0.4,0.95,0.6,30,1
0.35,-0.4,0.95,0.6,330,0
0.35,-0.4,0.95,0.6,60,0
0.35,-0.4,0.95,0.6,300,0
0.35,-0.4,0.95,0.6,150,0
0.35,-0.4,0.95,0.6,210,0
0.35,-0.4,0.95,0.6,120,0
0.35,-0.4,1.0,0.4,0,1
0.35,-0.4,1.0,0.4,180,0
0.35,-0.4,1.0,0.4,90,0
0.35,-0.4,1.0,0.4,270,0
0.35,-0.4,1.0,0.4,30,1
0.35,-0.4,1.0,0.4,330,0
0.35,-0.4,1.0,0.4,60,1
0.35,-0.4,1.0,0.4,300,1
0.35,-0.4,1.0,0.4,150,0
0.35,-0.4,1.0,0.4,210,0
0.35,-0.4,1.0,0.4,120,0
0.35,-0.4,1.0,0.4,240,1
0.35,-0.4,1.0,0.5,0,1
0.35,-0.4,1.0,0.5,180,0
0.35,-0.4,1.0,0.5,90,0
0.35,-0.4,1.0,0.5,270,0
0.35,-0.4,1.0,0.5,30,1
0.35,-0.4,1.0,0.5,330,0
0.35,-0.4,1.0,0.5,60,1
0.35,-0.4,1.0,0.5,300,1
0.35,-0.4,1.0,0.5,150,0
0.35,-0.4,1.0,0.5,210,0
0.35,-0.4,1.0,0.5,120,0
0.35,-0.4,1.0,0.5,240,1
0.35,-0.4,1.0,0.6,0,1
0.35,-0.4,1.0,0.6,180,0
0.35,-0.4,1.0,0.6,90,0
0.35,-0.4,1.0,0.6,270,0
0.35,-0.4,1.0,0.6,30,1
0.35,-0.4,1.0,0.6,330,0
0.35,-0.4,1.0,0.6,60,0
0.35,-0.4,1.0,0.6,300,1
0.35,-0.4,1.0,0.6,150,0
0.35,-0.4,1.0,0.6,210,0
0.35,-0.4,1.0,0.6,120,0
0.35,-0.4,1.0,0.6,240,0
0.35,-0.35,0.65,0.4,0,1
0.35,-0.35,0.65,0.4,180,0
0.35,-0.35,0.65,0.4,90,0
0.35,-0.35,0.65,0.4,270,0
0.35,-0.35,0.65,0.4,30,1
0.35,-0.35,0.65,0.4,330,0
0.35,-0.35,0.65,0.4,60,1
0.35,-0.35,0.65,0.4,300,0
0.35,-0.35,0.65,0.4,150,0
0.35,-0.35,0.65,0.4,210,1
0.35,-0.35,0.65,0.4,120,1
0.35,-0.35,0.65,0.4,240,1
0.35,-0.35,0.65,0.5,0,1
0.35,-0.35,0.65,0.5,180,0
0.35,-0.35,0.65,0.5,90,0
0.35,-0.35,0.65,0.5,270,0
0.35,-0.35,0.65,0.5,30,1
0.35,-0.35,0.65,0.5,330,0
0.35,-0.35,0.65,0.5,60,1
0.35,-0.35,0.65,0.5,300,1
0.35,-0.35,0.65,0.5,150,0
0.35,-0.35,0.65,0.5,210,0
0.35,-0.35,0.65,0.5,120,0
0.35,-0.35,0.65,0.5,240,1
0.35,-0.35,0.65,0.6,0,1
0.35,-0.35,0.65,0.6,180,0
0.35,-0.35,0.65,0.6,90,0
0.35,-0.35,0.65,0.6,270,0
0.35,-0.35,0.65,0.6,30,1
0.35,-0.35,0.65,0.6,330,0
0.35,-0.35,0.65,0.6,60,1
0.35,-0.35,0.65,0.6,300,0
0.35,-0.35,0.65,0.6,150,0
0.35,-0.35,0.65,0.6,210,0
0.35,-0.35,0.65,0.6,120,0
0.35,-0.35,0.65,0.6,240,0
0.35,-0.35,0.7,0.4,0,1
0.35,-0.35,0.7,0.4,180,0
0.35,-0.35,0.7,0.4,90,0
0.35,-0.35,0.7,0.4,270,0
0.35,-0.35,0.7,0.4,30,1
0.35,-0.35,0.7,0.4,330,0
0.35,-0.35,0.7,0.4,60,1
0.35,-0.35,0.7,0.4,300,1
0.35,-0.35,0.7,0.4,150,0
0.35,-0.35,0.7,0.4,210,1
0.35,-0.35,0.7,0.4,120,1
0.35,-0.35,0.7,0.4,240,1
0.35,-0.35,0.7,0.5,0,1
0.35,-0.35,0.7,0.5,180,0
0.35,-0.35,0.7,0.5,90,0
0.35,-0.35,0.7,0.5,270,1
0.35,-0.35,0.7,0.5,30,1
0.35,-0.35,0.7,0.5,330,0
0.35,-0.35,0.7,0.5,60,1
0.35,-0.35,0.7,0.5,300,1
0.35,-0.35,0.7,0.5,150,0
0.35,-0.35,0.7,0.5,210,0
0.35,-0.35,0.7,0.5,120,0
0.35,-0.35,0.7,0.5,240,1
0.35,-0.35,0.7,0.6,0,1
0.35,-0.35,0.7,0.6,180,0
0.35,-0.35,0.7,0.6,90,0
0.35,-0.35,0.7,0.6,270,1
0.35,-0.35,0.7,0.6,30,1
0.35,-0.35,0.7,0.6,330,0
0.35,-0.35,0.7,0.6,60,1
0.35,-0.35,0.7,0.6,300,0
0.35,-0.35,0.7,0.6,150,0
0.35,-0.35,0.7,0.6,210,0
0.35,-0.35,0.7,0.6,120,0
0.35,-0.35,0.7,0.6,240,1
0.35,-0.35,0.75,0.4,0,1
0.35,-0.35,0.75,0.4,180,0
0.35,-0.35,0.75,0.4,90,0
0.35,-0.35,0.75,0.4,270,0
0.35,-0.35,0.75,0.4,30,1
0.35,-0.35,0.75,0.4,330,0
0.35,-0.35,0.75,0.4,60,1
0.35,-0.35,0.75,0.4,300,1
0.35,-0.35,0.75,0.4,150,0
0.35,-0.35,0.75,0.4,210,1
0.35,-0.35,0.75,0.4,120,1
0.35,-0.35,0.75,0.4,240,1
0.35,-0.35,0.75,0.5,0,1
0.35,-0.35,0.75,0.5,180,0
0.35,-0.35,0.75,0.5,90,0
0.35,-0.35,0.75,0.5,270,0
0.35,-0.35,0.75,0.5,30,1
0.35,-0.35,0.75,0.5,330,0
0.35,-0.35,0.75,0.5,60,1
0.35,-0.35,0.75,0.5,300,1
0.35,-0.35,0.75,0.5,150,0
0.35,-0.35,0.75,0.5,210,0
0.35,-0.35,0.75,0.5,120,0
0.35,-0.35,0.75,0.5,240,1
0.35,-0.35,0.75,0.6,0,1
0.35,-0.35,0.75,0.6,180,0
0.35,-0.35,0.75,0.6,90,0
0.35,-0.35,0.75,0.6,270,0
0.35,-0.35,0.75,0.6,30,1
0.35,-0.35,0.75,0.6,330,0
0.35,-0.35,0.75,0.6,60,1
0.35,-0.35,0.75,0.6,300,0
0.35,-0.35,0.75,0.6,150,0
0.35,-0.35,0.75,0.6,210,0
0.35,-0.35,0.75,0.6,120,0
0.35,-0.35,0.75,0.6,240,1
0.35,-0.35,0.8,0.4,0,1
0.35,-0.35,0.8,0.4,180,0
0.35,-0.35,0.8,0.4,90,0
0.35,-0.35,0.8,0.4,270,1
0.35,-0.35,0.8,0.4,30,1
0.35,-0.35,0.8,0.4,330,0
0.35,-0.35,0.8,0.4,60,1
0.35,-0.35,0.8,0.4,300,1
0.35,-0.35,0.8,0.4,150,0
0.35,-0.35,0.8,0.4,210,1
0.35,-0.35,0.8,0.4,120,1
0.35,-0.35,0.8,0.4,240,1
0.35,-0.35,0.8,0.5,0,1
0.35,-0.35,0.8,0.5,180,0
0.35,-0.35,0.8,0.5,90,0
0.35,-0.35,0.8,0.5,270,1
0.35,-0.35,0.8,0.5,30,1
0.35,-0.35,0.8,0.5,330,0
0.35,-0.35,0.8,0.5,60,1
0.35,-0.35,0.8,0.5,300,0
0.35,-0.35,0.8,0.5,150,0
0.35,-0.35,0.8,0.5,210,0
0.35,-0.35,0.8,0.5,120,0
0.35,-0.35,0.8,0.5,240,1
0.35,-0.35,0.8,0.6,0,1
0.35,-0.35,0.8,0.6,180,0
0.35,-0.35,0.8,0.6,90,0
0.35,-0.35,0.8,0.6,270,1
0.35,-0.35,0.8,0.6,30,1
0.35,-0.35,0.8,0.6,330,0
0.35,-0.35,0.8,0.6,60,1
0.35,-0.35,0.8,0.6,300,1
0.35,-0.35,0.8,0.6,150,0
0.35,-0.35,0.8,0.6,210,0
0.35,-0.35,0.8,0.6,120,0
0.35,-0.35,0.8,0.6,240,1
0.35,-0.35,0.85,0.4,0,1
0.35,-0.35,0.85,0.4,180,0
0.35,-0.35,0.85,0.4,90,0
0.35,-0.35,0.85,0.4,270,0
0.35,-0.35,0.85,0.4,30,1
0.35,-0.35,0.85,0.4,330,0
0.35,-0.35,0.85,0.4,60,1
0.35,-0.35,0.85,0.4,300,1
0.35,-0.35,0.85,0.4,150,0
0.35,-0.35,0.85,0.4,210,1
0.35,-0.35,0.85,0.4,120,1
0.35,-0.35,0.85,0.4,240,1
0.35,-0.35,0.85,0.5,0,1
0.35,-0.35,0.85,0.5,180,0
0.35,-0.35,0.85,0.5,90,0
0.35,-0.35,0.85,0.5,270,0
0.35,-0.35,0.85,0.5,30,1
0.35,-0.35,0.85,0.5,330,0
0.35,-0.35,0.85,0.5,60,1
0.35,-0.35,0.85,0.5,300,1
0.35,-0.35,0.85,0.5,150,0
0.35,-0.35,0.85,0.5,210,0
0.35,-0.35,0.85,0.5,120,0
0.35,-0.35,0.85,0.5,240,1
0.35,-0.35,0.85,0.6,0,1
0.35,-0.35,0.85,0.6,180,0
0.35,-0.35,0.85,0.6,90,0
0.35,-0.35,0.85,0.6,270,0
0.35,-0.35,0.85,0.6,30,1
0.35,-0.35,0.85,0.6,330,0
0.35,-0.35,0.85,0.6,60,1
0.35,-0.35,0.85,0.6,300,1
0.35,-0.35,0.85,0.6,150,0
0.35,-0.35,0.85,0.6,210,0
0.35,-0.35,0.85,0.6,120,0
0.35,-0.35,0.85,0.6,240,1
0.35,-0.35,0.9,0.4,0,1
0.35,-0.35,0.9,0.4,180,0
0.35,-0.35,0.9,0.4,90,0
0.35,-0.35,0.9,0.4,270,0
0.35,-0.35,0.9,0.4,30,1
0.35,-0.35,0.9,0.4,330,0
0.35,-0.35,0.9,0.4,60,1
0.35,-0.35,0.9,0.4,300,1
0.35,-0.35,0.9,0.4,150,0
0.35,-0.35,0.9,0.4,210,1
0.35,-0.35,0.9,0.4,120,0
0.35,-0.35,0.9,0.4,240,1
0.35,-0.35,0.9,0.5,0,1
0.35,-0.35,0.9,0.5,180,0
0.35,-0.35,0.9,0.5,90,0
0.35,-0.35,0.9,0.5,270,0
0.35,-0.35,0.9,0.5,30,1
0.35,-0.35,0.9,0.5,330,0
0.35,-0.35,0.9,0.5,60,1
0.35,-0.35,0.9,0.5,300,1
0.35,-0.35,0.9,0.5,150,0
0.35,-0.35,0.9,0.5,210,0
0.35,-0.35,0.9,0.5,120,0
0.35,-0.35,0.9,0.5,240,1
0.35,-0.35,0.9,0.6,0,1
0.35,-0.35,0.9,0.6,180,0
0.35,-0.35,0.9,0.6,90,0
0.35,-0.35,0.9,0.6,270,1
0.35,-0.35,0.9,0.6,30,1
0.35,-0.35,0.9,0.6,330,0
0.35,-0.35,0.9,0.6,60,1
0.35,-0.35,0.9,0.6,300,1
0.35,-0.35,0.9,0.6,150,0
0.35,-0.35,0.9,0.6,210,0
0.35,-0.35,0.9,0.6,120,0
0.35,-0.35,0.9,0.6,240,1
0.35,-0.35,0.95,0.4,0,1
0.35,-0.35,0.95,0.4,180,0
0.35,-0.35,0.95,0.4,90,0
0.35,-0.35,0.95,0.4,270,0
0.35,-0.35,0.95,0.4,30,1
0.35,-0.35,0.95,0.4,330,0
0.35,-0.35,0.95,0.4,60,1
0.35,-0.35,0.95,0.4,300,1
0.35,-0.35,0.95,0.4,150,0
0.35,-0.35,0.95,0.4,210,1
0.35,-0.35,0.95,0.4,120,0
0.35,-0.35,0.95,0.4,240,1
0.35,-0.35,0.95,0.5,0,1
0.35,-0.35,0.95,0.5,180,0
0.35,-0.35,0.95,0.5,90,0
0.35,-0.35,0.95,0.5,270,0
0.35,-0.35,0.95,0.5,30,1
0.35,-0.35,0.95,0.5,330,0
0.35,-0.35,0.95,0.5,60,1
0.35,-0.35,0.95,0.5,300,1
0.35,-0.35,0.95,0.5,150,0
0.35,-0.35,0.95,0.5,210,0
0.35,-0.35,0.95,0.5,120,0
0.35,-0.35,0.95,0.5,240,1
0.35,-0.35,0.95,0.6,0,1
0.35,-0.35,0.95,0.6,180,0
0.35,-0.35,0.95,0.6,90,0
0.35,-0.35,0.95,0.6,270,0
0.35,-0.35,0.95,0.6,30,1
0.35,-0.35,0.95,0.6,330,0
0.35,-0.35,0.95,0.6,60,0
0.35,-0.35,0.95,0.6,300,0
0.35,-0.35,0.95,0.6,150,0
0.35,-0.35,0.95,0.6,210,0
0.35,-0.35,0.95,0.6,120,0
0.35,-0.35,1.0,0.4,0,1
0.35,-0.35,1.0,0.4,180,0
0.35,-0.35,1.0,0.4,90,0
0.35,-0.35,1.0,0.4,270,0
0.35,-0.35,1.0,0.4,30,1
0.35,-0.35,1.0,0.4,330,0
0.35,-0.35,1.0,0.4,60,1
0.35,-0.35,1.0,0.4,300,1
0.35,-0.35,1.0,0.4,150,0
0.35,-0.35,1.0,0.4,210,0
0.35,-0.35,1.0,0.4,120,0
0.35,-0.35,1.0,0.4,240,1
0.35,-0.35,1.0,0.5,0,1
0.35,-0.35,1.0,0.5,180,0
0.35,-0.35,1.0,0.5,90,0
0.35,-0.35,1.0,0.5,270,0
0.35,-0.35,1.0,0.5,30,1
0.35,-0.35,1.0,0.5,330,0
0.35,-0.35,1.0,0.5,60,1
0.35,-0.35,1.0,0.5,300,1
0.35,-0.35,1.0,0.5,150,0
0.35,-0.35,1.0,0.5,210,0
0.35,-0.35,1.0,0.5,120,0
0.35,-0.35,1.0,0.5,240,1
0.35,-0.35,1.0,0.6,0,1
0.35,-0.35,1.0,0.6,180,0
0.35,-0.35,1.0,0.6,90,0
0.35,-0.35,1.0,0.6,270,1
0.35,-0.35,1.0,0.6,30,1
0.35,-0.35,1.0,0.6,330,0
0.35,-0.35,1.0,0.6,60,0
0.35,-0.35,1.0,0.6,300,0
0.35,-0.35,1.0,0.6,150,0
0.35,-0.35,1.0,0.6,210,0
0.35,-0.35,1.0,0.6,120,0
0.35,-0.3,0.65,0.4,0,1
0.35,-0.3,0.65,0.4,180,1
0.35,-0.3,0.65,0.4,90,0
0.35,-0.3,0.65,0.4,270,1
0.35,-0.3,0.65,0.4,30,1
0.35,-0.3,0.65,0.4,330,0
0.35,-0.3,0.65,0.4,60,1
0.35,-0.3,0.65,0.4,300,1
0.35,-0.3,0.65,0.4,150,0
0.35,-0.3,0.65,0.4,210,1
0.35,-0.3,0.65,0.4,120,1
0.35,-0.3,0.65,0.4,240,1
0.35,-0.3,0.65,0.5,0,1
0.35,-0.3,0.65,0.5,180,0
0.35,-0.3,0.65,0.5,90,0
0.35,-0.3,0.65,0.5,270,0
0.35,-0.3,0.65,0.5,30,1
0.35,-0.3,0.65,0.5,330,0
0.35,-0.3,0.65,0.5,60,1
0.35,-0.3,0.65,0.5,300,1
0.35,-0.3,0.65,0.5,150,0
0.35,-0.3,0.65,0.5,210,1
0.35,-0.3,0.65,0.5,120,0
0.35,-0.3,0.65,0.5,240,1
0.35,-0.3,0.65,0.6,0,0
0.35,-0.3,0.65,0.6,180,0
0.35,-0.3,0.65,0.6,90,0
0.35,-0.3,0.65,0.6,270,1
0.35,-0.3,0.65,0.6,30,1
0.35,-0.3,0.65,0.6,330,1
0.35,-0.3,0.65,0.6,60,1
0.35,-0.3,0.65,0.6,300,1
0.35,-0.3,0.65,0.6,150,0
0.35,-0.3,0.65,0.6,210,0
0.35,-0.3,0.65,0.6,120,0
0.35,-0.3,0.65,0.6,240,1
0.35,-0.3,0.7,0.4,0,1
0.35,-0.3,0.7,0.4,180,0
0.35,-0.3,0.7,0.4,90,0
0.35,-0.3,0.7,0.4,270,1
0.35,-0.3,0.7,0.4,30,1
0.35,-0.3,0.7,0.4,330,0
0.35,-0.3,0.7,0.4,60,1
0.35,-0.3,0.7,0.4,300,1
0.35,-0.3,0.7,0.4,150,0
0.35,-0.3,0.7,0.4,210,1
0.35,-0.3,0.7,0.4,120,1
0.35,-0.3,0.7,0.4,240,1
0.35,-0.3,0.7,0.5,0,1
0.35,-0.3,0.7,0.5,180,0
0.35,-0.3,0.7,0.5,90,0
0.35,-0.3,0.7,0.5,270,1
0.35,-0.3,0.7,0.5,30,1
0.35,-0.3,0.7,0.5,330,0
0.35,-0.3,0.7,0.5,60,1
0.35,-0.3,0.7,0.5,300,0
0.35,-0.3,0.7,0.5,150,0
0.35,-0.3,0.7,0.5,210,1
0.35,-0.3,0.7,0.5,120,0
0.35,-0.3,0.7,0.5,240,1
0.35,-0.3,0.7,0.6,0,1
0.35,-0.3,0.7,0.6,180,0
0.35,-0.3,0.7,0.6,90,0
0.35,-0.3,0.7,0.6,270,1
0.35,-0.3,0.7,0.6,30,1
0.35,-0.3,0.7,0.6,330,0
0.35,-0.3,0.7,0.6,60,1
0.35,-0.3,0.7,0.6,300,0
0.35,-0.3,0.7,0.6,150,0
0.35,-0.3,0.7,0.6,210,0
0.35,-0.3,0.7,0.6,120,0
0.35,-0.3,0.7,0.6,240,1
0.35,-0.3,0.75,0.4,0,1
0.35,-0.3,0.75,0.4,180,1
0.35,-0.3,0.75,0.4,90,0
0.35,-0.3,0.75,0.4,270,0
0.35,-0.3,0.75,0.4,30,1
0.35,-0.3,0.75,0.4,330,0
0.35,-0.3,0.75,0.4,60,1
0.35,-0.3,0.75,0.4,300,1
0.35,-0.3,0.75,0.4,150,0
0.35,-0.3,0.75,0.4,210,1
0.35,-0.3,0.75,0.4,120,1
0.35,-0.3,0.75,0.4,240,1
0.35,-0.3,0.75,0.5,0,1
0.35,-0.3,0.75,0.5,180,0
0.35,-0.3,0.75,0.5,90,0
0.35,-0.3,0.75,0.5,270,0
0.35,-0.3,0.75,0.5,30,1
0.35,-0.3,0.75,0.5,330,0
0.35,-0.3,0.75,0.5,60,1
0.35,-0.3,0.75,0.5,300,0
0.35,-0.3,0.75,0.5,150,0
0.35,-0.3,0.75,0.5,210,1
0.35,-0.3,0.75,0.5,120,0
0.35,-0.3,0.75,0.5,240,1
0.35,-0.3,0.75,0.6,0,1
0.35,-0.3,0.75,0.6,180,0
0.35,-0.3,0.75,0.6,90,0
0.35,-0.3,0.75,0.6,270,1
0.35,-0.3,0.75,0.6,30,1
0.35,-0.3,0.75,0.6,330,1
0.35,-0.3,0.75,0.6,60,1
0.35,-0.3,0.75,0.6,300,0
0.35,-0.3,0.75,0.6,150,0
0.35,-0.3,0.75,0.6,210,0
0.35,-0.3,0.75,0.6,120,0
0.35,-0.3,0.75,0.6,240,1
0.35,-0.3,0.8,0.4,0,1
0.35,-0.3,0.8,0.4,180,0
0.35,-0.3,0.8,0.4,90,0
0.35,-0.3,0.8,0.4,270,1
0.35,-0.3,0.8,0.4,30,1
0.35,-0.3,0.8,0.4,330,0
0.35,-0.3,0.8,0.4,60,1
0.35,-0.3,0.8,0.4,300,1
0.35,-0.3,0.8,0.4,150,0
0.35,-0.3,0.8,0.4,210,1
0.35,-0.3,0.8,0.4,120,1
0.35,-0.3,0.8,0.4,240,1
0.35,-0.3,0.8,0.5,0,1
0.35,-0.3,0.8,0.5,180,0
0.35,-0.3,0.8,0.5,90,0
0.35,-0.3,0.8,0.5,270,0
0.35,-0.3,0.8,0.5,30,1
0.35,-0.3,0.8,0.5,330,0
0.35,-0.3,0.8,0.5,60,1
0.35,-0.3,0.8,0.5,300,0
0.35,-0.3,0.8,0.5,150,0
0.35,-0.3,0.8,0.5,210,1
0.35,-0.3,0.8,0.5,120,0
0.35,-0.3,0.8,0.5,240,1
0.35,-0.3,0.8,0.6,0,1
0.35,-0.3,0.8,0.6,180,0
0.35,-0.3,0.8,0.6,90,0
0.35,-0.3,0.8,0.6,270,1
0.35,-0.3,0.8,0.6,30,1
0.35,-0.3,0.8,0.6,330,1
0.35,-0.3,0.8,0.6,60,1
0.35,-0.3,0.8,0.6,300,0
0.35,-0.3,0.8,0.6,150,0
0.35,-0.3,0.8,0.6,210,0
0.35,-0.3,0.8,0.6,120,0
0.35,-0.3,0.8,0.6,240,1
0.35,-0.3,0.85,0.4,0,1
0.35,-0.3,0.85,0.4,180,0
0.35,-0.3,0.85,0.4,90,0
0.35,-0.3,0.85,0.4,270,1
0.35,-0.3,0.85,0.4,30,1
0.35,-0.3,0.85,0.4,330,0
0.35,-0.3,0.85,0.4,60,1
0.35,-0.3,0.85,0.4,300,1
0.35,-0.3,0.85,0.4,150,0
0.35,-0.3,0.85,0.4,210,1
0.35,-0.3,0.85,0.4,120,1
0.35,-0.3,0.85,0.4,240,1
0.35,-0.3,0.85,0.5,0,1
0.35,-0.3,0.85,0.5,180,0
0.35,-0.3,0.85,0.5,90,0
0.35,-0.3,0.85,0.5,270,1
0.35,-0.3,0.85,0.5,30,1
0.35,-0.3,0.85,0.5,330,0
0.35,-0.3,0.85,0.5,60,1
0.35,-0.3,0.85,0.5,300,1
0.35,-0.3,0.85,0.5,150,0
0.35,-0.3,0.85,0.5,210,1
0.35,-0.3,0.85,0.5,120,0
0.35,-0.3,0.85,0.5,240,1
0.35,-0.3,0.85,0.6,0,1
0.35,-0.3,0.85,0.6,180,0
0.35,-0.3,0.85,0.6,90,0
0.35,-0.3,0.85,0.6,270,0
0.35,-0.3,0.85,0.6,30,1
0.35,-0.3,0.85,0.6,330,1
0.35,-0.3,0.85,0.6,60,1
0.35,-0.3,0.85,0.6,300,1
0.35,-0.3,0.85,0.6,150,0
0.35,-0.3,0.85,0.6,210,0
0.35,-0.3,0.85,0.6,120,0
0.35,-0.3,0.85,0.6,240,1
0.35,-0.3,0.9,0.4,0,1
0.35,-0.3,0.9,0.4,180,0
0.35,-0.3,0.9,0.4,90,0
0.35,-0.3,0.9,0.4,270,0
0.35,-0.3,0.9,0.4,30,1
0.35,-0.3,0.9,0.4,330,0
0.35,-0.3,0.9,0.4,60,1
0.35,-0.3,0.9,0.4,300,1
0.35,-0.3,0.9,0.4,150,0
0.35,-0.3,0.9,0.4,210,1
0.35,-0.3,0.9,0.4,120,1
0.35,-0.3,0.9,0.4,240,0
0.35,-0.3,0.9,0.5,0,1
0.35,-0.3,0.9,0.5,180,0
0.35,-0.3,0.9,0.5,90,0
0.35,-0.3,0.9,0.5,270,1
0.35,-0.3,0.9,0.5,30,1
0.35,-0.3,0.9,0.5,330,0
0.35,-0.3,0.9,0.5,60,1
0.35,-0.3,0.9,0.5,300,0
0.35,-0.3,0.9,0.5,150,0
0.35,-0.3,0.9,0.5,210,0
0.35,-0.3,0.9,0.5,120,0
0.35,-0.3,0.9,0.5,240,1
0.35,-0.3,0.9,0.6,0,1
0.35,-0.3,0.9,0.6,180,0
0.35,-0.3,0.9,0.6,90,0
0.35,-0.3,0.9,0.6,270,0
0.35,-0.3,0.9,0.6,30,1
0.35,-0.3,0.9,0.6,330,0
0.35,-0.3,0.9,0.6,60,1
0.35,-0.3,0.9,0.6,300,0
0.35,-0.3,0.9,0.6,150,0
0.35,-0.3,0.9,0.6,210,0
0.35,-0.3,0.9,0.6,120,0
0.35,-0.3,0.9,0.6,240,1
0.35,-0.3,0.95,0.4,0,1
0.35,-0.3,0.95,0.4,180,0
0.35,-0.3,0.95,0.4,90,0
0.35,-0.3,0.95,0.4,270,0
0.35,-0.3,0.95,0.4,30,1
0.35,-0.3,0.95,0.4,330,0
0.35,-0.3,0.95,0.4,60,1
0.35,-0.3,0.95,0.4,300,1
0.35,-0.3,0.95,0.4,150,0
0.35,-0.3,0.95,0.4,210,1
0.35,-0.3,0.95,0.4,120,1
0.35,-0.3,0.95,0.4,240,0
0.35,-0.3,0.95,0.5,0,1
0.35,-0.3,0.95,0.5,180,0
0.35,-0.3,0.95,0.5,90,0
0.35,-0.3,0.95,0.5,270,0
0.35,-0.3,0.95,0.5,30,1
0.35,-0.3,0.95,0.5,330,0
0.35,-0.3,0.95,0.5,60,1
0.35,-0.3,0.95,0.5,300,0
0.35,-0.3,0.95,0.5,150,0
0.35,-0.3,0.95,0.5,210,0
0.35,-0.3,0.95,0.5,120,0
0.35,-0.3,0.95,0.5,240,1
0.35,-0.3,0.95,0.6,0,1
0.35,-0.3,0.95,0.6,180,0
0.35,-0.3,0.95,0.6,90,0
0.35,-0.3,0.95,0.6,270,1
0.35,-0.3,0.95,0.6,30,1
0.35,-0.3,0.95,0.6,330,1
0.35,-0.3,0.95,0.6,60,0
0.35,-0.3,0.95,0.6,300,0
0.35,-0.3,0.95,0.6,150,0
0.35,-0.3,0.95,0.6,210,0
0.35,-0.3,0.95,0.6,120,0
0.35,-0.3,0.95,0.6,240,1
0.35,-0.3,1.0,0.4,0,1
0.35,-0.3,1.0,0.4,180,0
0.35,-0.3,1.0,0.4,90,0
0.35,-0.3,1.0,0.4,270,1
0.35,-0.3,1.0,0.4,30,1
0.35,-0.3,1.0,0.4,330,0
0.35,-0.3,1.0,0.4,60,1
0.35,-0.3,1.0,0.4,300,1
0.35,-0.3,1.0,0.4,150,0
0.35,-0.3,1.0,0.4,210,0
0.35,-0.3,1.0,0.4,120,0
0.35,-0.3,1.0,0.4,240,0
0.35,-0.3,1.0,0.5,0,1
0.35,-0.3,1.0,0.5,180,0
0.35,-0.3,1.0,0.5,90,0
0.35,-0.3,1.0,0.5,270,1
0.35,-0.3,1.0,0.5,30,1
0.35,-0.3,1.0,0.5,330,0
0.35,-0.3,1.0,0.5,60,1
0.35,-0.3,1.0,0.5,300,0
0.35,-0.3,1.0,0.5,150,0
0.35,-0.3,1.0,0.5,210,0
0.35,-0.3,1.0,0.5,120,0
0.35,-0.3,1.0,0.5,240,0
0.35,-0.3,1.0,0.6,0,1
0.35,-0.3,1.0,0.6,180,0
0.35,-0.3,1.0,0.6,90,0
0.35,-0.3,1.0,0.6,270,1
0.35,-0.3,1.0,0.6,30,1
0.35,-0.3,1.0,0.6,330,1
0.35,-0.3,1.0,0.6,60,0
0.35,-0.3,1.0,0.6,300,0
0.35,-0.3,1.0,0.6,150,0
0.35,-0.3,1.0,0.6,210,0
0.35,-0.3,1.0,0.6,120,0
0.35,-0.3,1.0,0.6,240,1
0.35,-0.25,0.65,0.4,0,1
0.35,-0.25,0.65,0.4,180,1
0.35,-0.25,0.65,0.4,90,0
0.35,-0.25,0.65,0.4,270,1
0.35,-0.25,0.65,0.4,30,1
0.35,-0.25,0.65,0.4,330,0
0.35,-0.25,0.65,0.4,60,1
0.35,-0.25,0.65,0.4,300,1
0.35,-0.25,0.65,0.4,150,1
0.35,-0.25,0.65,0.4,210,1
0.35,-0.25,0.65,0.4,120,1
0.35,-0.25,0.65,0.4,240,1
0.35,-0.25,0.65,0.5,0,1
0.35,-0.25,0.65,0.5,180,0
0.35,-0.25,0.65,0.5,90,0
0.35,-0.25,0.65,0.5,270,1
0.35,-0.25,0.65,0.5,30,1
0.35,-0.25,0.65,0.5,330,0
0.35,-0.25,0.65,0.5,60,1
0.35,-0.25,0.65,0.5,300,1
0.35,-0.25,0.65,0.5,150,0
0.35,-0.25,0.65,0.5,210,1
0.35,-0.25,0.65,0.5,120,0
0.35,-0.25,0.65,0.5,240,1
0.35,-0.25,0.65,0.6,0,1
0.35,-0.25,0.65,0.6,180,0
0.35,-0.25,0.65,0.6,90,0
0.35,-0.25,0.65,0.6,270,0
0.35,-0.25,0.65,0.6,30,1
0.35,-0.25,0.65,0.6,330,0
0.35,-0.25,0.65,0.6,60,1
0.35,-0.25,0.65,0.6,300,1
0.35,-0.25,0.65,0.6,150,0
0.35,-0.25,0.65,0.6,210,0
0.35,-0.25,0.65,0.6,120,0
0.35,-0.25,0.65,0.6,240,1
0.35,-0.25,0.7,0.4,0,1
0.35,-0.25,0.7,0.4,180,1
0.35,-0.25,0.7,0.4,90,0
0.35,-0.25,0.7,0.4,270,1
0.35,-0.25,0.7,0.4,30,1
0.35,-0.25,0.7,0.4,330,0
0.35,-0.25,0.7,0.4,60,1
0.35,-0.25,0.7,0.4,300,0
0.35,-0.25,0.7,0.4,150,1
0.35,-0.25,0.7,0.4,210,1
0.35,-0.25,0.7,0.4,120,1
0.35,-0.25,0.7,0.4,240,1
0.35,-0.25,0.7,0.5,0,1
0.35,-0.25,0.7,0.5,180,0
0.35,-0.25,0.7,0.5,90,0
0.35,-0.25,0.7,0.5,270,0
0.35,-0.25,0.7,0.5,30,1
0.35,-0.25,0.7,0.5,330,0
0.35,-0.25,0.7,0.5,60,1
0.35,-0.25,0.7,0.5,300,1
0.35,-0.25,0.7,0.5,150,0
0.35,-0.25,0.7,0.5,210,1
0.35,-0.25,0.7,0.5,120,0
0.35,-0.25,0.7,0.5,240,1
0.35,-0.25,0.7,0.6,0,1
0.35,-0.25,0.7,0.6,180,0
0.35,-0.25,0.7,0.6,90,0
0.35,-0.25,0.7,0.6,270,1
0.35,-0.25,0.7,0.6,30,1
0.35,-0.25,0.7,0.6,330,1
0.35,-0.25,0.7,0.6,60,1
0.35,-0.25,0.7,0.6,300,0
0.35,-0.25,0.7,0.6,150,0
0.35,-0.25,0.7,0.6,210,0
0.35,-0.25,0.7,0.6,120,0
0.35,-0.25,0.7,0.6,240,1
0.35,-0.25,0.75,0.4,0,1
0.35,-0.25,0.75,0.4,180,0
0.35,-0.25,0.75,0.4,90,0
0.35,-0.25,0.75,0.4,270,0
0.35,-0.25,0.75,0.4,30,1
0.35,-0.25,0.75,0.4,330,0
0.35,-0.25,0.75,0.4,60,1
0.35,-0.25,0.75,0.4,300,0
0.35,-0.25,0.75,0.4,150,1
0.35,-0.25,0.75,0.4,210,1
0.35,-0.25,0.75,0.4,120,1
0.35,-0.25,0.75,0.4,240,1
0.35,-0.25,0.75,0.5,0,1
0.35,-0.25,0.75,0.5,180,0
0.35,-0.25,0.75,0.5,90,0
0.35,-0.25,0.75,0.5,270,0
0.35,-0.25,0.75,0.5,30,1
0.35,-0.25,0.75,0.5,330,0
0.35,-0.25,0.75,0.5,60,1
0.35,-0.25,0.75,0.5,300,1
0.35,-0.25,0.75,0.5,150,0
0.35,-0.25,0.75,0.5,210,1
0.35,-0.25,0.75,0.5,120,0
0.35,-0.25,0.75,0.5,240,1
0.35,-0.25,0.75,0.6,0,1
0.35,-0.25,0.75,0.6,180,0
0.35,-0.25,0.75,0.6,90,0
0.35,-0.25,0.75,0.6,270,1
0.35,-0.25,0.75,0.6,30,1
0.35,-0.25,0.75,0.6,330,1
0.35,-0.25,0.75,0.6,60,1
0.35,-0.25,0.75,0.6,300,1
0.35,-0.25,0.75,0.6,150,0
0.35,-0.25,0.75,0.6,210,0
0.35,-0.25,0.75,0.6,120,0
0.35,-0.25,0.75,0.6,240,1
0.35,-0.25,0.8,0.4,0,1
0.35,-0.25,0.8,0.4,180,0
0.35,-0.25,0.8,0.4,90,0
0.35,-0.25,0.8,0.4,270,0
0.35,-0.25,0.8,0.4,30,1
0.35,-0.25,0.8,0.4,330,0
0.35,-0.25,0.8,0.4,60,1
0.35,-0.25,0.8,0.4,300,1
0.35,-0.25,0.8,0.4,150,1
0.35,-0.25,0.8,0.4,210,1
0.35,-0.25,0.8,0.4,120,1
0.35,-0.25,0.8,0.4,240,1
0.35,-0.25,0.8,0.5,0,1
0.35,-0.25,0.8,0.5,180,0
0.35,-0.25,0.8,0.5,90,0
0.35,-0.25,0.8,0.5,270,0
0.35,-0.25,0.8,0.5,30,1
0.35,-0.25,0.8,0.5,330,0
0.35,-0.25,0.8,0.5,60,1
0.35,-0.25,0.8,0.5,300,0
0.35,-0.25,0.8,0.5,150,0
0.35,-0.25,0.8,0.5,210,1
0.35,-0.25,0.8,0.5,120,0
0.35,-0.25,0.8,0.5,240,1
0.35,-0.25,0.8,0.6,0,1
0.35,-0.25,0.8,0.6,180,0
0.35,-0.25,0.8,0.6,90,0
0.35,-0.25,0.8,0.6,270,1
0.35,-0.25,0.8,0.6,30,1
0.35,-0.25,0.8,0.6,330,0
0.35,-0.25,0.8,0.6,60,1
0.35,-0.25,0.8,0.6,300,1
0.35,-0.25,0.8,0.6,150,0
0.35,-0.25,0.8,0.6,210,0
0.35,-0.25,0.8,0.6,120,0
0.35,-0.25,0.8,0.6,240,1
0.35,-0.25,0.85,0.4,0,1
0.35,-0.25,0.85,0.4,180,0
0.35,-0.25,0.85,0.4,90,0
0.35,-0.25,0.85,0.4,270,1
0.35,-0.25,0.85,0.4,30,1
0.35,-0.25,0.85,0.4,330,0
0.35,-0.25,0.85,0.4,60,1
0.35,-0.25,0.85,0.4,300,1
0.35,-0.25,0.85,0.4,150,1
0.35,-0.25,0.85,0.4,210,1
0.35,-0.25,0.85,0.4,120,1
0.35,-0.25,0.85,0.4,240,1
0.35,-0.25,0.85,0.5,0,1
0.35,-0.25,0.85,0.5,180,0
0.35,-0.25,0.85,0.5,90,0
0.35,-0.25,0.85,0.5,270,0
0.35,-0.25,0.85,0.5,30,1
0.35,-0.25,0.85,0.5,330,0
0.35,-0.25,0.85,0.5,60,1
0.35,-0.25,0.85,0.5,300,1
0.35,-0.25,0.85,0.5,150,0
0.35,-0.25,0.85,0.5,210,1
0.35,-0.25,0.85,0.5,120,0
0.35,-0.25,0.85,0.5,240,1
0.35,-0.25,0.85,0.6,0,1
0.35,-0.25,0.85,0.6,180,0
0.35,-0.25,0.85,0.6,90,0
0.35,-0.25,0.85,0.6,270,1
0.35,-0.25,0.85,0.6,30,1
0.35,-0.25,0.85,0.6,330,0
0.35,-0.25,0.85,0.6,60,1
0.35,-0.25,0.85,0.6,300,1
0.35,-0.25,0.85,0.6,150,0
0.35,-0.25,0.85,0.6,210,0
0.35,-0.25,0.85,0.6,120,0
0.35,-0.25,0.85,0.6,240,1
0.35,-0.25,0.9,0.4,0,1
0.35,-0.25,0.9,0.4,180,0
0.35,-0.25,0.9,0.4,90,0
0.35,-0.25,0.9,0.4,270,1
0.35,-0.25,0.9,0.4,30,1
0.35,-0.25,0.9,0.4,330,0
0.35,-0.25,0.9,0.4,60,1
0.35,-0.25,0.9,0.4,300,0
0.35,-0.25,0.9,0.4,150,0
0.35,-0.25,0.9,0.4,210,1
0.35,-0.25,0.9,0.4,120,1
0.35,-0.25,0.9,0.4,240,1
0.35,-0.25,0.9,0.5,0,1
0.35,-0.25,0.9,0.5,180,0
0.35,-0.25,0.9,0.5,90,0
0.35,-0.25,0.9,0.5,270,0
0.35,-0.25,0.9,0.5,30,1
0.35,-0.25,0.9,0.5,330,1
0.35,-0.25,0.9,0.5,60,1
0.35,-0.25,0.9,0.5,300,0
0.35,-0.25,0.9,0.5,150,0
0.35,-0.25,0.9,0.5,210,1
0.35,-0.25,0.9,0.5,120,0
0.35,-0.25,0.9,0.5,240,1
0.35,-0.25,0.9,0.6,0,1
0.35,-0.25,0.9,0.6,180,0
0.35,-0.25,0.9,0.6,90,0
0.35,-0.25,0.9,0.6,270,1
0.35,-0.25,0.9,0.6,30,1
0.35,-0.25,0.9,0.6,330,0
0.35,-0.25,0.9,0.6,60,1
0.35,-0.25,0.9,0.6,300,0
0.35,-0.25,0.9,0.6,150,0
0.35,-0.25,0.9,0.6,210,0
0.35,-0.25,0.9,0.6,120,0
0.35,-0.25,0.9,0.6,240,1
0.35,-0.25,0.95,0.4,0,1
0.35,-0.25,0.95,0.4,180,0
0.35,-0.25,0.95,0.4,90,0
0.35,-0.25,0.95,0.4,270,1
0.35,-0.25,0.95,0.4,30,1
0.35,-0.25,0.95,0.4,330,0
0.35,-0.25,0.95,0.4,60,1
0.35,-0.25,0.95,0.4,300,1
0.35,-0.25,0.95,0.4,150,0
0.35,-0.25,0.95,0.4,210,0
0.35,-0.25,0.95,0.4,120,1
0.35,-0.25,0.95,0.4,240,1
0.35,-0.25,0.95,0.5,0,1
0.35,-0.25,0.95,0.5,180,0
0.35,-0.25,0.95,0.5,90,0
0.35,-0.25,0.95,0.5,270,0
0.35,-0.25,0.95,0.5,30,1
0.35,-0.25,0.95,0.5,330,1
0.35,-0.25,0.95,0.5,60,1
0.35,-0.25,0.95,0.5,300,1
0.35,-0.25,0.95,0.5,150,0
0.35,-0.25,0.95,0.5,210,0
0.35,-0.25,0.95,0.5,120,0
0.35,-0.25,0.95,0.5,240,1
0.35,-0.25,0.95,0.6,0,1
0.35,-0.25,0.95,0.6,180,0
0.35,-0.25,0.95,0.6,90,0
0.35,-0.25,0.95,0.6,270,1
0.35,-0.25,0.95,0.6,30,1
0.35,-0.25,0.95,0.6,330,1
0.35,-0.25,0.95,0.6,60,0
0.35,-0.25,0.95,0.6,300,0
0.35,-0.25,0.95,0.6,150,0
0.35,-0.25,0.95,0.6,210,0
0.35,-0.25,0.95,0.6,120,0
0.35,-0.25,0.95,0.6,240,1
0.35,-0.25,1.0,0.4,0,1
0.35,-0.25,1.0,0.4,180,0
0.35,-0.25,1.0,0.4,90,0
0.35,-0.25,1.0,0.4,270,1
0.35,-0.25,1.0,0.4,30,1
0.35,-0.25,1.0,0.4,330,0
0.35,-0.25,1.0,0.4,60,1
0.35,-0.25,1.0,0.4,300,1
0.35,-0.25,1.0,0.4,150,0
0.35,-0.25,1.0,0.4,210,1
0.35,-0.25,1.0,0.4,120,1
0.35,-0.25,1.0,0.4,240,0
0.35,-0.25,1.0,0.5,0,1
0.35,-0.25,1.0,0.5,180,0
0.35,-0.25,1.0,0.5,90,0
0.35,-0.25,1.0,0.5,270,0
0.35,-0.25,1.0,0.5,30,1
0.35,-0.25,1.0,0.5,330,0
0.35,-0.25,1.0,0.5,60,1
0.35,-0.25,1.0,0.5,300,0
0.35,-0.25,1.0,0.5,150,0
0.35,-0.25,1.0,0.5,210,1
0.35,-0.25,1.0,0.5,120,0
0.35,-0.25,1.0,0.5,240,0
0.35,-0.25,1.0,0.6,0,1
0.35,-0.25,1.0,0.6,180,0
0.35,-0.25,1.0,0.6,90,0
0.35,-0.25,1.0,0.6,270,1
0.35,-0.25,1.0,0.6,30,1
0.35,-0.25,1.0,0.6,330,1
0.35,-0.25,1.0,0.6,60,0
0.35,-0.25,1.0,0.6,300,0
0.35,-0.25,1.0,0.6,150,0
0.35,-0.25,1.0,0.6,210,0
0.35,-0.25,1.0,0.6,120,0
0.35,-0.25,1.0,0.6,240,1
0.35,-0.2,0.65,0.4,0,1
0.35,-0.2,0.65,0.4,180,1
0.35,-0.2,0.65,0.4,90,0
0.35,-0.2,0.65,0.4,270,0
0.35,-0.2,0.65,0.4,30,1
0.35,-0.2,0.65,0.4,330,0
0.35,-0.2,0.65,0.4,60,1
0.35,-0.2,0.65,0.4,300,0
0.35,-0.2,0.65,0.4,150,1
0.35,-0.2,0.65,0.4,210,1
0.35,-0.2,0.65,0.4,120,1
0.35,-0.2,0.65,0.4,240,1
0.35,-0.2,0.65,0.5,0,1
0.35,-0.2,0.65,0.5,180,1
0.35,-0.2,0.65,0.5,90,0
0.35,-0.2,0.65,0.5,270,0
0.35,-0.2,0.65,0.5,30,1
0.35,-0.2,0.65,0.5,330,1
0.35,-0.2,0.65,0.5,60,1
0.35,-0.2,0.65,0.5,300,0
0.35,-0.2,0.65,0.5,150,0
0.35,-0.2,0.65,0.5,210,1
0.35,-0.2,0.65,0.5,120,0
0.35,-0.2,0.65,0.5,240,1
0.35,-0.2,0.65,0.6,0,1
0.35,-0.2,0.65,0.6,180,0
0.35,-0.2,0.65,0.6,90,0
0.35,-0.2,0.65,0.6,270,0
0.35,-0.2,0.65,0.6,30,1
0.35,-0.2,0.65,0.6,330,1
0.35,-0.2,0.65,0.6,60,1
0.35,-0.2,0.65,0.6,300,1
0.35,-0.2,0.65,0.6,150,0
0.35,-0.2,0.65,0.6,210,1
0.35,-0.2,0.65,0.6,120,0
0.35,-0.2,0.65,0.6,240,1
0.35,-0.2,0.7,0.4,0,1
0.35,-0.2,0.7,0.4,180,1
0.35,-0.2,0.7,0.4,90,0
0.35,-0.2,0.7,0.4,270,0
0.35,-0.2,0.7,0.4,30,1
0.35,-0.2,0.7,0.4,330,0
0.35,-0.2,0.7,0.4,60,1
0.35,-0.2,0.7,0.4,300,0
0.35,-0.2,0.7,0.4,150,1
0.35,-0.2,0.7,0.4,210,1
0.35,-0.2,0.7,0.4,120,1
0.35,-0.2,0.7,0.4,240,1
0.35,-0.2,0.7,0.5,0,1
0.35,-0.2,0.7,0.5,180,0
0.35,-0.2,0.7,0.5,90,0
0.35,-0.2,0.7,0.5,270,1
0.35,-0.2,0.7,0.5,30,1
0.35,-0.2,0.7,0.5,330,0
0.35,-0.2,0.7,0.5,60,1
0.35,-0.2,0.7,0.5,300,0
0.35,-0.2,0.7,0.5,150,0
0.35,-0.2,0.7,0.5,210,1
0.35,-0.2,0.7,0.5,120,0
0.35,-0.2,0.7,0.5,240,1
0.35,-0.2,0.7,0.6,0,1
0.35,-0.2,0.7,0.6,180,0
0.35,-0.2,0.7,0.6,90,0
0.35,-0.2,0.7,0.6,270,0
0.35,-0.2,0.7,0.6,30,1
0.35,-0.2,0.7,0.6,330,1
0.35,-0.2,0.7,0.6,60,1
0.35,-0.2,0.7,0.6,300,1
0.35,-0.2,0.7,0.6,150,0
0.35,-0.2,0.7,0.6,210,1
0.35,-0.2,0.7,0.6,120,0
0.35,-0.2,0.7,0.6,240,1
0.35,-0.2,0.75,0.4,0,1
0.35,-0.2,0.75,0.4,180,0
0.35,-0.2,0.75,0.4,90,1
0.35,-0.2,0.75,0.4,270,1
0.35,-0.2,0.75,0.4,30,1
0.35,-0.2,0.75,0.4,330,0
0.35,-0.2,0.75,0.4,60,1
0.35,-0.2,0.75,0.4,300,0
0.35,-0.2,0.75,0.4,150,1
0.35,-0.2,0.75,0.4,210,1
0.35,-0.2,0.75,0.4,120,1
0.35,-0.2,0.75,0.4,240,1
0.35,-0.2,0.75,0.5,0,1
0.35,-0.2,0.75,0.5,180,0
0.35,-0.2,0.75,0.5,90,0
0.35,-0.2,0.75,0.5,270,0
0.35,-0.2,0.75,0.5,30,1
0.35,-0.2,0.75,0.5,330,0
0.35,-0.2,0.75,0.5,60,1
0.35,-0.2,0.75,0.5,300,0
0.35,-0.2,0.75,0.5,150,0
0.35,-0.2,0.75,0.5,210,1
0.35,-0.2,0.75,0.5,120,0
0.35,-0.2,0.75,0.5,240,1
0.35,-0.2,0.75,0.6,0,1
0.35,-0.2,0.75,0.6,180,0
0.35,-0.2,0.75,0.6,90,0
0.35,-0.2,0.75,0.6,270,0
0.35,-0.2,0.75,0.6,30,1
0.35,-0.2,0.75,0.6,330,1
0.35,-0.2,0.75,0.6,60,1
0.35,-0.2,0.75,0.6,300,0
0.35,-0.2,0.75,0.6,150,0
0.35,-0.2,0.75,0.6,210,1
0.35,-0.2,0.75,0.6,120,0
0.35,-0.2,0.75,0.6,240,1
0.35,-0.2,0.8,0.4,0,1
0.35,-0.2,0.8,0.4,180,1
0.35,-0.2,0.8,0.4,90,1
0.35,-0.2,0.8,0.4,270,0
0.35,-0.2,0.8,0.4,30,1
0.35,-0.2,0.8,0.4,330,0
0.35,-0.2,0.8,0.4,60,1
0.35,-0.2,0.8,0.4,300,0
0.35,-0.2,0.8,0.4,150,1
0.35,-0.2,0.8,0.4,210,1
0.35,-0.2,0.8,0.4,120,1
0.35,-0.2,0.8,0.4,240,1
0.35,-0.2,0.8,0.5,0,1
0.35,-0.2,0.8,0.5,180,0
0.35,-0.2,0.8,0.5,90,0
0.35,-0.2,0.8,0.5,270,1
0.35,-0.2,0.8,0.5,30,1
0.35,-0.2,0.8,0.5,330,0
0.35,-0.2,0.8,0.5,60,1
0.35,-0.2,0.8,0.5,300,0
0.35,-0.2,0.8,0.5,150,0
0.35,-0.2,0.8,0.5,210,1
0.35,-0.2,0.8,0.5,120,0
0.35,-0.2,0.8,0.5,240,1
0.35,-0.2,0.8,0.6,0,1
0.35,-0.2,0.8,0.6,180,0
0.35,-0.2,0.8,0.6,90,0
0.35,-0.2,0.8,0.6,270,1
0.35,-0.2,0.8,0.6,30,1
0.35,-0.2,0.8,0.6,330,0
0.35,-0.2,0.8,0.6,60,1
0.35,-0.2,0.8,0.6,300,1
0.35,-0.2,0.8,0.6,150,0
0.35,-0.2,0.8,0.6,210,1
0.35,-0.2,0.8,0.6,120,0
0.35,-0.2,0.8,0.6,240,1
0.35,-0.2,0.85,0.4,0,1
0.35,-0.2,0.85,0.4,180,0
0.35,-0.2,0.85,0.4,90,1
0.35,-0.2,0.85,0.4,270,1
0.35,-0.2,0.85,0.4,30,1
0.35,-0.2,0.85,0.4,330,0
0.35,-0.2,0.85,0.4,60,1
0.35,-0.2,0.85,0.4,300,0
0.35,-0.2,0.85,0.4,150,1
0.35,-0.2,0.85,0.4,210,1
0.35,-0.2,0.85,0.4,120,1
0.35,-0.2,0.85,0.4,240,1
0.35,-0.2,0.85,0.5,0,1
0.35,-0.2,0.85,0.5,180,0
0.35,-0.2,0.85,0.5,90,0
0.35,-0.2,0.85,0.5,270,0
0.35,-0.2,0.85,0.5,30,1
0.35,-0.2,0.85,0.5,330,0
0.35,-0.2,0.85,0.5,60,1
0.35,-0.2,0.85,0.5,300,0
0.35,-0.2,0.85,0.5,150,0
0.35,-0.2,0.85,0.5,210,1
0.35,-0.2,0.85,0.5,120,0
0.35,-0.2,0.85,0.5,240,1
0.35,-0.2,0.85,0.6,0,1
0.35,-0.2,0.85,0.6,180,0
0.35,-0.2,0.85,0.6,90,0
0.35,-0.2,0.85,0.6,270,1
0.35,-0.2,0.85,0.6,30,1
0.35,-0.2,0.85,0.6,330,0
0.35,-0.2,0.85,0.6,60,1
0.35,-0.2,0.85,0.6,300,1
0.35,-0.2,0.85,0.6,150,0
0.35,-0.2,0.85,0.6,210,1
0.35,-0.2,0.85,0.6,120,0
0.35,-0.2,0.85,0.6,240,1
0.35,-0.2,0.9,0.4,0,1
0.35,-0.2,0.9,0.4,180,0
0.35,-0.2,0.9,0.4,90,0
0.35,-0.2,0.9,0.4,270,0
0.35,-0.2,0.9,0.4,30,1
0.35,-0.2,0.9,0.4,330,0
0.35,-0.2,0.9,0.4,60,1
0.35,-0.2,0.9,0.4,300,0
0.35,-0.2,0.9,0.4,150,1
0.35,-0.2,0.9,0.4,210,1
0.35,-0.2,0.9,0.4,120,1
0.35,-0.2,0.9,0.4,240,1
0.35,-0.2,0.9,0.5,0,1
0.35,-0.2,0.9,0.5,180,0
0.35,-0.2,0.9,0.5,90,0
0.35,-0.2,0.9,0.5,270,1
0.35,-0.2,0.9,0.5,30,1
0.35,-0.2,0.9,0.5,330,1
0.35,-0.2,0.9,0.5,60,1
0.35,-0.2,0.9,0.5,300,0
0.35,-0.2,0.9,0.5,150,0
0.35,-0.2,0.9,0.5,210,1
0.35,-0.2,0.9,0.5,120,0
0.35,-0.2,0.9,0.5,240,1
0.35,-0.2,0.9,0.6,0,1
0.35,-0.2,0.9,0.6,180,0
0.35,-0.2,0.9,0.6,90,0
0.35,-0.2,0.9,0.6,270,0
0.35,-0.2,0.9,0.6,30,1
0.35,-0.2,0.9,0.6,330,0
0.35,-0.2,0.9,0.6,60,1
0.35,-0.2,0.9,0.6,300,0
0.35,-0.2,0.9,0.6,150,0
0.35,-0.2,0.9,0.6,210,1
0.35,-0.2,0.9,0.6,120,0
0.35,-0.2,0.9,0.6,240,1
0.35,-0.2,0.95,0.4,0,1
0.35,-0.2,0.95,0.4,180,0
0.35,-0.2,0.95,0.4,90,0
0.35,-0.2,0.95,0.4,270,1
0.35,-0.2,0.95,0.4,30,1
0.35,-0.2,0.95,0.4,330,0
0.35,-0.2,0.95,0.4,60,1
0.35,-0.2,0.95,0.4,300,0
0.35,-0.2,0.95,0.4,150,1
0.35,-0.2,0.95,0.4,210,0
0.35,-0.2,0.95,0.4,120,1
0.35,-0.2,0.95,0.4,240,0
0.35,-0.2,0.95,0.5,0,1
0.35,-0.2,0.95,0.5,180,0
0.35,-0.2,0.95,0.5,90,0
0.35,-0.2,0.95,0.5,270,1
0.35,-0.2,0.95,0.5,30,1
0.35,-0.2,0.95,0.5,330,0
0.35,-0.2,0.95,0.5,60,1
0.35,-0.2,0.95,0.5,300,0
0.35,-0.2,0.95,0.5,150,0
0.35,-0.2,0.95,0.5,210,1
0.35,-0.2,0.95,0.5,120,0
0.35,-0.2,0.95,0.5,240,1
0.35,-0.2,0.95,0.6,0,1
0.35,-0.2,0.95,0.6,180,0
0.35,-0.2,0.95,0.6,90,0
0.35,-0.2,0.95,0.6,270,1
0.35,-0.2,0.95,0.6,30,1
0.35,-0.2,0.95,0.6,330,1
0.35,-0.2,0.95,0.6,60,0
0.35,-0.2,0.95,0.6,300,1
0.35,-0.2,0.95,0.6,150,0
0.35,-0.2,0.95,0.6,210,1
0.35,-0.2,0.95,0.6,120,0
0.35,-0.2,0.95,0.6,240,1
0.35,-0.2,1.0,0.4,0,1
0.35,-0.2,1.0,0.4,180,1
0.35,-0.2,1.0,0.4,90,0
0.35,-0.2,1.0,0.4,270,1
0.35,-0.2,1.0,0.4,30,1
0.35,-0.2,1.0,0.4,330,0
0.35,-0.2,1.0,0.4,60,1
0.35,-0.2,1.0,0.4,300,0
0.35,-0.2,1.0,0.4,150,0
0.35,-0.2,1.0,0.4,210,0
0.35,-0.2,1.0,0.4,120,1
0.35,-0.2,1.0,0.4,240,1
0.35,-0.2,1.0,0.5,0,1
0.35,-0.2,1.0,0.5,180,0
0.35,-0.2,1.0,0.5,90,0
0.35,-0.2,1.0,0.5,270,1
0.35,-0.2,1.0,0.5,30,1
0.35,-0.2,1.0,0.5,330,0
0.35,-0.2,1.0,0.5,60,1
0.35,-0.2,1.0,0.5,300,1
0.35,-0.2,1.0,0.5,150,0
0.35,-0.2,1.0,0.5,210,1
0.35,-0.2,1.0,0.5,120,0
0.35,-0.2,1.0,0.5,240,0
0.35,-0.2,1.0,0.6,0,1
0.35,-0.2,1.0,0.6,180,0
0.35,-0.2,1.0,0.6,90,0
0.35,-0.2,1.0,0.6,270,0
0.35,-0.2,1.0,0.6,30,1
0.35,-0.2,1.0,0.6,330,1
0.35,-0.2,1.0,0.6,60,0
0.35,-0.2,1.0,0.6,300,0
0.35,-0.2,1.0,0.6,150,0
0.35,-0.2,1.0,0.6,210,0
0.35,-0.2,1.0,0.6,120,0
0.35,-0.2,1.0,0.6,240,1
0.35,-0.15,0.65,0.4,0,0
0.35,-0.15,0.65,0.4,180,1
0.35,-0.15,0.65,0.4,90,1
0.35,-0.15,0.65,0.4,270,1
0.35,-0.15,0.65,0.4,30,1
0.35,-0.15,0.65,0.4,330,0
0.35,-0.15,0.65,0.4,60,1
0.35,-0.15,0.65,0.4,300,0
0.35,-0.15,0.65,0.4,150,1
0.35,-0.15,0.65,0.4,210,1
0.35,-0.15,0.65,0.4,120,1
0.35,-0.15,0.65,0.4,240,1
0.35,-0.15,0.65,0.5,0,1
0.35,-0.15,0.65,0.5,180,1
0.35,-0.15,0.65,0.5,90,0
0.35,-0.15,0.65,0.5,270,1
0.35,-0.15,0.65,0.5,30,1
0.35,-0.15,0.65,0.5,330,1
0.35,-0.15,0.65,0.5,60,1
0.35,-0.15,0.65,0.5,300,0
0.35,-0.15,0.65,0.5,150,0
0.35,-0.15,0.65,0.5,210,1
0.35,-0.15,0.65,0.5,120,0
0.35,-0.15,0.65,0.5,240,1
0.35,-0.15,0.65,0.6,0,1
0.35,-0.15,0.65,0.6,180,0
0.35,-0.15,0.65,0.6,90,0
0.35,-0.15,0.65,0.6,270,0
0.35,-0.15,0.65,0.6,30,1
0.35,-0.15,0.65,0.6,330,1
0.35,-0.15,0.65,0.6,60,1
0.35,-0.15,0.65,0.6,300,0
0.35,-0.15,0.65,0.6,150,0
0.35,-0.15,0.65,0.6,210,1
0.35,-0.15,0.65,0.6,120,0
0.35,-0.15,0.65,0.6,240,1
0.35,-0.15,0.7,0.4,0,1
0.35,-0.15,0.7,0.4,180,0
0.35,-0.15,0.7,0.4,90,1
0.35,-0.15,0.7,0.4,270,1
0.35,-0.15,0.7,0.4,30,1
0.35,-0.15,0.7,0.4,330,1
0.35,-0.15,0.7,0.4,60,1
0.35,-0.15,0.7,0.4,300,0
0.35,-0.15,0.7,0.4,150,1
0.35,-0.15,0.7,0.4,210,1
0.35,-0.15,0.7,0.4,120,1
0.35,-0.15,0.7,0.4,240,1
0.35,-0.15,0.7,0.5,0,1
0.35,-0.15,0.7,0.5,180,0
0.35,-0.15,0.7,0.5,90,0
0.35,-0.15,0.7,0.5,270,1
0.35,-0.15,0.7,0.5,30,1
0.35,-0.15,0.7,0.5,330,1
0.35,-0.15,0.7,0.5,60,1
0.35,-0.15,0.7,0.5,300,0
0.35,-0.15,0.7,0.5,150,0
0.35,-0.15,0.7,0.5,210,1
0.35,-0.15,0.7,0.5,120,0
0.35,-0.15,0.7,0.5,240,1
0.35,-0.15,0.7,0.6,0,1
0.35,-0.15,0.7,0.6,180,0
0.35,-0.15,0.7,0.6,90,0
0.35,-0.15,0.7,0.6,270,1
0.35,-0.15,0.7,0.6,30,1
0.35,-0.15,0.7,0.6,330,1
0.35,-0.15,0.7,0.6,60,1
0.35,-0.15,0.7,0.6,300,0
0.35,-0.15,0.7,0.6,150,0
0.35,-0.15,0.7,0.6,210,1
0.35,-0.15,0.7,0.6,120,0
0.35,-0.15,0.7,0.6,240,0
0.35,-0.15,0.75,0.4,0,1
0.35,-0.15,0.75,0.4,180,0
0.35,-0.15,0.75,0.4,90,1
0.35,-0.15,0.75,0.4,270,0
0.35,-0.15,0.75,0.4,30,1
0.35,-0.15,0.75,0.4,330,1
0.35,-0.15,0.75,0.4,60,1
0.35,-0.15,0.75,0.4,300,0
0.35,-0.15,0.75,0.4,150,1
0.35,-0.15,0.75,0.4,210,1
0.35,-0.15,0.75,0.4,120,1
0.35,-0.15,0.75,0.4,240,1
0.35,-0.15,0.75,0.5,0,1
0.35,-0.15,0.75,0.5,180,0
0.35,-0.15,0.75,0.5,90,0
0.35,-0.15,0.75,0.5,270,1
0.35,-0.15,0.75,0.5,30,1
0.35,-0.15,0.75,0.5,330,1
0.35,-0.15,0.75,0.5,60,1
0.35,-0.15,0.75,0.5,300,1
0.35,-0.15,0.75,0.5,150,0
0.35,-0.15,0.75,0.5,210,1
0.35,-0.15,0.75,0.5,120,0
0.35,-0.15,0.75,0.5,240,1
0.35,-0.15,0.75,0.6,0,1
0.35,-0.15,0.75,0.6,180,0
0.35,-0.15,0.75,0.6,90,0
0.35,-0.15,0.75,0.6,270,1
0.35,-0.15,0.75,0.6,30,1
0.35,-0.15,0.75,0.6,330,1
0.35,-0.15,0.75,0.6,60,1
0.35,-0.15,0.75,0.6,300,1
0.35,-0.15,0.75,0.6,150,0
0.35,-0.15,0.75,0.6,210,1
0.35,-0.15,0.75,0.6,120,0
0.35,-0.15,0.75,0.6,240,1
0.35,-0.15,0.8,0.4,0,1
0.35,-0.15,0.8,0.4,180,0
0.35,-0.15,0.8,0.4,90,0
0.35,-0.15,0.8,0.4,270,1
0.35,-0.15,0.8,0.4,30,1
0.35,-0.15,0.8,0.4,330,1
0.35,-0.15,0.8,0.4,60,1
0.35,-0.15,0.8,0.4,300,0
0.35,-0.15,0.8,0.4,150,1
0.35,-0.15,0.8,0.4,210,0
0.35,-0.15,0.8,0.4,120,1
0.35,-0.15,0.8,0.4,240,1
0.35,-0.15,0.8,0.5,0,1
0.35,-0.15,0.8,0.5,180,0
0.35,-0.15,0.8,0.5,90,0
0.35,-0.15,0.8,0.5,270,1
0.35,-0.15,0.8,0.5,30,1
0.35,-0.15,0.8,0.5,330,1
0.35,-0.15,0.8,0.5,60,1
0.35,-0.15,0.8,0.5,300,0
0.35,-0.15,0.8,0.5,150,0
0.35,-0.15,0.8,0.5,210,1
0.35,-0.15,0.8,0.5,120,0
0.35,-0.15,0.8,0.5,240,1
0.35,-0.15,0.8,0.6,0,1
0.35,-0.15,0.8,0.6,180,0
0.35,-0.15,0.8,0.6,90,0
0.35,-0.15,0.8,0.6,270,1
0.35,-0.15,0.8,0.6,30,1
0.35,-0.15,0.8,0.6,330,1
0.35,-0.15,0.8,0.6,60,1
0.35,-0.15,0.8,0.6,300,1
0.35,-0.15,0.8,0.6,150,0
0.35,-0.15,0.8,0.6,210,1
0.35,-0.15,0.8,0.6,120,0
0.35,-0.15,0.8,0.6,240,1
0.35,-0.15,0.85,0.4,0,1
0.35,-0.15,0.85,0.4,180,1
0.35,-0.15,0.85,0.4,90,0
0.35,-0.15,0.85,0.4,270,1
0.35,-0.15,0.85,0.4,30,1
0.35,-0.15,0.85,0.4,330,1
0.35,-0.15,0.85,0.4,60,1
0.35,-0.15,0.85,0.4,300,0
0.35,-0.15,0.85,0.4,150,1
0.35,-0.15,0.85,0.4,210,1
0.35,-0.15,0.85,0.4,120,1
0.35,-0.15,0.85,0.4,240,1
0.35,-0.15,0.85,0.5,0,1
0.35,-0.15,0.85,0.5,180,0
0.35,-0.15,0.85,0.5,90,0
0.35,-0.15,0.85,0.5,270,1
0.35,-0.15,0.85,0.5,30,1
0.35,-0.15,0.85,0.5,330,1
0.35,-0.15,0.85,0.5,60,1
0.35,-0.15,0.85,0.5,300,0
0.35,-0.15,0.85,0.5,150,0
0.35,-0.15,0.85,0.5,210,1
0.35,-0.15,0.85,0.5,120,0
0.35,-0.15,0.85,0.5,240,1
0.35,-0.15,0.85,0.6,0,1
0.35,-0.15,0.85,0.6,180,0
0.35,-0.15,0.85,0.6,90,0
0.35,-0.15,0.85,0.6,270,1
0.35,-0.15,0.85,0.6,30,1
0.35,-0.15,0.85,0.6,330,1
0.35,-0.15,0.85,0.6,60,1
0.35,-0.15,0.85,0.6,300,0
0.35,-0.15,0.85,0.6,150,0
0.35,-0.15,0.85,0.6,210,1
0.35,-0.15,0.85,0.6,120,0
0.35,-0.15,0.85,0.6,240,1
0.35,-0.15,0.9,0.4,0,1
0.35,-0.15,0.9,0.4,180,0
0.35,-0.15,0.9,0.4,90,0
0.35,-0.15,0.9,0.4,270,1
0.35,-0.15,0.9,0.4,30,1
0.35,-0.15,0.9,0.4,330,1
0.35,-0.15,0.9,0.4,60,1
0.35,-0.15,0.9,0.4,300,0
0.35,-0.15,0.9,0.4,150,1
0.35,-0.15,0.9,0.4,210,1
0.35,-0.15,0.9,0.4,120,1
0.35,-0.15,0.9,0.4,240,0
0.35,-0.15,0.9,0.5,0,1
0.35,-0.15,0.9,0.5,180,0
0.35,-0.15,0.9,0.5,90,0
0.35,-0.15,0.9,0.5,270,1
0.35,-0.15,0.9,0.5,30,1
0.35,-0.15,0.9,0.5,330,1
0.35,-0.15,0.9,0.5,60,1
0.35,-0.15,0.9,0.5,300,1
0.35,-0.15,0.9,0.5,150,0
0.35,-0.15,0.9,0.5,210,1
0.35,-0.15,0.9,0.5,120,0
0.35,-0.15,0.9,0.5,240,1
0.35,-0.15,0.9,0.6,0,1
0.35,-0.15,0.9,0.6,180,0
0.35,-0.15,0.9,0.6,90,0
0.35,-0.15,0.9,0.6,270,1
0.35,-0.15,0.9,0.6,30,1
0.35,-0.15,0.9,0.6,330,1
0.35,-0.15,0.9,0.6,60,0
0.35,-0.15,0.9,0.6,300,1
0.35,-0.15,0.9,0.6,150,0
0.35,-0.15,0.9,0.6,210,1
0.35,-0.15,0.9,0.6,120,0
0.35,-0.15,0.9,0.6,240,1
0.35,-0.15,0.95,0.4,0,1
0.35,-0.15,0.95,0.4,180,0
0.35,-0.15,0.95,0.4,90,0
0.35,-0.15,0.95,0.4,270,1
0.35,-0.15,0.95,0.4,30,1
0.35,-0.15,0.95,0.4,330,0
0.35,-0.15,0.95,0.4,60,1
0.35,-0.15,0.95,0.4,300,0
0.35,-0.15,0.95,0.4,150,1
0.35,-0.15,0.95,0.4,210,0
0.35,-0.15,0.95,0.4,120,1
0.35,-0.15,0.95,0.4,240,0
0.35,-0.15,0.95,0.5,0,1
0.35,-0.15,0.95,0.5,180,0
0.35,-0.15,0.95,0.5,90,0
0.35,-0.15,0.95,0.5,270,1
0.35,-0.15,0.95,0.5,30,1
0.35,-0.15,0.95,0.5,330,1
0.35,-0.15,0.95,0.5,60,1
0.35,-0.15,0.95,0.5,300,1
0.35,-0.15,0.95,0.5,150,0
0.35,-0.15,0.95,0.5,210,0
0.35,-0.15,0.95,0.5,120,0
0.35,-0.15,0.95,0.5,240,0
0.35,-0.15,0.95,0.6,0,1
0.35,-0.15,0.95,0.6,180,0
0.35,-0.15,0.95,0.6,90,0
0.35,-0.15,0.95,0.6,270,1
0.35,-0.15,0.95,0.6,30,1
0.35,-0.15,0.95,0.6,330,0
0.35,-0.15,0.95,0.6,60,0
0.35,-0.15,0.95,0.6,300,1
0.35,-0.15,0.95,0.6,150,0
0.35,-0.15,0.95,0.6,210,1
0.35,-0.15,0.95,0.6,120,0
0.35,-0.15,0.95,0.6,240,1
0.35,-0.15,1.0,0.4,0,1
0.35,-0.15,1.0,0.4,180,1
0.35,-0.15,1.0,0.4,90,0
0.35,-0.15,1.0,0.4,270,0
0.35,-0.15,1.0,0.4,30,1
0.35,-0.15,1.0,0.4,330,1
0.35,-0.15,1.0,0.4,60,1
0.35,-0.15,1.0,0.4,300,0
0.35,-0.15,1.0,0.4,150,1
0.35,-0.15,1.0,0.4,210,0
0.35,-0.15,1.0,0.4,120,1
0.35,-0.15,1.0,0.4,240,1
0.35,-0.15,1.0,0.5,0,1
0.35,-0.15,1.0,0.5,180,0
0.35,-0.15,1.0,0.5,90,0
0.35,-0.15,1.0,0.5,270,0
0.35,-0.15,1.0,0.5,30,1
0.35,-0.15,1.0,0.5,330,1
0.35,-0.15,1.0,0.5,60,1
0.35,-0.15,1.0,0.5,300,1
0.35,-0.15,1.0,0.5,150,0
0.35,-0.15,1.0,0.5,210,0
0.35,-0.15,1.0,0.5,120,0
0.35,-0.15,1.0,0.5,240,1
0.35,-0.15,1.0,0.6,0,1
0.35,-0.15,1.0,0.6,180,0
0.35,-0.15,1.0,0.6,90,0
0.35,-0.15,1.0,0.6,270,0
0.35,-0.15,1.0,0.6,30,1
0.35,-0.15,1.0,0.6,330,1
0.35,-0.15,1.0,0.6,60,0
0.35,-0.15,1.0,0.6,300,0
0.35,-0.15,1.0,0.6,150,0
0.35,-0.15,1.0,0.6,210,1
0.35,-0.15,1.0,0.6,120,0
0.35,-0.15,1.0,0.6,240,1
0.35,-0.1,0.65,0.4,0,1
0.35,-0.1,0.65,0.4,180,0
0.35,-0.1,0.65,0.4,90,1
0.35,-0.1,0.65,0.4,270,0
0.35,-0.1,0.65,0.4,30,1
0.35,-0.1,0.65,0.4,330,1
0.35,-0.1,0.65,0.4,60,1
0.35,-0.1,0.65,0.4,300,0
0.35,-0.1,0.65,0.4,150,1
0.35,-0.1,0.65,0.4,210,1
0.35,-0.1,0.65,0.4,120,1
0.35,-0.1,0.65,0.4,240,1
0.35,-0.1,0.65,0.5,0,1
0.35,-0.1,0.65,0.5,180,1
0.35,-0.1,0.65,0.5,90,0
0.35,-0.1,0.65,0.5,270,1
0.35,-0.1,0.65,0.5,30,1
0.35,-0.1,0.65,0.5,330,1
0.35,-0.1,0.65,0.5,60,1
0.35,-0.1,0.65,0.5,300,0
0.35,-0.1,0.65,0.5,150,1
0.35,-0.1,0.65,0.5,210,1
0.35,-0.1,0.65,0.5,120,1
0.35,-0.1,0.65,0.5,240,1
0.35,-0.1,0.65,0.6,0,1
0.35,-0.1,0.65,0.6,180,0
0.35,-0.1,0.65,0.6,90,0
0.35,-0.1,0.65,0.6,270,1
0.35,-0.1,0.65,0.6,30,1
0.35,-0.1,0.65,0.6,330,1
0.35,-0.1,0.65,0.6,60,1
0.35,-0.1,0.65,0.6,300,1
0.35,-0.1,0.65,0.6,150,0
0.35,-0.1,0.65,0.6,210,1
0.35,-0.1,0.65,0.6,120,0
0.35,-0.1,0.65,0.6,240,1
0.35,-0.1,0.7,0.4,0,1
0.35,-0.1,0.7,0.4,180,0
0.35,-0.1,0.7,0.4,90,1
0.35,-0.1,0.7,0.4,270,1
0.35,-0.1,0.7,0.4,30,1
0.35,-0.1,0.7,0.4,330,1
0.35,-0.1,0.7,0.4,60,1
0.35,-0.1,0.7,0.4,300,0
0.35,-0.1,0.7,0.4,150,1
0.35,-0.1,0.7,0.4,210,1
0.35,-0.1,0.7,0.4,120,1
0.35,-0.1,0.7,0.4,240,1
0.35,-0.1,0.7,0.5,0,1
0.35,-0.1,0.7,0.5,180,1
0.35,-0.1,0.7,0.5,90,0
0.35,-0.1,0.7,0.5,270,0
0.35,-0.1,0.7,0.5,30,1
0.35,-0.1,0.7,0.5,330,0
0.35,-0.1,0.7,0.5,60,1
0.35,-0.1,0.7,0.5,300,0
0.35,-0.1,0.7,0.5,150,1
0.35,-0.1,0.7,0.5,210,1
0.35,-0.1,0.7,0.5,120,1
0.35,-0.1,0.7,0.5,240,1
0.35,-0.1,0.7,0.6,0,1
0.35,-0.1,0.7,0.6,180,0
0.35,-0.1,0.7,0.6,90,0
0.35,-0.1,0.7,0.6,270,1
0.35,-0.1,0.7,0.6,30,1
0.35,-0.1,0.7,0.6,330,0
0.35,-0.1,0.7,0.6,60,1
0.35,-0.1,0.7,0.6,300,0
0.35,-0.1,0.7,0.6,150,0
0.35,-0.1,0.7,0.6,210,1
0.35,-0.1,0.7,0.6,120,0
0.35,-0.1,0.7,0.6,240,1
0.35,-0.1,0.75,0.4,0,1
0.35,-0.1,0.75,0.4,180,1
0.35,-0.1,0.75,0.4,90,1
0.35,-0.1,0.75,0.4,270,1
0.35,-0.1,0.75,0.4,30,1
0.35,-0.1,0.75,0.4,330,1
0.35,-0.1,0.75,0.4,60,1
0.35,-0.1,0.75,0.4,300,0
0.35,-0.1,0.75,0.4,150,1
0.35,-0.1,0.75,0.4,210,1
0.35,-0.1,0.75,0.4,120,1
0.35,-0.1,0.75,0.4,240,1
0.35,-0.1,0.75,0.5,0,1
0.35,-0.1,0.75,0.5,180,1
0.35,-0.1,0.75,0.5,90,0
0.35,-0.1,0.75,0.5,270,0
0.35,-0.1,0.75,0.5,30,1
0.35,-0.1,0.75,0.5,330,1
0.35,-0.1,0.75,0.5,60,1
0.35,-0.1,0.75,0.5,300,1
0.35,-0.1,0.75,0.5,150,1
0.35,-0.1,0.75,0.5,210,1
0.35,-0.1,0.75,0.5,120,1
0.35,-0.1,0.75,0.5,240,1
0.35,-0.1,0.75,0.6,0,1
0.35,-0.1,0.75,0.6,180,0
0.35,-0.1,0.75,0.6,90,0
0.35,-0.1,0.75,0.6,270,1
0.35,-0.1,0.75,0.6,30,1
0.35,-0.1,0.75,0.6,330,1
0.35,-0.1,0.75,0.6,60,1
0.35,-0.1,0.75,0.6,300,0
0.35,-0.1,0.75,0.6,150,0
0.35,-0.1,0.75,0.6,210,1
0.35,-0.1,0.75,0.6,120,0
0.35,-0.1,0.75,0.6,240,1
0.35,-0.1,0.8,0.4,0,1
0.35,-0.1,0.8,0.4,180,0
0.35,-0.1,0.8,0.4,90,1
0.35,-0.1,0.8,0.4,270,1
0.35,-0.1,0.8,0.4,30,1
0.35,-0.1,0.8,0.4,330,1
0.35,-0.1,0.8,0.4,60,1
0.35,-0.1,0.8,0.4,300,0
0.35,-0.1,0.8,0.4,150,1
0.35,-0.1,0.8,0.4,210,1
0.35,-0.1,0.8,0.4,120,1
0.35,-0.1,0.8,0.4,240,1
0.35,-0.1,0.8,0.5,0,1
0.35,-0.1,0.8,0.5,180,0
0.35,-0.1,0.8,0.5,90,0
0.35,-0.1,0.8,0.5,270,1
0.35,-0.1,0.8,0.5,30,1
0.35,-0.1,0.8,0.5,330,1
0.35,-0.1,0.8,0.5,60,1
0.35,-0.1,0.8,0.5,300,1
0.35,-0.1,0.8,0.5,150,1
0.35,-0.1,0.8,0.5,210,1
0.35,-0.1,0.8,0.5,120,1
0.35,-0.1,0.8,0.5,240,1
0.35,-0.1,0.8,0.6,0,1
0.35,-0.1,0.8,0.6,180,0
0.35,-0.1,0.8,0.6,90,0
0.35,-0.1,0.8,0.6,270,1
0.35,-0.1,0.8,0.6,30,1
0.35,-0.1,0.8,0.6,330,1
0.35,-0.1,0.8,0.6,60,1
0.35,-0.1,0.8,0.6,300,0
0.35,-0.1,0.8,0.6,150,0
0.35,-0.1,0.8,0.6,210,1
0.35,-0.1,0.8,0.6,120,0
0.35,-0.1,0.8,0.6,240,1
0.35,-0.1,0.85,0.4,0,1
0.35,-0.1,0.85,0.4,180,0
0.35,-0.1,0.85,0.4,90,0
0.35,-0.1,0.85,0.4,270,1
0.35,-0.1,0.85,0.4,30,1
0.35,-0.1,0.85,0.4,330,1
0.35,-0.1,0.85,0.4,60,1
0.35,-0.1,0.85,0.4,300,0
0.35,-0.1,0.85,0.4,150,1
0.35,-0.1,0.85,0.4,210,1
0.35,-0.1,0.85,0.4,120,1
0.35,-0.1,0.85,0.4,240,0
0.35,-0.1,0.85,0.5,0,1
0.35,-0.1,0.85,0.5,180,0
0.35,-0.1,0.85,0.5,90,0
0.35,-0.1,0.85,0.5,270,1
0.35,-0.1,0.85,0.5,30,1
0.35,-0.1,0.85,0.5,330,1
0.35,-0.1,0.85,0.5,60,1
0.35,-0.1,0.85,0.5,300,1
0.35,-0.1,0.85,0.5,150,0
0.35,-0.1,0.85,0.5,210,1
0.35,-0.1,0.85,0.5,120,0
0.35,-0.1,0.85,0.5,240,1
0.35,-0.1,0.85,0.6,0,1
0.35,-0.1,0.85,0.6,180,0
0.35,-0.1,0.85,0.6,90,0
0.35,-0.1,0.85,0.6,270,1
0.35,-0.1,0.85,0.6,30,1
0.35,-0.1,0.85,0.6,330,1
0.35,-0.1,0.85,0.6,60,0
0.35,-0.1,0.85,0.6,300,1
0.35,-0.1,0.85,0.6,150,0
0.35,-0.1,0.85,0.6,210,1
0.35,-0.1,0.85,0.6,120,0
0.35,-0.1,0.85,0.6,240,1
0.35,-0.1,0.9,0.4,0,1
0.35,-0.1,0.9,0.4,180,1
0.35,-0.1,0.9,0.4,90,0
0.35,-0.1,0.9,0.4,270,1
0.35,-0.1,0.9,0.4,30,1
0.35,-0.1,0.9,0.4,330,1
0.35,-0.1,0.9,0.4,60,1
0.35,-0.1,0.9,0.4,300,0
0.35,-0.1,0.9,0.4,150,1
0.35,-0.1,0.9,0.4,210,0
0.35,-0.1,0.9,0.4,120,1
0.35,-0.1,0.9,0.4,240,0
0.35,-0.1,0.9,0.5,0,1
0.35,-0.1,0.9,0.5,180,0
0.35,-0.1,0.9,0.5,90,0
0.35,-0.1,0.9,0.5,270,1
0.35,-0.1,0.9,0.5,30,1
0.35,-0.1,0.9,0.5,330,1
0.35,-0.1,0.9,0.5,60,1
0.35,-0.1,0.9,0.5,300,1
0.35,-0.1,0.9,0.5,150,0
0.35,-0.1,0.9,0.5,210,0
0.35,-0.1,0.9,0.5,120,0
0.35,-0.1,0.9,0.5,240,1
0.35,-0.1,0.9,0.6,0,1
0.35,-0.1,0.9,0.6,180,0
0.35,-0.1,0.9,0.6,90,0
0.35,-0.1,0.9,0.6,270,0
0.35,-0.1,0.9,0.6,30,1
0.35,-0.1,0.9,0.6,330,1
0.35,-0.1,0.9,0.6,60,0
0.35,-0.1,0.9,0.6,300,1
0.35,-0.1,0.9,0.6,150,0
0.35,-0.1,0.9,0.6,210,1
0.35,-0.1,0.9,0.6,120,0
0.35,-0.1,0.9,0.6,240,1
0.35,-0.1,0.95,0.4,0,1
0.35,-0.1,0.95,0.4,180,1
0.35,-0.1,0.95,0.4,90,0
0.35,-0.1,0.95,0.4,270,0
0.35,-0.1,0.95,0.4,30,1
0.35,-0.1,0.95,0.4,330,1
0.35,-0.1,0.95,0.4,60,1
0.35,-0.1,0.95,0.4,300,0
0.35,-0.1,0.95,0.4,150,1
0.35,-0.1,0.95,0.4,210,1
0.35,-0.1,0.95,0.4,120,1
0.35,-0.1,0.95,0.4,240,1
0.35,-0.1,0.95,0.5,0,1
0.35,-0.1,0.95,0.5,180,0
0.35,-0.1,0.95,0.5,90,0
0.35,-0.1,0.95,0.5,270,1
0.35,-0.1,0.95,0.5,30,1
0.35,-0.1,0.95,0.5,330,1
0.35,-0.1,0.95,0.5,60,1
0.35,-0.1,0.95,0.5,300,0
0.35,-0.1,0.95,0.5,150,0
0.35,-0.1,0.95,0.5,210,1
0.35,-0.1,0.95,0.5,120,0
0.35,-0.1,0.95,0.5,240,1
0.35,-0.1,0.95,0.6,0,1
0.35,-0.1,0.95,0.6,180,0
0.35,-0.1,0.95,0.6,90,0
0.35,-0.1,0.95,0.6,270,1
0.35,-0.1,0.95,0.6,30,1
0.35,-0.1,0.95,0.6,330,1
0.35,-0.1,0.95,0.6,60,0
0.35,-0.1,0.95,0.6,300,0
0.35,-0.1,0.95,0.6,150,0
0.35,-0.1,0.95,0.6,210,1
0.35,-0.1,0.95,0.6,120,0
0.35,-0.1,0.95,0.6,240,1
0.35,-0.1,1.0,0.4,0,1
0.35,-0.1,1.0,0.4,180,0
0.35,-0.1,1.0,0.4,90,0
0.35,-0.1,1.0,0.4,270,1
0.35,-0.1,1.0,0.4,30,1
0.35,-0.1,1.0,0.4,330,1
0.35,-0.1,1.0,0.4,60,1
0.35,-0.1,1.0,0.4,300,0
0.35,-0.1,1.0,0.4,150,1
0.35,-0.1,1.0,0.4,210,0
0.35,-0.1,1.0,0.4,120,1
0.35,-0.1,1.0,0.4,240,1
0.35,-0.1,1.0,0.5,0,1
0.35,-0.1,1.0,0.5,180,1
0.35,-0.1,1.0,0.5,90,0
0.35,-0.1,1.0,0.5,270,1
0.35,-0.1,1.0,0.5,30,1
0.35,-0.1,1.0,0.5,330,1
0.35,-0.1,1.0,0.5,60,1
0.35,-0.1,1.0,0.5,300,1
0.35,-0.1,1.0,0.5,150,0
0.35,-0.1,1.0,0.5,210,0
0.35,-0.1,1.0,0.5,120,0
0.35,-0.1,1.0,0.5,240,1
0.35,-0.1,1.0,0.6,0,1
0.35,-0.1,1.0,0.6,180,0
0.35,-0.1,1.0,0.6,90,0
0.35,-0.1,1.0,0.6,270,0
0.35,-0.1,1.0,0.6,30,1
0.35,-0.1,1.0,0.6,330,1
0.35,-0.1,1.0,0.6,60,0
0.35,-0.1,1.0,0.6,300,1
0.35,-0.1,1.0,0.6,150,0
0.35,-0.1,1.0,0.6,210,0
0.35,-0.1,1.0,0.6,120,0
0.35,-0.1,1.0,0.6,240,1
0.4,-0.45,0.65,0.4,0,1
0.4,-0.45,0.65,0.4,180,0
0.4,-0.45,0.65,0.4,90,0
0.4,-0.45,0.65,0.4,270,0
0.4,-0.45,0.65,0.4,30,1
0.4,-0.45,0.65,0.4,330,1
0.4,-0.45,0.65,0.4,60,1
0.4,-0.45,0.65,0.4,300,1
0.4,-0.45,0.65,0.4,150,0
0.4,-0.45,0.65,0.4,210,0
0.4,-0.45,0.65,0.4,120,0
0.4,-0.45,0.65,0.4,240,1
0.4,-0.45,0.65,0.5,0,1
0.4,-0.45,0.65,0.5,180,0
0.4,-0.45,0.65,0.5,90,0
0.4,-0.45,0.65,0.5,270,0
0.4,-0.45,0.65,0.5,30,1
0.4,-0.45,0.65,0.5,330,0
0.4,-0.45,0.65,0.5,60,1
0.4,-0.45,0.65,0.5,300,0
0.4,-0.45,0.65,0.5,150,0
0.4,-0.45,0.65,0.5,210,0
0.4,-0.45,0.65,0.5,120,0
0.4,-0.45,0.65,0.5,240,1
0.4,-0.45,0.65,0.6,0,1
0.4,-0.45,0.65,0.6,180,0
0.4,-0.45,0.65,0.6,90,0
0.4,-0.45,0.65,0.6,270,1
0.4,-0.45,0.65,0.6,30,1
0.4,-0.45,0.65,0.6,330,0
0.4,-0.45,0.65,0.6,60,0
0.4,-0.45,0.65,0.6,300,0
0.4,-0.45,0.65,0.6,150,0
0.4,-0.45,0.65,0.6,210,0
0.4,-0.45,0.65,0.6,120,0
0.4,-0.45,0.7,0.4,0,1
0.4,-0.45,0.7,0.4,180,0
0.4,-0.45,0.7,0.4,90,0
0.4,-0.45,0.7,0.4,270,0
0.4,-0.45,0.7,0.4,30,1
0.4,-0.45,0.7,0.4,330,1
0.4,-0.45,0.7,0.4,60,1
0.4,-0.45,0.7,0.4,300,0
0.4,-0.45,0.7,0.4,150,0
0.4,-0.45,0.7,0.4,210,0
0.4,-0.45,0.7,0.4,120,0
0.4,-0.45,0.7,0.4,240,1
0.4,-0.45,0.7,0.5,0,1
0.4,-0.45,0.7,0.5,180,0
0.4,-0.45,0.7,0.5,90,0
0.4,-0.45,0.7,0.5,270,0
0.4,-0.45,0.7,0.5,30,1
0.4,-0.45,0.7,0.5,330,0
0.4,-0.45,0.7,0.5,60,1
0.4,-0.45,0.7,0.5,300,1
0.4,-0.45,0.7,0.5,150,0
0.4,-0.45,0.7,0.5,210,0
0.4,-0.45,0.7,0.5,120,0
0.4,-0.45,0.7,0.5,240,1
0.4,-0.45,0.7,0.6,0,1
0.4,-0.45,0.7,0.6,180,0
0.4,-0.45,0.7,0.6,90,0
0.4,-0.45,0.7,0.6,270,0
0.4,-0.45,0.7,0.6,30,1
0.4,-0.45,0.7,0.6,330,0
0.4,-0.45,0.7,0.6,60,0
0.4,-0.45,0.7,0.6,300,0
0.4,-0.45,0.7,0.6,150,0
0.4,-0.45,0.7,0.6,210,0
0.4,-0.45,0.7,0.6,120,0
0.4,-0.45,0.75,0.4,0,1
0.4,-0.45,0.75,0.4,180,0
0.4,-0.45,0.75,0.4,90,0
0.4,-0.45,0.75,0.4,270,1
0.4,-0.45,0.75,0.4,30,1
0.4,-0.45,0.75,0.4,330,1
0.4,-0.45,0.75,0.4,60,1
0.4,-0.45,0.75,0.4,300,1
0.4,-0.45,0.75,0.4,150,0
0.4,-0.45,0.75,0.4,210,0
0.4,-0.45,0.75,0.4,120,0
0.4,-0.45,0.75,0.4,240,1
0.4,-0.45,0.75,0.5,0,1
0.4,-0.45,0.75,0.5,180,0
0.4,-0.45,0.75,0.5,90,0
0.4,-0.45,0.75,0.5,270,0
0.4,-0.45,0.75,0.5,30,1
0.4,-0.45,0.75,0.5,330,0
0.4,-0.45,0.75,0.5,60,1
0.4,-0.45,0.75,0.5,300,1
0.4,-0.45,0.75,0.5,150,0
0.4,-0.45,0.75,0.5,210,0
0.4,-0.45,0.75,0.5,120,0
0.4,-0.45,0.75,0.5,240,1
0.4,-0.45,0.75,0.6,0,1
0.4,-0.45,0.75,0.6,180,0
0.4,-0.45,0.75,0.6,90,0
0.4,-0.45,0.75,0.6,270,0
0.4,-0.45,0.75,0.6,30,1
0.4,-0.45,0.75,0.6,330,0
0.4,-0.45,0.75,0.6,60,0
0.4,-0.45,0.75,0.6,300,0
0.4,-0.45,0.75,0.6,150,0
0.4,-0.45,0.75,0.6,210,0
0.4,-0.45,0.75,0.6,120,0
0.4,-0.45,0.8,0.4,0,1
0.4,-0.45,0.8,0.4,180,0
0.4,-0.45,0.8,0.4,90,0
0.4,-0.45,0.8,0.4,270,0
0.4,-0.45,0.8,0.4,30,1
0.4,-0.45,0.8,0.4,330,1
0.4,-0.45,0.8,0.4,60,1
0.4,-0.45,0.8,0.4,300,1
0.4,-0.45,0.8,0.4,150,0
0.4,-0.45,0.8,0.4,210,0
0.4,-0.45,0.8,0.4,120,0
0.4,-0.45,0.8,0.4,240,1
0.4,-0.45,0.8,0.5,0,1
0.4,-0.45,0.8,0.5,180,0
0.4,-0.45,0.8,0.5,90,0
0.4,-0.45,0.8,0.5,270,1
0.4,-0.45,0.8,0.5,30,1
0.4,-0.45,0.8,0.5,330,0
0.4,-0.45,0.8,0.5,60,1
0.4,-0.45,0.8,0.5,300,1
0.4,-0.45,0.8,0.5,150,0
0.4,-0.45,0.8,0.5,210,0
0.4,-0.45,0.8,0.5,120,0
0.4,-0.45,0.8,0.5,240,1
0.4,-0.45,0.8,0.6,0,1
0.4,-0.45,0.8,0.6,180,0
0.4,-0.45,0.8,0.6,90,0
0.4,-0.45,0.8,0.6,270,0
0.4,-0.45,0.8,0.6,30,1
0.4,-0.45,0.8,0.6,330,0
0.4,-0.45,0.8,0.6,60,0
0.4,-0.45,0.8,0.6,300,1
0.4,-0.45,0.8,0.6,150,0
0.4,-0.45,0.8,0.6,210,0
0.4,-0.45,0.8,0.6,120,0
0.4,-0.45,0.8,0.6,240,0
0.4,-0.45,0.85,0.4,0,1
0.4,-0.45,0.85,0.4,180,0
0.4,-0.45,0.85,0.4,90,0
0.4,-0.45,0.85,0.4,270,0
0.4,-0.45,0.85,0.4,30,1
0.4,-0.45,0.85,0.4,330,1
0.4,-0.45,0.85,0.4,60,1
0.4,-0.45,0.85,0.4,300,0
0.4,-0.45,0.85,0.4,150,0
0.4,-0.45,0.85,0.4,210,0
0.4,-0.45,0.85,0.4,120,0
0.4,-0.45,0.85,0.4,240,1
0.4,-0.45,0.85,0.5,0,1
0.4,-0.45,0.85,0.5,180,0
0.4,-0.45,0.85,0.5,90,0
0.4,-0.45,0.85,0.5,270,0
0.4,-0.45,0.85,0.5,30,1
0.4,-0.45,0.85,0.5,330,0
0.4,-0.45,0.85,0.5,60,1
0.4,-0.45,0.85,0.5,300,1
0.4,-0.45,0.85,0.5,150,0
0.4,-0.45,0.85,0.5,210,0
0.4,-0.45,0.85,0.5,120,0
0.4,-0.45,0.85,0.5,240,1
0.4,-0.45,0.85,0.6,0,1
0.4,-0.45,0.85,0.6,180,0
0.4,-0.45,0.85,0.6,90,0
0.4,-0.45,0.85,0.6,270,0
0.4,-0.45,0.85,0.6,30,1
0.4,-0.45,0.85,0.6,330,0
0.4,-0.45,0.85,0.6,60,0
0.4,-0.45,0.85,0.6,300,1
0.4,-0.45,0.85,0.6,150,0
0.4,-0.45,0.85,0.6,210,0
0.4,-0.45,0.85,0.6,120,0
0.4,-0.45,0.85,0.6,240,0
0.4,-0.45,0.9,0.4,0,1
0.4,-0.45,0.9,0.4,180,0
0.4,-0.45,0.9,0.4,90,0
0.4,-0.45,0.9,0.4,270,0
0.4,-0.45,0.9,0.4,30,1
0.4,-0.45,0.9,0.4,330,1
0.4,-0.45,0.9,0.4,60,1
0.4,-0.45,0.9,0.4,300,1
0.4,-0.45,0.9,0.4,150,0
0.4,-0.45,0.9,0.4,210,0
0.4,-0.45,0.9,0.4,120,0
0.4,-0.45,0.9,0.4,240,1
0.4,-0.45,0.9,0.5,0,1
0.4,-0.45,0.9,0.5,180,0
0.4,-0.45,0.9,0.5,90,0
0.4,-0.45,0.9,0.5,270,0
0.4,-0.45,0.9,0.5,30,1
0.4,-0.45,0.9,0.5,330,0
0.4,-0.45,0.9,0.5,60,1
0.4,-0.45,0.9,0.5,300,1
0.4,-0.45,0.9,0.5,150,0
0.4,-0.45,0.9,0.5,210,0
0.4,-0.45,0.9,0.5,120,0
0.4,-0.45,0.9,0.5,240,1
0.4,-0.45,0.9,0.6,0,1
0.4,-0.45,0.9,0.6,180,0
0.4,-0.45,0.9,0.6,90,0
0.4,-0.45,0.9,0.6,270,1
0.4,-0.45,0.9,0.6,30,1
0.4,-0.45,0.9,0.6,330,0
0.4,-0.45,0.9,0.6,60,0
0.4,-0.45,0.9,0.6,300,0
0.4,-0.45,0.9,0.6,150,0
0.4,-0.45,0.9,0.6,210,0
0.4,-0.45,0.9,0.6,120,0
0.4,-0.45,0.95,0.4,0,1
0.4,-0.45,0.95,0.4,180,0
0.4,-0.45,0.95,0.4,90,0
0.4,-0.45,0.95,0.4,270,0
0.4,-0.45,0.95,0.4,30,1
0.4,-0.45,0.95,0.4,330,1
0.4,-0.45,0.95,0.4,60,1
0.4,-0.45,0.95,0.4,300,0
0.4,-0.45,0.95,0.4,150,0
0.4,-0.45,0.95,0.4,210,0
0.4,-0.45,0.95,0.4,120,0
0.4,-0.45,0.95,0.4,240,1
0.4,-0.45,0.95,0.5,0,1
0.4,-0.45,0.95,0.5,180,0
0.4,-0.45,0.95,0.5,90,0
0.4,-0.45,0.95,0.5,270,0
0.4,-0.45,0.95,0.5,30,1
0.4,-0.45,0.95,0.5,330,0
0.4,-0.45,0.95,0.5,60,1
0.4,-0.45,0.95,0.5,300,0
0.4,-0.45,0.95,0.5,150,0
0.4,-0.45,0.95,0.5,210,0
0.4,-0.45,0.95,0.5,120,0
0.4,-0.45,0.95,0.5,240,0
0.4,-0.45,0.95,0.6,0,1
0.4,-0.45,0.95,0.6,180,0
0.4,-0.45,0.95,0.6,90,0
0.4,-0.45,0.95,0.6,270,0
0.4,-0.45,0.95,0.6,30,1
0.4,-0.45,0.95,0.6,330,0
0.4,-0.45,0.95,0.6,60,0
0.4,-0.45,0.95,0.6,300,1
0.4,-0.45,0.95,0.6,150,0
0.4,-0.45,0.95,0.6,210,0
0.4,-0.45,0.95,0.6,120,0
0.4,-0.45,0.95,0.6,240,0
0.4,-0.45,1.0,0.4,0,1
0.4,-0.45,1.0,0.4,180,0
0.4,-0.45,1.0,0.4,90,0
0.4,-0.45,1.0,0.4,270,1
0.4,-0.45,1.0,0.4,30,1
0.4,-0.45,1.0,0.4,330,0
0.4,-0.45,1.0,0.4,60,1
0.4,-0.45,1.0,0.4,300,0
0.4,-0.45,1.0,0.4,150,0
0.4,-0.45,1.0,0.4,210,0
0.4,-0.45,1.0,0.4,120,0
0.4,-0.45,1.0,0.4,240,1
0.4,-0.45,1.0,0.5,0,1
0.4,-0.45,1.0,0.5,180,0
0.4,-0.45,1.0,0.5,90,0
0.4,-0.45,1.0,0.5,270,0
0.4,-0.45,1.0,0.5,30,1
0.4,-0.45,1.0,0.5,330,0
0.4,-0.45,1.0,0.5,60,0
0.4,-0.45,1.0,0.5,300,1
0.4,-0.45,1.0,0.5,150,0
0.4,-0.45,1.0,0.5,210,0
0.4,-0.45,1.0,0.5,120,0
0.4,-0.45,1.0,0.5,240,0
0.4,-0.45,1.0,0.6,0,1
0.4,-0.45,1.0,0.6,180,0
0.4,-0.45,1.0,0.6,90,0
0.4,-0.45,1.0,0.6,270,0
0.4,-0.45,1.0,0.6,30,1
0.4,-0.45,1.0,0.6,330,0
0.4,-0.45,1.0,0.6,60,0
0.4,-0.45,1.0,0.6,300,1
0.4,-0.45,1.0,0.6,150,0
0.4,-0.45,1.0,0.6,210,0
0.4,-0.45,1.0,0.6,120,0
0.4,-0.45,1.0,0.6,240,0
0.4,-0.4,0.65,0.4,0,1
0.4,-0.4,0.65,0.4,180,0
0.4,-0.4,0.65,0.4,90,0
0.4,-0.4,0.65,0.4,270,0
0.4,-0.4,0.65,0.4,30,1
0.4,-0.4,0.65,0.4,330,1
0.4,-0.4,0.65,0.4,60,1
0.4,-0.4,0.65,0.4,300,1
0.4,-0.4,0.65,0.4,150,0
0.4,-0.4,0.65,0.4,210,0
0.4,-0.4,0.65,0.4,120,0
0.4,-0.4,0.65,0.4,240,1
0.4,-0.4,0.65,0.5,0,1
0.4,-0.4,0.65,0.5,180,0
0.4,-0.4,0.65,0.5,90,0
0.4,-0.4,0.65,0.5,270,0
0.4,-0.4,0.65,0.5,30,1
0.4,-0.4,0.65,0.5,330,0
0.4,-0.4,0.65,0.5,60,1
0.4,-0.4,0.65,0.5,300,0
0.4,-0.4,0.65,0.5,150,0
0.4,-0.4,0.65,0.5,210,0
0.4,-0.4,0.65,0.5,120,0
0.4,-0.4,0.65,0.5,240,1
0.4,-0.4,0.65,0.6,0,1
0.4,-0.4,0.65,0.6,180,0
0.4,-0.4,0.65,0.6,90,0
0.4,-0.4,0.65,0.6,270,1
0.4,-0.4,0.65,0.6,30,1
0.4,-0.4,0.65,0.6,330,0
0.4,-0.4,0.65,0.6,60,1
0.4,-0.4,0.65,0.6,300,1
0.4,-0.4,0.65,0.6,150,0
0.4,-0.4,0.65,0.6,210,0
0.4,-0.4,0.65,0.6,120,0
0.4,-0.4,0.65,0.6,240,1
0.4,-0.4,0.7,0.4,0,1
0.4,-0.4,0.7,0.4,180,0
0.4,-0.4,0.7,0.4,90,0
0.4,-0.4,0.7,0.4,270,0
0.4,-0.4,0.7,0.4,30,1
0.4,-0.4,0.7,0.4,330,1
0.4,-0.4,0.7,0.4,60,1
0.4,-0.4,0.7,0.4,300,1
0.4,-0.4,0.7,0.4,150,0
0.4,-0.4,0.7,0.4,210,0
0.4,-0.4,0.7,0.4,120,0
0.4,-0.4,0.7,0.4,240,1
0.4,-0.4,0.7,0.5,0,1
0.4,-0.4,0.7,0.5,180,0
0.4,-0.4,0.7,0.5,90,0
0.4,-0.4,0.7,0.5,270,1
0.4,-0.4,0.7,0.5,30,1
0.4,-0.4,0.7,0.5,330,0
0.4,-0.4,0.7,0.5,60,1
0.4,-0.4,0.7,0.5,300,1
0.4,-0.4,0.7,0.5,150,0
0.4,-0.4,0.7,0.5,210,0
0.4,-0.4,0.7,0.5,120,0
0.4,-0.4,0.7,0.5,240,1
0.4,-0.4,0.7,0.6,0,1
0.4,-0.4,0.7,0.6,180,0
0.4,-0.4,0.7,0.6,90,0
0.4,-0.4,0.7,0.6,270,1
0.4,-0.4,0.7,0.6,30,1
0.4,-0.4,0.7,0.6,330,0
0.4,-0.4,0.7,0.6,60,0
0.4,-0.4,0.7,0.6,300,0
0.4,-0.4,0.7,0.6,150,0
0.4,-0.4,0.7,0.6,210,0
0.4,-0.4,0.7,0.6,120,0
0.4,-0.4,0.75,0.4,0,1
0.4,-0.4,0.75,0.4,180,0
0.4,-0.4,0.75,0.4,90,0
0.4,-0.4,0.75,0.4,270,1
0.4,-0.4,0.75,0.4,30,1
0.4,-0.4,0.75,0.4,330,1
0.4,-0.4,0.75,0.4,60,1
0.4,-0.4,0.75,0.4,300,0
0.4,-0.4,0.75,0.4,150,0
0.4,-0.4,0.75,0.4,210,0
0.4,-0.4,0.75,0.4,120,0
0.4,-0.4,0.75,0.4,240,1
0.4,-0.4,0.75,0.5,0,1
0.4,-0.4,0.75,0.5,180,0
0.4,-0.4,0.75,0.5,90,0
0.4,-0.4,0.75,0.5,270,0
0.4,-0.4,0.75,0.5,30,1
0.4,-0.4,0.75,0.5,330,0
0.4,-0.4,0.75,0.5,60,1
0.4,-0.4,0.75,0.5,300,1
0.4,-0.4,0.75,0.5,150,0
0.4,-0.4,0.75,0.5,210,0
0.4,-0.4,0.75,0.5,120,0
0.4,-0.4,0.75,0.5,240,1
0.4,-0.4,0.75,0.6,0,1
0.4,-0.4,0.75,0.6,180,0
0.4,-0.4,0.75,0.6,90,0
0.4,-0.4,0.75,0.6,270,0
0.4,-0.4,0.75,0.6,30,1
0.4,-0.4,0.75,0.6,330,0
0.4,-0.4,0.75,0.6,60,0
0.4,-0.4,0.75,0.6,300,1
0.4,-0.4,0.75,0.6,150,0
0.4,-0.4,0.75,0.6,210,0
0.4,-0.4,0.75,0.6,120,0
0.4,-0.4,0.75,0.6,240,1
0.4,-0.4,0.8,0.4,0,1
0.4,-0.4,0.8,0.4,180,0
0.4,-0.4,0.8,0.4,90,0
0.4,-0.4,0.8,0.4,270,1
0.4,-0.4,0.8,0.4,30,1
0.4,-0.4,0.8,0.4,330,1
0.4,-0.4,0.8,0.4,60,1
0.4,-0.4,0.8,0.4,300,0
0.4,-0.4,0.8,0.4,150,0
0.4,-0.4,0.8,0.4,210,0
0.4,-0.4,0.8,0.4,120,0
0.4,-0.4,0.8,0.4,240,1
0.4,-0.4,0.8,0.5,0,1
0.4,-0.4,0.8,0.5,180,0
0.4,-0.4,0.8,0.5,90,0
0.4,-0.4,0.8,0.5,270,0
0.4,-0.4,0.8,0.5,30,1
0.4,-0.4,0.8,0.5,330,0
0.4,-0.4,0.8,0.5,60,1
0.4,-0.4,0.8,0.5,300,1
0.4,-0.4,0.8,0.5,150,0
0.4,-0.4,0.8,0.5,210,0
0.4,-0.4,0.8,0.5,120,0
0.4,-0.4,0.8,0.5,240,1
0.4,-0.4,0.8,0.6,0,1
0.4,-0.4,0.8,0.6,180,0
0.4,-0.4,0.8,0.6,90,0
0.4,-0.4,0.8,0.6,270,0
0.4,-0.4,0.8,0.6,30,1
0.4,-0.4,0.8,0.6,330,0
0.4,-0.4,0.8,0.6,60,0
0.4,-0.4,0.8,0.6,300,0
0.4,-0.4,0.8,0.6,150,0
0.4,-0.4,0.8,0.6,210,0
0.4,-0.4,0.8,0.6,120,0
0.4,-0.4,0.85,0.4,0,1
0.4,-0.4,0.85,0.4,180,0
0.4,-0.4,0.85,0.4,90,0
0.4,-0.4,0.85,0.4,270,1
0.4,-0.4,0.85,0.4,30,1
0.4,-0.4,0.85,0.4,330,1
0.4,-0.4,0.85,0.4,60,1
0.4,-0.4,0.85,0.4,300,0
0.4,-0.4,0.85,0.4,150,0
0.4,-0.4,0.85,0.4,210,0
0.4,-0.4,0.85,0.4,120,0
0.4,-0.4,0.85,0.4,240,1
0.4,-0.4,0.85,0.5,0,1
0.4,-0.4,0.85,0.5,180,0
0.4,-0.4,0.85,0.5,90,0
0.4,-0.4,0.85,0.5,270,0
0.4,-0.4,0.85,0.5,30,1
0.4,-0.4,0.85,0.5,330,0
0.4,-0.4,0.85,0.5,60,1
0.4,-0.4,0.85,0.5,300,1
0.4,-0.4,0.85,0.5,150,0
0.4,-0.4,0.85,0.5,210,0
0.4,-0.4,0.85,0.5,120,0
0.4,-0.4,0.85,0.5,240,1
0.4,-0.4,0.85,0.6,0,1
0.4,-0.4,0.85,0.6,180,0
0.4,-0.4,0.85,0.6,90,0
0.4,-0.4,0.85,0.6,270,0
0.4,-0.4,0.85,0.6,30,1
0.4,-0.4,0.85,0.6,330,0
0.4,-0.4,0.85,0.6,60,0
0.4,-0.4,0.85,0.6,300,1
0.4,-0.4,0.85,0.6,150,0
0.4,-0.4,0.85,0.6,210,0
0.4,-0.4,0.85,0.6,120,0
0.4,-0.4,0.85,0.6,240,1
0.4,-0.4,0.9,0.4,0,1
0.4,-0.4,0.9,0.4,180,0
0.4,-0.4,0.9,0.4,90,0
0.4,-0.4,0.9,0.4,270,0
0.4,-0.4,0.9,0.4,30,1
0.4,-0.4,0.9,0.4,330,1
0.4,-0.4,0.9,0.4,60,1
0.4,-0.4,0.9,0.4,300,1
0.4,-0.4,0.9,0.4,150,0
0.4,-0.4,0.9,0.4,210,0
0.4,-0.4,0.9,0.4,120,0
0.4,-0.4,0.9,0.4,240,1
0.4,-0.4,0.9,0.5,0,1
0.4,-0.4,0.9,0.5,180,0
0.4,-0.4,0.9,0.5,90,0
0.4,-0.4,0.9,0.5,270,1
0.4,-0.4,0.9,0.5,30,1
0.4,-0.4,0.9,0.5,330,0
0.4,-0.4,0.9,0.5,60,1
0.4,-0.4,0.9,0.5,300,1
0.4,-0.4,0.9,0.5,150,0
0.4,-0.4,0.9,0.5,210,0
0.4,-0.4,0.9,0.5,120,0
0.4,-0.4,0.9,0.5,240,1
0.4,-0.4,0.9,0.6,0,1
0.4,-0.4,0.9,0.6,180,0
0.4,-0.4,0.9,0.6,90,0
0.4,-0.4,0.9,0.6,270,1
0.4,-0.4,0.9,0.6,30,1
0.4,-0.4,0.9,0.6,330,0
0.4,-0.4,0.9,0.6,60,0
0.4,-0.4,0.9,0.6,300,1
0.4,-0.4,0.9,0.6,150,0
0.4,-0.4,0.9,0.6,210,0
0.4,-0.4,0.9,0.6,120,0
0.4,-0.4,0.9,0.6,240,1
0.4,-0.4,0.95,0.4,0,1
0.4,-0.4,0.95,0.4,180,0
0.4,-0.4,0.95,0.4,90,0
0.4,-0.4,0.95,0.4,270,1
0.4,-0.4,0.95,0.4,30,1
0.4,-0.4,0.95,0.4,330,1
0.4,-0.4,0.95,0.4,60,1
0.4,-0.4,0.95,0.4,300,0
0.4,-0.4,0.95,0.4,150,0
0.4,-0.4,0.95,0.4,210,0
0.4,-0.4,0.95,0.4,120,0
0.4,-0.4,0.95,0.4,240,1
0.4,-0.4,0.95,0.5,0,1
0.4,-0.4,0.95,0.5,180,0
0.4,-0.4,0.95,0.5,90,0
0.4,-0.4,0.95,0.5,270,0
0.4,-0.4,0.95,0.5,30,1
0.4,-0.4,0.95,0.5,330,0
0.4,-0.4,0.95,0.5,60,1
0.4,-0.4,0.95,0.5,300,1
0.4,-0.4,0.95,0.5,150,0
0.4,-0.4,0.95,0.5,210,0
0.4,-0.4,0.95,0.5,120,0
0.4,-0.4,0.95,0.5,240,1
0.4,-0.4,0.95,0.6,0,1
0.4,-0.4,0.95,0.6,180,0
0.4,-0.4,0.95,0.6,90,0
0.4,-0.4,0.95,0.6,270,0
0.4,-0.4,0.95,0.6,30,1
0.4,-0.4,0.95,0.6,330,0
0.4,-0.4,0.95,0.6,60,0
0.4,-0.4,0.95,0.6,300,1
0.4,-0.4,0.95,0.6,150,0
0.4,-0.4,0.95,0.6,210,0
0.4,-0.4,0.95,0.6,120,0
0.4,-0.4,0.95,0.6,240,0
0.4,-0.4,1.0,0.4,0,1
0.4,-0.4,1.0,0.4,180,0
0.4,-0.4,1.0,0.4,90,0
0.4,-0.4,1.0,0.4,270,1
0.4,-0.4,1.0,0.4,30,1
0.4,-0.4,1.0,0.4,330,1
0.4,-0.4,1.0,0.4,60,1
0.4,-0.4,1.0,0.4,300,0
0.4,-0.4,1.0,0.4,150,0
0.4,-0.4,1.0,0.4,210,0
0.4,-0.4,1.0,0.4,120,0
0.4,-0.4,1.0,0.4,240,0
0.4,-0.4,1.0,0.5,0,1
0.4,-0.4,1.0,0.5,180,0
0.4,-0.4,1.0,0.5,90,0
0.4,-0.4,1.0,0.5,270,0
0.4,-0.4,1.0,0.5,30,1
0.4,-0.4,1.0,0.5,330,0
0.4,-0.4,1.0,0.5,60,0
0.4,-0.4,1.0,0.5,300,1
0.4,-0.4,1.0,0.5,150,0
0.4,-0.4,1.0,0.5,210,0
0.4,-0.4,1.0,0.5,120,0
0.4,-0.4,1.0,0.5,240,1
0.4,-0.4,1.0,0.6,0,1
0.4,-0.4,1.0,0.6,180,0
0.4,-0.4,1.0,0.6,90,0
0.4,-0.4,1.0,0.6,270,1
0.4,-0.4,1.0,0.6,30,1
0.4,-0.4,1.0,0.6,330,0
0.4,-0.4,1.0,0.6,60,0
0.4,-0.4,1.0,0.6,300,1
0.4,-0.4,1.0,0.6,150,0
0.4,-0.4,1.0,0.6,210,0
0.4,-0.4,1.0,0.6,120,0
0.4,-0.4,1.0,0.6,240,0
0.4,-0.35,0.65,0.4,0,1
0.4,-0.35,0.65,0.4,180,0
0.4,-0.35,0.65,0.4,90,0
0.4,-0.35,0.65,0.4,270,0
0.4,-0.35,0.65,0.4,30,1
0.4,-0.35,0.65,0.4,330,0
0.4,-0.35,0.65,0.4,60,1
0.4,-0.35,0.65,0.4,300,0
0.4,-0.35,0.65,0.4,150,0
0.4,-0.35,0.65,0.4,210,1
0.4,-0.35,0.65,0.4,120,0
0.4,-0.35,0.65,0.4,240,1
0.4,-0.35,0.65,0.5,0,1
0.4,-0.35,0.65,0.5,180,0
0.4,-0.35,0.65,0.5,90,0
0.4,-0.35,0.65,0.5,270,1
0.4,-0.35,0.65,0.5,30,1
0.4,-0.35,0.65,0.5,330,0
0.4,-0.35,0.65,0.5,60,1
0.4,-0.35,0.65,0.5,300,1
0.4,-0.35,0.65,0.5,150,0
0.4,-0.35,0.65,0.5,210,0
0.4,-0.35,0.65,0.5,120,0
0.4,-0.35,0.65,0.5,240,1
0.4,-0.35,0.65,0.6,0,1
0.4,-0.35,0.65,0.6,180,0
0.4,-0.35,0.65,0.6,90,0
0.4,-0.35,0.65,0.6,270,0
0.4,-0.35,0.65,0.6,30,1
0.4,-0.35,0.65,0.6,330,0
0.4,-0.35,0.65,0.6,60,1
0.4,-0.35,0.65,0.6,300,1
0.4,-0.35,0.65,0.6,150,0
0.4,-0.35,0.65,0.6,210,0
0.4,-0.35,0.65,0.6,120,0
0.4,-0.35,0.65,0.6,240,1
0.4,-0.35,0.7,0.4,0,1
0.4,-0.35,0.7,0.4,180,0
0.4,-0.35,0.7,0.4,90,0
0.4,-0.35,0.7,0.4,270,1
0.4,-0.35,0.7,0.4,30,1
0.4,-0.35,0.7,0.4,330,0
0.4,-0.35,0.7,0.4,60,1
0.4,-0.35,0.7,0.4,300,1
0.4,-0.35,0.7,0.4,150,0
0.4,-0.35,0.7,0.4,210,1
0.4,-0.35,0.7,0.4,120,0
0.4,-0.35,0.7,0.4,240,1
0.4,-0.35,0.7,0.5,0,1
0.4,-0.35,0.7,0.5,180,0
0.4,-0.35,0.7,0.5,90,0
0.4,-0.35,0.7,0.5,270,1
0.4,-0.35,0.7,0.5,30,1
0.4,-0.35,0.7,0.5,330,0
0.4,-0.35,0.7,0.5,60,1
0.4,-0.35,0.7,0.5,300,1
0.4,-0.35,0.7,0.5,150,0
0.4,-0.35,0.7,0.5,210,0
0.4,-0.35,0.7,0.5,120,0
0.4,-0.35,0.7,0.5,240,1
0.4,-0.35,0.7,0.6,0,1
0.4,-0.35,0.7,0.6,180,0
0.4,-0.35,0.7,0.6,90,0
0.4,-0.35,0.7,0.6,270,1
0.4,-0.35,0.7,0.6,30,1
0.4,-0.35,0.7,0.6,330,0
0.4,-0.35,0.7,0.6,60,1
0.4,-0.35,0.7,0.6,300,1
0.4,-0.35,0.7,0.6,150,0
0.4,-0.35,0.7,0.6,210,0
0.4,-0.35,0.7,0.6,120,0
0.4,-0.35,0.7,0.6,240,1
0.4,-0.35,0.75,0.4,0,1
0.4,-0.35,0.75,0.4,180,0
0.4,-0.35,0.75,0.4,90,0
0.4,-0.35,0.75,0.4,270,1
0.4,-0.35,0.75,0.4,30,1
0.4,-0.35,0.75,0.4,330,0
0.4,-0.35,0.75,0.4,60,1
0.4,-0.35,0.75,0.4,300,1
0.4,-0.35,0.75,0.4,150,0
0.4,-0.35,0.75,0.4,210,1
0.4,-0.35,0.75,0.4,120,0
0.4,-0.35,0.75,0.4,240,1
0.4,-0.35,0.75,0.5,0,1
0.4,-0.35,0.75,0.5,180,0
0.4,-0.35,0.75,0.5,90,0
0.4,-0.35,0.75,0.5,270,0
0.4,-0.35,0.75,0.5,30,1
0.4,-0.35,0.75,0.5,330,0
0.4,-0.35,0.75,0.5,60,1
0.4,-0.35,0.75,0.5,300,1
0.4,-0.35,0.75,0.5,150,0
0.4,-0.35,0.75,0.5,210,0
0.4,-0.35,0.75,0.5,120,0
0.4,-0.35,0.75,0.5,240,1
0.4,-0.35,0.75,0.6,0,1
0.4,-0.35,0.75,0.6,180,0
0.4,-0.35,0.75,0.6,90,0
0.4,-0.35,0.75,0.6,270,0
0.4,-0.35,0.75,0.6,30,1
0.4,-0.35,0.75,0.6,330,0
0.4,-0.35,0.75,0.6,60,0
0.4,-0.35,0.75,0.6,300,1
0.4,-0.35,0.75,0.6,150,0
0.4,-0.35,0.75,0.6,210,0
0.4,-0.35,0.75,0.6,120,0
0.4,-0.35,0.75,0.6,240,1
0.4,-0.35,0.8,0.4,0,1
0.4,-0.35,0.8,0.4,180,0
0.4,-0.35,0.8,0.4,90,0
0.4,-0.35,0.8,0.4,270,0
0.4,-0.35,0.8,0.4,30,1
0.4,-0.35,0.8,0.4,330,0
0.4,-0.35,0.8,0.4,60,1
0.4,-0.35,0.8,0.4,300,1
0.4,-0.35,0.8,0.4,150,0
0.4,-0.35,0.8,0.4,210,0
0.4,-0.35,0.8,0.4,120,0
0.4,-0.35,0.8,0.4,240,0
0.4,-0.35,0.8,0.5,0,1
0.4,-0.35,0.8,0.5,180,0
0.4,-0.35,0.8,0.5,90,0
0.4,-0.35,0.8,0.5,270,0
0.4,-0.35,0.8,0.5,30,1
0.4,-0.35,0.8,0.5,330,0
0.4,-0.35,0.8,0.5,60,1
0.4,-0.35,0.8,0.5,300,1
0.4,-0.35,0.8,0.5,150,0
0.4,-0.35,0.8,0.5,210,0
0.4,-0.35,0.8,0.5,120,0
0.4,-0.35,0.8,0.5,240,1
0.4,-0.35,0.8,0.6,0,1
0.4,-0.35,0.8,0.6,180,0
0.4,-0.35,0.8,0.6,90,0
0.4,-0.35,0.8,0.6,270,1
0.4,-0.35,0.8,0.6,30,1
0.4,-0.35,0.8,0.6,330,0
0.4,-0.35,0.8,0.6,60,0
0.4,-0.35,0.8,0.6,300,1
0.4,-0.35,0.8,0.6,150,0
0.4,-0.35,0.8,0.6,210,0
0.4,-0.35,0.8,0.6,120,0
0.4,-0.35,0.8,0.6,240,1
0.4,-0.35,0.85,0.4,0,1
0.4,-0.35,0.85,0.4,180,0
0.4,-0.35,0.85,0.4,90,0
0.4,-0.35,0.85,0.4,270,1
0.4,-0.35,0.85,0.4,30,1
0.4,-0.35,0.85,0.4,330,0
0.4,-0.35,0.85,0.4,60,1
0.4,-0.35,0.85,0.4,300,0
0.4,-0.35,0.85,0.4,150,0
0.4,-0.35,0.85,0.4,210,1
0.4,-0.35,0.85,0.4,120,0
0.4,-0.35,0.85,0.4,240,0
0.4,-0.35,0.85,0.5,0,1
0.4,-0.35,0.85,0.5,180,0
0.4,-0.35,0.85,0.5,90,0
0.4,-0.35,0.85,0.5,270,0
0.4,-0.35,0.85,0.5,30,1
0.4,-0.35,0.85,0.5,330,0
0.4,-0.35,0.85,0.5,60,1
0.4,-0.35,0.85,0.5,300,1
0.4,-0.35,0.85,0.5,150,0
0.4,-0.35,0.85,0.5,210,0
0.4,-0.35,0.85,0.5,120,0
0.4,-0.35,0.85,0.5,240,1
0.4,-0.35,0.85,0.6,0,1
0.4,-0.35,0.85,0.6,180,0
0.4,-0.35,0.85,0.6,90,0
0.4,-0.35,0.85,0.6,270,1
0.4,-0.35,0.85,0.6,30,1
0.4,-0.35,0.85,0.6,330,0
0.4,-0.35,0.85,0.6,60,0
0.4,-0.35,0.85,0.6,300,1
0.4,-0.35,0.85,0.6,150,0
0.4,-0.35,0.85,0.6,210,0
0.4,-0.35,0.85,0.6,120,0
0.4,-0.35,0.85,0.6,240,1
0.4,-0.35,0.9,0.4,0,1
0.4,-0.35,0.9,0.4,180,0
0.4,-0.35,0.9,0.4,90,0
0.4,-0.35,0.9,0.4,270,1
0.4,-0.35,0.9,0.4,30,1
0.4,-0.35,0.9,0.4,330,0
0.4,-0.35,0.9,0.4,60,1
0.4,-0.35,0.9,0.4,300,1
0.4,-0.35,0.9,0.4,150,0
0.4,-0.35,0.9,0.4,210,0
0.4,-0.35,0.9,0.4,120,0
0.4,-0.35,0.9,0.4,240,1
0.4,-0.35,0.9,0.5,0,1
0.4,-0.35,0.9,0.5,180,0
0.4,-0.35,0.9,0.5,90,0
0.4,-0.35,0.9,0.5,270,1
0.4,-0.35,0.9,0.5,30,1
0.4,-0.35,0.9,0.5,330,0
0.4,-0.35,0.9,0.5,60,1
0.4,-0.35,0.9,0.5,300,1
0.4,-0.35,0.9,0.5,150,0
0.4,-0.35,0.9,0.5,210,0
0.4,-0.35,0.9,0.5,120,0
0.4,-0.35,0.9,0.5,240,1
0.4,-0.35,0.9,0.6,0,1
0.4,-0.35,0.9,0.6,180,0
0.4,-0.35,0.9,0.6,90,0
0.4,-0.35,0.9,0.6,270,1
0.4,-0.35,0.9,0.6,30,1
0.4,-0.35,0.9,0.6,330,0
0.4,-0.35,0.9,0.6,60,0
0.4,-0.35,0.9,0.6,300,0
0.4,-0.35,0.9,0.6,150,0
0.4,-0.35,0.9,0.6,210,0
0.4,-0.35,0.9,0.6,120,0
0.4,-0.35,0.95,0.4,0,1
0.4,-0.35,0.95,0.4,180,0
0.4,-0.35,0.95,0.4,90,0
0.4,-0.35,0.95,0.4,270,0
0.4,-0.35,0.95,0.4,30,1
0.4,-0.35,0.95,0.4,330,0
0.4,-0.35,0.95,0.4,60,1
0.4,-0.35,0.95,0.4,300,1
0.4,-0.35,0.95,0.4,150,0
0.4,-0.35,0.95,0.4,210,0
0.4,-0.35,0.95,0.4,120,0
0.4,-0.35,0.95,0.4,240,1
0.4,-0.35,0.95,0.5,0,1
0.4,-0.35,0.95,0.5,180,0
0.4,-0.35,0.95,0.5,90,0
0.4,-0.35,0.95,0.5,270,0
0.4,-0.35,0.95,0.5,30,1
0.4,-0.35,0.95,0.5,330,0
0.4,-0.35,0.95,0.5,60,1
0.4,-0.35,0.95,0.5,300,1
0.4,-0.35,0.95,0.5,150,0
0.4,-0.35,0.95,0.5,210,0
0.4,-0.35,0.95,0.5,120,0
0.4,-0.35,0.95,0.5,240,1
0.4,-0.35,0.95,0.6,0,1
0.4,-0.35,0.95,0.6,180,0
0.4,-0.35,0.95,0.6,90,0
0.4,-0.35,0.95,0.6,270,1
0.4,-0.35,0.95,0.6,30,1
0.4,-0.35,0.95,0.6,330,0
0.4,-0.35,0.95,0.6,60,0
0.4,-0.35,0.95,0.6,300,1
0.4,-0.35,0.95,0.6,150,0
0.4,-0.35,0.95,0.6,210,0
0.4,-0.35,0.95,0.6,120,0
0.4,-0.35,0.95,0.6,240,1
0.4,-0.35,1.0,0.4,0,1
0.4,-0.35,1.0,0.4,180,0
0.4,-0.35,1.0,0.4,90,0
0.4,-0.35,1.0,0.4,270,1
0.4,-0.35,1.0,0.4,30,1
0.4,-0.35,1.0,0.4,330,0
0.4,-0.35,1.0,0.4,60,1
0.4,-0.35,1.0,0.4,300,1
0.4,-0.35,1.0,0.4,150,0
0.4,-0.35,1.0,0.4,210,0
0.4,-0.35,1.0,0.4,120,0
0.4,-0.35,1.0,0.4,240,0
0.4,-0.35,1.0,0.5,0,1
0.4,-0.35,1.0,0.5,180,0
0.4,-0.35,1.0,0.5,90,0
0.4,-0.35,1.0,0.5,270,0
0.4,-0.35,1.0,0.5,30,1
0.4,-0.35,1.0,0.5,330,0
0.4,-0.35,1.0,0.5,60,0
0.4,-0.35,1.0,0.5,300,0
0.4,-0.35,1.0,0.5,150,0
0.4,-0.35,1.0,0.5,210,0
0.4,-0.35,1.0,0.5,120,0
0.4,-0.35,1.0,0.6,0,1
0.4,-0.35,1.0,0.6,180,0
0.4,-0.35,1.0,0.6,90,0
0.4,-0.35,1.0,0.6,270,0
0.4,-0.35,1.0,0.6,30,1
0.4,-0.35,1.0,0.6,330,0
0.4,-0.35,1.0,0.6,60,0
0.4,-0.35,1.0,0.6,300,1
0.4,-0.35,1.0,0.6,150,0
0.4,-0.35,1.0,0.6,210,0
0.4,-0.35,1.0,0.6,120,0
0.4,-0.35,1.0,0.6,240,1
0.4,-0.3,0.65,0.4,0,1
0.4,-0.3,0.65,0.4,180,0
0.4,-0.3,0.65,0.4,90,0
0.4,-0.3,0.65,0.4,270,1
0.4,-0.3,0.65,0.4,30,1
0.4,-0.3,0.65,0.4,330,0
0.4,-0.3,0.65,0.4,60,1
0.4,-0.3,0.65,0.4,300,0
0.4,-0.3,0.65,0.4,150,0
0.4,-0.3,0.65,0.4,210,1
0.4,-0.3,0.65,0.4,120,1
0.4,-0.3,0.65,0.4,240,1
0.4,-0.3,0.65,0.5,0,1
0.4,-0.3,0.65,0.5,180,0
0.4,-0.3,0.65,0.5,90,0
0.4,-0.3,0.65,0.5,270,0
0.4,-0.3,0.65,0.5,30,1
0.4,-0.3,0.65,0.5,330,0
0.4,-0.3,0.65,0.5,60,1
0.4,-0.3,0.65,0.5,300,1
0.4,-0.3,0.65,0.5,150,0
0.4,-0.3,0.65,0.5,210,1
0.4,-0.3,0.65,0.5,120,0
0.4,-0.3,0.65,0.5,240,1
0.4,-0.3,0.65,0.6,0,1
0.4,-0.3,0.65,0.6,180,0
0.4,-0.3,0.65,0.6,90,0
0.4,-0.3,0.65,0.6,270,0
0.4,-0.3,0.65,0.6,30,1
0.4,-0.3,0.65,0.6,330,0
0.4,-0.3,0.65,0.6,60,1
0.4,-0.3,0.65,0.6,300,1
0.4,-0.3,0.65,0.6,150,0
0.4,-0.3,0.65,0.6,210,0
0.4,-0.3,0.65,0.6,120,0
0.4,-0.3,0.65,0.6,240,1
0.4,-0.3,0.7,0.4,0,1
0.4,-0.3,0.7,0.4,180,0
0.4,-0.3,0.7,0.4,90,0
0.4,-0.3,0.7,0.4,270,0
0.4,-0.3,0.7,0.4,30,1
0.4,-0.3,0.7,0.4,330,0
0.4,-0.3,0.7,0.4,60,1
0.4,-0.3,0.7,0.4,300,1
0.4,-0.3,0.7,0.4,150,0
0.4,-0.3,0.7,0.4,210,1
0.4,-0.3,0.7,0.4,120,1
0.4,-0.3,0.7,0.4,240,1
0.4,-0.3,0.7,0.5,0,1
0.4,-0.3,0.7,0.5,180,0
0.4,-0.3,0.7,0.5,90,0
0.4,-0.3,0.7,0.5,270,0
0.4,-0.3,0.7,0.5,30,1
0.4,-0.3,0.7,0.5,330,0
0.4,-0.3,0.7,0.5,60,1
0.4,-0.3,0.7,0.5,300,1
0.4,-0.3,0.7,0.5,150,0
0.4,-0.3,0.7,0.5,210,1
0.4,-0.3,0.7,0.5,120,0
0.4,-0.3,0.7,0.5,240,1
0.4,-0.3,0.7,0.6,0,1
0.4,-0.3,0.7,0.6,180,0
0.4,-0.3,0.7,0.6,90,0
0.4,-0.3,0.7,0.6,270,1
0.4,-0.3,0.7,0.6,30,1
0.4,-0.3,0.7,0.6,330,0
0.4,-0.3,0.7,0.6,60,1
0.4,-0.3,0.7,0.6,300,1
0.4,-0.3,0.7,0.6,150,0
0.4,-0.3,0.7,0.6,210,0
0.4,-0.3,0.7,0.6,120,0
0.4,-0.3,0.7,0.6,240,1
0.4,-0.3,0.75,0.4,0,1
0.4,-0.3,0.75,0.4,180,0
0.4,-0.3,0.75,0.4,90,0
0.4,-0.3,0.75,0.4,270,1
0.4,-0.3,0.75,0.4,30,1
0.4,-0.3,0.75,0.4,330,0
0.4,-0.3,0.75,0.4,60,1
0.4,-0.3,0.75,0.4,300,1
0.4,-0.3,0.75,0.4,150,0
0.4,-0.3,0.75,0.4,210,0
0.4,-0.3,0.75,0.4,120,1
0.4,-0.3,0.75,0.4,240,1
0.4,-0.3,0.75,0.5,0,1
0.4,-0.3,0.75,0.5,180,0
0.4,-0.3,0.75,0.5,90,0
0.4,-0.3,0.75,0.5,270,0
0.4,-0.3,0.75,0.5,30,1
0.4,-0.3,0.75,0.5,330,0
0.4,-0.3,0.75,0.5,60,1
0.4,-0.3,0.75,0.5,300,1
0.4,-0.3,0.75,0.5,150,0
0.4,-0.3,0.75,0.5,210,1
0.4,-0.3,0.75,0.5,120,0
0.4,-0.3,0.75,0.5,240,1
0.4,-0.3,0.75,0.6,0,1
0.4,-0.3,0.75,0.6,180,0
0.4,-0.3,0.75,0.6,90,0
0.4,-0.3,0.75,0.6,270,0
0.4,-0.3,0.75,0.6,30,1
0.4,-0.3,0.75,0.6,330,1
0.4,-0.3,0.75,0.6,60,0
0.4,-0.3,0.75,0.6,300,1
0.4,-0.3,0.75,0.6,150,0
0.4,-0.3,0.75,0.6,210,0
0.4,-0.3,0.75,0.6,120,0
0.4,-0.3,0.75,0.6,240,1
0.4,-0.3,0.8,0.4,0,1
0.4,-0.3,0.8,0.4,180,0
0.4,-0.3,0.8,0.4,90,0
0.4,-0.3,0.8,0.4,270,0
0.4,-0.3,0.8,0.4,30,1
0.4,-0.3,0.8,0.4,330,0
0.4,-0.3,0.8,0.4,60,1
0.4,-0.3,0.8,0.4,300,0
0.4,-0.3,0.8,0.4,150,0
0.4,-0.3,0.8,0.4,210,0
0.4,-0.3,0.8,0.4,120,0
0.4,-0.3,0.8,0.4,240,0
0.4,-0.3,0.8,0.5,0,1
0.4,-0.3,0.8,0.5,180,0
0.4,-0.3,0.8,0.5,90,0
0.4,-0.3,0.8,0.5,270,0
0.4,-0.3,0.8,0.5,30,1
0.4,-0.3,0.8,0.5,330,0
0.4,-0.3,0.8,0.5,60,1
0.4,-0.3,0.8,0.5,300,0
0.4,-0.3,0.8,0.5,150,0
0.4,-0.3,0.8,0.5,210,0
0.4,-0.3,0.8,0.5,120,0
0.4,-0.3,0.8,0.5,240,1
0.4,-0.3,0.8,0.6,0,1
0.4,-0.3,0.8,0.6,180,0
0.4,-0.3,0.8,0.6,90,0
0.4,-0.3,0.8,0.6,270,0
0.4,-0.3,0.8,0.6,30,1
0.4,-0.3,0.8,0.6,330,0
0.4,-0.3,0.8,0.6,60,0
0.4,-0.3,0.8,0.6,300,0
0.4,-0.3,0.8,0.6,150,0
0.4,-0.3,0.8,0.6,210,0
0.4,-0.3,0.8,0.6,120,0
0.4,-0.3,0.85,0.4,0,1
0.4,-0.3,0.85,0.4,180,0
0.4,-0.3,0.85,0.4,90,0
0.4,-0.3,0.85,0.4,270,1
0.4,-0.3,0.85,0.4,30,1
0.4,-0.3,0.85,0.4,330,0
0.4,-0.3,0.85,0.4,60,1
0.4,-0.3,0.85,0.4,300,1
0.4,-0.3,0.85,0.4,150,0
0.4,-0.3,0.85,0.4,210,1
0.4,-0.3,0.85,0.4,120,0
0.4,-0.3,0.85,0.4,240,0
0.4,-0.3,0.85,0.5,0,1
0.4,-0.3,0.85,0.5,180,0
0.4,-0.3,0.85,0.5,90,0
0.4,-0.3,0.85,0.5,270,0
0.4,-0.3,0.85,0.5,30,1
0.4,-0.3,0.85,0.5,330,0
0.4,-0.3,0.85,0.5,60,1
0.4,-0.3,0.85,0.5,300,0
0.4,-0.3,0.85,0.5,150,0
0.4,-0.3,0.85,0.5,210,0
0.4,-0.3,0.85,0.5,120,0
0.4,-0.3,0.85,0.5,240,1
0.4,-0.3,0.85,0.6,0,1
0.4,-0.3,0.85,0.6,180,0
0.4,-0.3,0.85,0.6,90,0
0.4,-0.3,0.85,0.6,270,0
0.4,-0.3,0.85,0.6,30,1
0.4,-0.3,0.85,0.6,330,0
0.4,-0.3,0.85,0.6,60,0
0.4,-0.3,0.85,0.6,300,1
0.4,-0.3,0.85,0.6,150,0
0.4,-0.3,0.85,0.6,210,0
0.4,-0.3,0.85,0.6,120,0
0.4,-0.3,0.85,0.6,240,1
0.4,-0.3,0.9,0.4,0,1
0.4,-0.3,0.9,0.4,180,0
0.4,-0.3,0.9,0.4,90,0
0.4,-0.3,0.9,0.4,270,1
0.4,-0.3,0.9,0.4,30,1
0.4,-0.3,0.9,0.4,330,0
0.4,-0.3,0.9,0.4,60,1
0.4,-0.3,0.9,0.4,300,1
0.4,-0.3,0.9,0.4,150,0
0.4,-0.3,0.9,0.4,210,1
0.4,-0.3,0.9,0.4,120,0
0.4,-0.3,0.9,0.4,240,1
0.4,-0.3,0.9,0.5,0,1
0.4,-0.3,0.9,0.5,180,0
0.4,-0.3,0.9,0.5,90,0
0.4,-0.3,0.9,0.5,270,0
0.4,-0.3,0.9,0.5,30,1
0.4,-0.3,0.9,0.5,330,0
0.4,-0.3,0.9,0.5,60,1
0.4,-0.3,0.9,0.5,300,1
0.4,-0.3,0.9,0.5,150,0
0.4,-0.3,0.9,0.5,210,0
0.4,-0.3,0.9,0.5,120,0
0.4,-0.3,0.9,0.5,240,1
0.4,-0.3,0.9,0.6,0,1
0.4,-0.3,0.9,0.6,180,0
0.4,-0.3,0.9,0.6,90,0
0.4,-0.3,0.9,0.6,270,1
0.4,-0.3,0.9,0.6,30,1
0.4,-0.3,0.9,0.6,330,1
0.4,-0.3,0.9,0.6,60,0
0.4,-0.3,0.9,0.6,300,0
0.4,-0.3,0.9,0.6,150,0
0.4,-0.3,0.9,0.6,210,0
0.4,-0.3,0.9,0.6,120,0
0.4,-0.3,0.9,0.6,240,1
0.4,-0.3,0.95,0.4,0,1
0.4,-0.3,0.95,0.4,180,0
0.4,-0.3,0.95,0.4,90,0
0.4,-0.3,0.95,0.4,270,0
0.4,-0.3,0.95,0.4,30,1
0.4,-0.3,0.95,0.4,330,0
0.4,-0.3,0.95,0.4,60,1
0.4,-0.3,0.95,0.4,300,0
0.4,-0.3,0.95,0.4,150,0
0.4,-0.3,0.95,0.4,210,0
0.4,-0.3,0.95,0.4,120,0
0.4,-0.3,0.95,0.4,240,1
0.4,-0.3,0.95,0.5,0,1
0.4,-0.3,0.95,0.5,180,0
0.4,-0.3,0.95,0.5,90,0
0.4,-0.3,0.95,0.5,270,0
0.4,-0.3,0.95,0.5,30,1
0.4,-0.3,0.95,0.5,330,0
0.4,-0.3,0.95,0.5,60,1
0.4,-0.3,0.95,0.5,300,1
0.4,-0.3,0.95,0.5,150,0
0.4,-0.3,0.95,0.5,210,0
0.4,-0.3,0.95,0.5,120,0
0.4,-0.3,0.95,0.5,240,1
0.4,-0.3,0.95,0.6,0,1
0.4,-0.3,0.95,0.6,180,0
0.4,-0.3,0.95,0.6,90,0
0.4,-0.3,0.95,0.6,270,1
0.4,-0.3,0.95,0.6,30,1
0.4,-0.3,0.95,0.6,330,1
0.4,-0.3,0.95,0.6,60,0
0.4,-0.3,0.95,0.6,300,0
0.4,-0.3,0.95,0.6,150,0
0.4,-0.3,0.95,0.6,210,0
0.4,-0.3,0.95,0.6,120,0
0.4,-0.3,0.95,0.6,240,1
0.4,-0.3,1.0,0.4,0,1
0.4,-0.3,1.0,0.4,180,0
0.4,-0.3,1.0,0.4,90,0
0.4,-0.3,1.0,0.4,270,0
0.4,-0.3,1.0,0.4,30,1
0.4,-0.3,1.0,0.4,330,0
0.4,-0.3,1.0,0.4,60,1
0.4,-0.3,1.0,0.4,300,1
0.4,-0.3,1.0,0.4,150,0
0.4,-0.3,1.0,0.4,210,0
0.4,-0.3,1.0,0.4,120,0
0.4,-0.3,1.0,0.4,240,0
0.4,-0.3,1.0,0.5,0,1
0.4,-0.3,1.0,0.5,180,0
0.4,-0.3,1.0,0.5,90,0
0.4,-0.3,1.0,0.5,270,0
0.4,-0.3,1.0,0.5,30,1
0.4,-0.3,1.0,0.5,330,0
0.4,-0.3,1.0,0.5,60,1
0.4,-0.3,1.0,0.5,300,0
0.4,-0.3,1.0,0.5,150,0
0.4,-0.3,1.0,0.5,210,0
0.4,-0.3,1.0,0.5,120,0
0.4,-0.3,1.0,0.5,240,1
0.4,-0.3,1.0,0.6,0,1
0.4,-0.3,1.0,0.6,180,0
0.4,-0.3,1.0,0.6,90,0
0.4,-0.3,1.0,0.6,270,0
0.4,-0.3,1.0,0.6,30,1
0.4,-0.3,1.0,0.6,330,1
0.4,-0.3,1.0,0.6,60,0
0.4,-0.3,1.0,0.6,300,0
0.4,-0.3,1.0,0.6,150,0
0.4,-0.3,1.0,0.6,210,0
0.4,-0.3,1.0,0.6,120,0
0.4,-0.3,1.0,0.6,240,1
0.4,-0.25,0.65,0.4,0,1
0.4,-0.25,0.65,0.4,180,1
0.4,-0.25,0.65,0.4,90,0
0.4,-0.25,0.65,0.4,270,0
0.4,-0.25,0.65,0.4,30,1
0.4,-0.25,0.65,0.4,330,0
0.4,-0.25,0.65,0.4,60,1
0.4,-0.25,0.65,0.4,300,0
0.4,-0.25,0.65,0.4,150,0
0.4,-0.25,0.65,0.4,210,1
0.4,-0.25,0.65,0.4,120,1
0.4,-0.25,0.65,0.4,240,1
0.4,-0.25,0.65,0.5,0,1
0.4,-0.25,0.65,0.5,180,0
0.4,-0.25,0.65,0.5,90,0
0.4,-0.25,0.65,0.5,270,0
0.4,-0.25,0.65,0.5,30,1
0.4,-0.25,0.65,0.5,330,1
0.4,-0.25,0.65,0.5,60,1
0.4,-0.25,0.65,0.5,300,0
0.4,-0.25,0.65,0.5,150,0
0.4,-0.25,0.65,0.5,210,1
0.4,-0.25,0.65,0.5,120,0
0.4,-0.25,0.65,0.5,240,1
0.4,-0.25,0.65,0.6,0,1
0.4,-0.25,0.65,0.6,180,0
0.4,-0.25,0.65,0.6,90,0
0.4,-0.25,0.65,0.6,270,1
0.4,-0.25,0.65,0.6,30,1
0.4,-0.25,0.65,0.6,330,1
0.4,-0.25,0.65,0.6,60,1
0.4,-0.25,0.65,0.6,300,0
0.4,-0.25,0.65,0.6,150,0
0.4,-0.25,0.65,0.6,210,0
0.4,-0.25,0.65,0.6,120,0
0.4,-0.25,0.65,0.6,240,1
0.4,-0.25,0.7,0.4,0,1
0.4,-0.25,0.7,0.4,180,1
0.4,-0.25,0.7,0.4,90,0
0.4,-0.25,0.7,0.4,270,0
0.4,-0.25,0.7,0.4,30,1
0.4,-0.25,0.7,0.4,330,0
0.4,-0.25,0.7,0.4,60,1
0.4,-0.25,0.7,0.4,300,0
0.4,-0.25,0.7,0.4,150,0
0.4,-0.25,0.7,0.4,210,1
0.4,-0.25,0.7,0.4,120,1
0.4,-0.25,0.7,0.4,240,1
0.4,-0.25,0.7,0.5,0,1
0.4,-0.25,0.7,0.5,180,0
0.4,-0.25,0.7,0.5,90,0
0.4,-0.25,0.7,0.5,270,1
0.4,-0.25,0.7,0.5,30,1
0.4,-0.25,0.7,0.5,330,1
0.4,-0.25,0.7,0.5,60,1
0.4,-0.25,0.7,0.5,300,0
0.4,-0.25,0.7,0.5,150,0
0.4,-0.25,0.7,0.5,210,1
0.4,-0.25,0.7,0.5,120,0
0.4,-0.25,0.7,0.5,240,1
0.4,-0.25,0.7,0.6,0,1
0.4,-0.25,0.7,0.6,180,0
0.4,-0.25,0.7,0.6,90,0
0.4,-0.25,0.7,0.6,270,1
0.4,-0.25,0.7,0.6,30,1
0.4,-0.25,0.7,0.6,330,1
0.4,-0.25,0.7,0.6,60,1
0.4,-0.25,0.7,0.6,300,1
0.4,-0.25,0.7,0.6,150,0
0.4,-0.25,0.7,0.6,210,0
0.4,-0.25,0.7,0.6,120,0
0.4,-0.25,0.7,0.6,240,1
0.4,-0.25,0.75,0.4,0,1
0.4,-0.25,0.75,0.4,180,0
0.4,-0.25,0.75,0.4,90,0
0.4,-0.25,0.75,0.4,270,1
0.4,-0.25,0.75,0.4,30,1
0.4,-0.25,0.75,0.4,330,0
0.4,-0.25,0.75,0.4,60,1
0.4,-0.25,0.75,0.4,300,0
0.4,-0.25,0.75,0.4,150,1
0.4,-0.25,0.75,0.4,210,0
0.4,-0.25,0.75,0.4,120,1
0.4,-0.25,0.75,0.4,240,1
0.4,-0.25,0.75,0.5,0,1
0.4,-0.25,0.75,0.5,180,0
0.4,-0.25,0.75,0.5,90,0
0.4,-0.25,0.75,0.5,270,1
0.4,-0.25,0.75,0.5,30,1
0.4,-0.25,0.75,0.5,330,0
0.4,-0.25,0.75,0.5,60,1
0.4,-0.25,0.75,0.5,300,0
0.4,-0.25,0.75,0.5,150,0
0.4,-0.25,0.75,0.5,210,1
0.4,-0.25,0.75,0.5,120,0
0.4,-0.25,0.75,0.5,240,1
0.4,-0.25,0.75,0.6,0,1
0.4,-0.25,0.75,0.6,180,0
0.4,-0.25,0.75,0.6,90,0
0.4,-0.25,0.75,0.6,270,1
0.4,-0.25,0.75,0.6,30,1
0.4,-0.25,0.75,0.6,330,1
0.4,-0.25,0.75,0.6,60,0
0.4,-0.25,0.75,0.6,300,1
0.4,-0.25,0.75,0.6,150,0
0.4,-0.25,0.75,0.6,210,0
0.4,-0.25,0.75,0.6,120,0
0.4,-0.25,0.75,0.6,240,1
0.4,-0.25,0.8,0.4,0,1
0.4,-0.25,0.8,0.4,180,0
0.4,-0.25,0.8,0.4,90,0
0.4,-0.25,0.8,0.4,270,1
0.4,-0.25,0.8,0.4,30,1
0.4,-0.25,0.8,0.4,330,0
0.4,-0.25,0.8,0.4,60,1
0.4,-0.25,0.8,0.4,300,0
0.4,-0.25,0.8,0.4,150,0
0.4,-0.25,0.8,0.4,210,1
0.4,-0.25,0.8,0.4,120,1
0.4,-0.25,0.8,0.4,240,1
0.4,-0.25,0.8,0.5,0,1
0.4,-0.25,0.8,0.5,180,0
0.4,-0.25,0.8,0.5,90,0
0.4,-0.25,0.8,0.5,270,0
0.4,-0.25,0.8,0.5,30,1
0.4,-0.25,0.8,0.5,330,1
0.4,-0.25,0.8,0.5,60,1
0.4,-0.25,0.8,0.5,300,0
0.4,-0.25,0.8,0.5,150,0
0.4,-0.25,0.8,0.5,210,0
0.4,-0.25,0.8,0.5,120,0
0.4,-0.25,0.8,0.5,240,1
0.4,-0.25,0.8,0.6,0,1
0.4,-0.25,0.8,0.6,180,0
0.4,-0.25,0.8,0.6,90,0
0.4,-0.25,0.8,0.6,270,1
0.4,-0.25,0.8,0.6,30,1
0.4,-0.25,0.8,0.6,330,1
0.4,-0.25,0.8,0.6,60,0
0.4,-0.25,0.8,0.6,300,1
0.4,-0.25,0.8,0.6,150,0
0.4,-0.25,0.8,0.6,210,0
0.4,-0.25,0.8,0.6,120,0
0.4,-0.25,0.8,0.6,240,1
0.4,-0.25,0.85,0.4,0,1
0.4,-0.25,0.85,0.4,180,0
0.4,-0.25,0.85,0.4,90,0
0.4,-0.25,0.85,0.4,270,0
0.4,-0.25,0.85,0.4,30,1
0.4,-0.25,0.85,0.4,330,0
0.4,-0.25,0.85,0.4,60,1
0.4,-0.25,0.85,0.4,300,0
0.4,-0.25,0.85,0.4,150,0
0.4,-0.25,0.85,0.4,210,1
0.4,-0.25,0.85,0.4,120,1
0.4,-0.25,0.85,0.4,240,0
0.4,-0.25,0.85,0.5,0,1
0.4,-0.25,0.85,0.5,180,0
0.4,-0.25,0.85,0.5,90,0
0.4,-0.25,0.85,0.5,270,1
0.4,-0.25,0.85,0.5,30,1
0.4,-0.25,0.85,0.5,330,0
0.4,-0.25,0.85,0.5,60,1
0.4,-0.25,0.85,0.5,300,0
0.4,-0.25,0.85,0.5,150,0
0.4,-0.25,0.85,0.5,210,0
0.4,-0.25,0.85,0.5,120,0
0.4,-0.25,0.85,0.5,240,1
0.4,-0.25,0.85,0.6,0,1
0.4,-0.25,0.85,0.6,180,0
0.4,-0.25,0.85,0.6,90,0
0.4,-0.25,0.85,0.6,270,1
0.4,-0.25,0.85,0.6,30,1
0.4,-0.25,0.85,0.6,330,1
0.4,-0.25,0.85,0.6,60,0
0.4,-0.25,0.85,0.6,300,0
0.4,-0.25,0.85,0.6,150,0
0.4,-0.25,0.85,0.6,210,0
0.4,-0.25,0.85,0.6,120,0
0.4,-0.25,0.85,0.6,240,1
0.4,-0.25,0.9,0.4,0,1
0.4,-0.25,0.9,0.4,180,0
0.4,-0.25,0.9,0.4,90,0
0.4,-0.25,0.9,0.4,270,1
0.4,-0.25,0.9,0.4,30,1
0.4,-0.25,0.9,0.4,330,0
0.4,-0.25,0.9,0.4,60,1
0.4,-0.25,0.9,0.4,300,0
0.4,-0.25,0.9,0.4,150,0
0.4,-0.25,0.9,0.4,210,1
0.4,-0.25,0.9,0.4,120,0
0.4,-0.25,0.9,0.4,240,1
0.4,-0.25,0.9,0.5,0,1
0.4,-0.25,0.9,0.5,180,0
0.4,-0.25,0.9,0.5,90,0
0.4,-0.25,0.9,0.5,270,0
0.4,-0.25,0.9,0.5,30,1
0.4,-0.25,0.9,0.5,330,1
0.4,-0.25,0.9,0.5,60,1
0.4,-0.25,0.9,0.5,300,0
0.4,-0.25,0.9,0.5,150,0
0.4,-0.25,0.9,0.5,210,1
0.4,-0.25,0.9,0.5,120,0
0.4,-0.25,0.9,0.5,240,0
0.4,-0.25,0.9,0.6,0,1
0.4,-0.25,0.9,0.6,180,0
0.4,-0.25,0.9,0.6,90,0
0.4,-0.25,0.9,0.6,270,1
0.4,-0.25,0.9,0.6,30,1
0.4,-0.25,0.9,0.6,330,0
0.4,-0.25,0.9,0.6,60,0
0.4,-0.25,0.9,0.6,300,0
0.4,-0.25,0.9,0.6,150,0
0.4,-0.25,0.9,0.6,210,0
0.4,-0.25,0.9,0.6,120,0
0.4,-0.25,0.95,0.4,0,1
0.4,-0.25,0.95,0.4,180,0
0.4,-0.25,0.95,0.4,90,0
0.4,-0.25,0.95,0.4,270,1
0.4,-0.25,0.95,0.4,30,1
0.4,-0.25,0.95,0.4,330,0
0.4,-0.25,0.95,0.4,60,1
0.4,-0.25,0.95,0.4,300,0
0.4,-0.25,0.95,0.4,150,0
0.4,-0.25,0.95,0.4,210,1
0.4,-0.25,0.95,0.4,120,0
0.4,-0.25,0.95,0.4,240,1
0.4,-0.25,0.95,0.5,0,1
0.4,-0.25,0.95,0.5,180,0
0.4,-0.25,0.95,0.5,90,0
0.4,-0.25,0.95,0.5,270,0
0.4,-0.25,0.95,0.5,30,1
0.4,-0.25,0.95,0.5,330,0
0.4,-0.25,0.95,0.5,60,1
0.4,-0.25,0.95,0.5,300,0
0.4,-0.25,0.95,0.5,150,0
0.4,-0.25,0.95,0.5,210,1
0.4,-0.25,0.95,0.5,120,0
0.4,-0.25,0.95,0.5,240,0
0.4,-0.25,0.95,0.6,0,1
0.4,-0.25,0.95,0.6,180,0
0.4,-0.25,0.95,0.6,90,0
0.4,-0.25,0.95,0.6,270,1
0.4,-0.25,0.95,0.6,30,1
0.4,-0.25,0.95,0.6,330,1
0.4,-0.25,0.95,0.6,60,0
0.4,-0.25,0.95,0.6,300,0
0.4,-0.25,0.95,0.6,150,0
0.4,-0.25,0.95,0.6,210,0
0.4,-0.25,0.95,0.6,120,0
0.4,-0.25,0.95,0.6,240,1
0.4,-0.25,1.0,0.4,0,1
0.4,-0.25,1.0,0.4,180,0
0.4,-0.25,1.0,0.4,90,0
0.4,-0.25,1.0,0.4,270,1
0.4,-0.25,1.0,0.4,30,1
0.4,-0.25,1.0,0.4,330,0
0.4,-0.25,1.0,0.4,60,1
0.4,-0.25,1.0,0.4,300,0
0.4,-0.25,1.0,0.4,150,0
0.4,-0.25,1.0,0.4,210,1
0.4,-0.25,1.0,0.4,120,0
0.4,-0.25,1.0,0.4,240,1
0.4,-0.25,1.0,0.5,0,1
0.4,-0.25,1.0,0.5,180,0
0.4,-0.25,1.0,0.5,90,0
0.4,-0.25,1.0,0.5,270,1
0.4,-0.25,1.0,0.5,30,1
0.4,-0.25,1.0,0.5,330,1
0.4,-0.25,1.0,0.5,60,1
0.4,-0.25,1.0,0.5,300,0
0.4,-0.25,1.0,0.5,150,0
0.4,-0.25,1.0,0.5,210,0
0.4,-0.25,1.0,0.5,120,0
0.4,-0.25,1.0,0.5,240,0
0.4,-0.25,1.0,0.6,0,1
0.4,-0.25,1.0,0.6,180,0
0.4,-0.25,1.0,0.6,90,0
0.4,-0.25,1.0,0.6,270,1
0.4,-0.25,1.0,0.6,30,1
0.4,-0.25,1.0,0.6,330,0
0.4,-0.25,1.0,0.6,60,0
0.4,-0.25,1.0,0.6,300,1
0.4,-0.25,1.0,0.6,150,0
0.4,-0.25,1.0,0.6,210,0
0.4,-0.25,1.0,0.6,120,0
0.4,-0.25,1.0,0.6,240,1
0.4,-0.2,0.65,0.4,0,1
0.4,-0.2,0.65,0.4,180,1
0.4,-0.2,0.65,0.4,90,0
0.4,-0.2,0.65,0.4,270,1
0.4,-0.2,0.65,0.4,30,1
0.4,-0.2,0.65,0.4,330,0
0.4,-0.2,0.65,0.4,60,1
0.4,-0.2,0.65,0.4,300,0
0.4,-0.2,0.65,0.4,150,1
0.4,-0.2,0.65,0.4,210,1
0.4,-0.2,0.65,0.4,120,1
0.4,-0.2,0.65,0.4,240,1
0.4,-0.2,0.65,0.5,0,1
0.4,-0.2,0.65,0.5,180,0
0.4,-0.2,0.65,0.5,90,0
0.4,-0.2,0.65,0.5,270,0
0.4,-0.2,0.65,0.5,30,1
0.4,-0.2,0.65,0.5,330,1
0.4,-0.2,0.65,0.5,60,1
0.4,-0.2,0.65,0.5,300,0
0.4,-0.2,0.65,0.5,150,0
0.4,-0.2,0.65,0.5,210,1
0.4,-0.2,0.65,0.5,120,0
0.4,-0.2,0.65,0.5,240,1
0.4,-0.2,0.65,0.6,0,1
0.4,-0.2,0.65,0.6,180,0
0.4,-0.2,0.65,0.6,90,0
0.4,-0.2,0.65,0.6,270,1
0.4,-0.2,0.65,0.6,30,1
0.4,-0.2,0.65,0.6,330,1
0.4,-0.2,0.65,0.6,60,1
0.4,-0.2,0.65,0.6,300,0
0.4,-0.2,0.65,0.6,150,0
0.4,-0.2,0.65,0.6,210,1
0.4,-0.2,0.65,0.6,120,0
0.4,-0.2,0.65,0.6,240,1
0.4,-0.2,0.7,0.4,0,1
0.4,-0.2,0.7,0.4,180,1
0.4,-0.2,0.7,0.4,90,0
0.4,-0.2,0.7,0.4,270,1
0.4,-0.2,0.7,0.4,30,1
0.4,-0.2,0.7,0.4,330,1
0.4,-0.2,0.7,0.4,60,1
0.4,-0.2,0.7,0.4,300,0
0.4,-0.2,0.7,0.4,150,1
0.4,-0.2,0.7,0.4,210,1
0.4,-0.2,0.7,0.4,120,1
0.4,-0.2,0.7,0.4,240,1
0.4,-0.2,0.7,0.5,0,1
0.4,-0.2,0.7,0.5,180,0
0.4,-0.2,0.7,0.5,90,0
0.4,-0.2,0.7,0.5,270,0
0.4,-0.2,0.7,0.5,30,1
0.4,-0.2,0.7,0.5,330,1
0.4,-0.2,0.7,0.5,60,1
0.4,-0.2,0.7,0.5,300,0
0.4,-0.2,0.7,0.5,150,0
0.4,-0.2,0.7,0.5,210,1
0.4,-0.2,0.7,0.5,120,0
0.4,-0.2,0.7,0.5,240,1
0.4,-0.2,0.7,0.6,0,1
0.4,-0.2,0.7,0.6,180,0
0.4,-0.2,0.7,0.6,90,0
0.4,-0.2,0.7,0.6,270,1
0.4,-0.2,0.7,0.6,30,1
0.4,-0.2,0.7,0.6,330,0
0.4,-0.2,0.7,0.6,60,1
0.4,-0.2,0.7,0.6,300,0
0.4,-0.2,0.7,0.6,150,0
0.4,-0.2,0.7,0.6,210,1
0.4,-0.2,0.7,0.6,120,0
0.4,-0.2,0.7,0.6,240,0
0.4,-0.2,0.75,0.4,0,1
0.4,-0.2,0.75,0.4,180,0
0.4,-0.2,0.75,0.4,90,0
0.4,-0.2,0.75,0.4,270,1
0.4,-0.2,0.75,0.4,30,1
0.4,-0.2,0.75,0.4,330,1
0.4,-0.2,0.75,0.4,60,1
0.4,-0.2,0.75,0.4,300,0
0.4,-0.2,0.75,0.4,150,1
0.4,-0.2,0.75,0.4,210,0
0.4,-0.2,0.75,0.4,120,1
0.4,-0.2,0.75,0.4,240,1
0.4,-0.2,0.75,0.5,0,1
0.4,-0.2,0.75,0.5,180,0
0.4,-0.2,0.75,0.5,90,0
0.4,-0.2,0.75,0.5,270,1
0.4,-0.2,0.75,0.5,30,1
0.4,-0.2,0.75,0.5,330,1
0.4,-0.2,0.75,0.5,60,1
0.4,-0.2,0.75,0.5,300,0
0.4,-0.2,0.75,0.5,150,0
0.4,-0.2,0.75,0.5,210,1
0.4,-0.2,0.75,0.5,120,0
0.4,-0.2,0.75,0.5,240,1
0.4,-0.2,0.75,0.6,0,1
0.4,-0.2,0.75,0.6,180,0
0.4,-0.2,0.75,0.6,90,0
0.4,-0.2,0.75,0.6,270,0
0.4,-0.2,0.75,0.6,30,1
0.4,-0.2,0.75,0.6,330,1
0.4,-0.2,0.75,0.6,60,0
0.4,-0.2,0.75,0.6,300,1
0.4,-0.2,0.75,0.6,150,0
0.4,-0.2,0.75,0.6,210,1
0.4,-0.2,0.75,0.6,120,0
0.4,-0.2,0.75,0.6,240,1
0.4,-0.2,0.8,0.4,0,1
0.4,-0.2,0.8,0.4,180,0
0.4,-0.2,0.8,0.4,90,0
0.4,-0.2,0.8,0.4,270,1
0.4,-0.2,0.8,0.4,30,1
0.4,-0.2,0.8,0.4,330,1
0.4,-0.2,0.8,0.4,60,1
0.4,-0.2,0.8,0.4,300,0
0.4,-0.2,0.8,0.4,150,0
0.4,-0.2,0.8,0.4,210,1
0.4,-0.2,0.8,0.4,120,1
0.4,-0.2,0.8,0.4,240,1
0.4,-0.2,0.8,0.5,0,1
0.4,-0.2,0.8,0.5,180,0
0.4,-0.2,0.8,0.5,90,0
0.4,-0.2,0.8,0.5,270,1
0.4,-0.2,0.8,0.5,30,1
0.4,-0.2,0.8,0.5,330,1
0.4,-0.2,0.8,0.5,60,1
0.4,-0.2,0.8,0.5,300,0
0.4,-0.2,0.8,0.5,150,0
0.4,-0.2,0.8,0.5,210,0
0.4,-0.2,0.8,0.5,120,0
0.4,-0.2,0.8,0.5,240,1
0.4,-0.2,0.8,0.6,0,1
0.4,-0.2,0.8,0.6,180,0
0.4,-0.2,0.8,0.6,90,0
0.4,-0.2,0.8,0.6,270,1
0.4,-0.2,0.8,0.6,30,1
0.4,-0.2,0.8,0.6,330,1
0.4,-0.2,0.8,0.6,60,0
0.4,-0.2,0.8,0.6,300,1
0.4,-0.2,0.8,0.6,150,0
0.4,-0.2,0.8,0.6,210,1
0.4,-0.2,0.8,0.6,120,0
0.4,-0.2,0.8,0.6,240,1
0.4,-0.2,0.85,0.4,0,1
0.4,-0.2,0.85,0.4,180,1
0.4,-0.2,0.85,0.4,90,0
0.4,-0.2,0.85,0.4,270,1
0.4,-0.2,0.85,0.4,30,1
0.4,-0.2,0.85,0.4,330,0
0.4,-0.2,0.85,0.4,60,1
0.4,-0.2,0.85,0.4,300,0
0.4,-0.2,0.85,0.4,150,0
0.4,-0.2,0.85,0.4,210,1
0.4,-0.2,0.85,0.4,120,1
0.4,-0.2,0.85,0.4,240,0
0.4,-0.2,0.85,0.5,0,1
0.4,-0.2,0.85,0.5,180,0
0.4,-0.2,0.85,0.5,90,0
0.4,-0.2,0.85,0.5,270,0
0.4,-0.2,0.85,0.5,30,1
0.4,-0.2,0.85,0.5,330,1
0.4,-0.2,0.85,0.5,60,1
0.4,-0.2,0.85,0.5,300,0
0.4,-0.2,0.85,0.5,150,0
0.4,-0.2,0.85,0.5,210,1
0.4,-0.2,0.85,0.5,120,0
0.4,-0.2,0.85,0.5,240,0
0.4,-0.2,0.85,0.6,0,1
0.4,-0.2,0.85,0.6,180,0
0.4,-0.2,0.85,0.6,90,0
0.4,-0.2,0.85,0.6,270,1
0.4,-0.2,0.85,0.6,30,1
0.4,-0.2,0.85,0.6,330,1
0.4,-0.2,0.85,0.6,60,0
0.4,-0.2,0.85,0.6,300,1
0.4,-0.2,0.85,0.6,150,0
0.4,-0.2,0.85,0.6,210,1
0.4,-0.2,0.85,0.6,120,0
0.4,-0.2,0.85,0.6,240,1
0.4,-0.2,0.9,0.4,0,1
0.4,-0.2,0.9,0.4,180,1
0.4,-0.2,0.9,0.4,90,0
0.4,-0.2,0.9,0.4,270,0
0.4,-0.2,0.9,0.4,30,1
0.4,-0.2,0.9,0.4,330,0
0.4,-0.2,0.9,0.4,60,1
0.4,-0.2,0.9,0.4,300,0
0.4,-0.2,0.9,0.4,150,0
0.4,-0.2,0.9,0.4,210,1
0.4,-0.2,0.9,0.4,120,1
0.4,-0.2,0.9,0.4,240,1
0.4,-0.2,0.9,0.5,0,1
0.4,-0.2,0.9,0.5,180,0
0.4,-0.2,0.9,0.5,90,0
0.4,-0.2,0.9,0.5,270,1
0.4,-0.2,0.9,0.5,30,1
0.4,-0.2,0.9,0.5,330,1
0.4,-0.2,0.9,0.5,60,1
0.4,-0.2,0.9,0.5,300,0
0.4,-0.2,0.9,0.5,150,0
0.4,-0.2,0.9,0.5,210,1
0.4,-0.2,0.9,0.5,120,0
0.4,-0.2,0.9,0.5,240,1
0.4,-0.2,0.9,0.6,0,1
0.4,-0.2,0.9,0.6,180,0
0.4,-0.2,0.9,0.6,90,0
0.4,-0.2,0.9,0.6,270,1
0.4,-0.2,0.9,0.6,30,1
0.4,-0.2,0.9,0.6,330,1
0.4,-0.2,0.9,0.6,60,0
0.4,-0.2,0.9,0.6,300,0
0.4,-0.2,0.9,0.6,150,0
0.4,-0.2,0.9,0.6,210,1
0.4,-0.2,0.9,0.6,120,0
0.4,-0.2,0.9,0.6,240,1
0.4,-0.2,0.95,0.4,0,1
0.4,-0.2,0.95,0.4,180,1
0.4,-0.2,0.95,0.4,90,0
0.4,-0.2,0.95,0.4,270,0
0.4,-0.2,0.95,0.4,30,1
0.4,-0.2,0.95,0.4,330,1
0.4,-0.2,0.95,0.4,60,1
0.4,-0.2,0.95,0.4,300,0
0.4,-0.2,0.95,0.4,150,0
0.4,-0.2,0.95,0.4,210,1
0.4,-0.2,0.95,0.4,120,0
0.4,-0.2,0.95,0.4,240,1
0.4,-0.2,0.95,0.5,0,1
0.4,-0.2,0.95,0.5,180,0
0.4,-0.2,0.95,0.5,90,0
0.4,-0.2,0.95,0.5,270,1
0.4,-0.2,0.95,0.5,30,1
0.4,-0.2,0.95,0.5,330,1
0.4,-0.2,0.95,0.5,60,1
0.4,-0.2,0.95,0.5,300,0
0.4,-0.2,0.95,0.5,150,0
0.4,-0.2,0.95,0.5,210,1
0.4,-0.2,0.95,0.5,120,0
0.4,-0.2,0.95,0.5,240,1
0.4,-0.2,0.95,0.6,0,1
0.4,-0.2,0.95,0.6,180,0
0.4,-0.2,0.95,0.6,90,0
0.4,-0.2,0.95,0.6,270,0
0.4,-0.2,0.95,0.6,30,1
0.4,-0.2,0.95,0.6,330,1
0.4,-0.2,0.95,0.6,60,0
0.4,-0.2,0.95,0.6,300,0
0.4,-0.2,0.95,0.6,150,0
0.4,-0.2,0.95,0.6,210,0
0.4,-0.2,0.95,0.6,120,0
0.4,-0.2,0.95,0.6,240,1
0.4,-0.2,1.0,0.4,0,1
0.4,-0.2,1.0,0.4,180,0
0.4,-0.2,1.0,0.4,90,0
0.4,-0.2,1.0,0.4,270,1
0.4,-0.2,1.0,0.4,30,1
0.4,-0.2,1.0,0.4,330,1
0.4,-0.2,1.0,0.4,60,1
0.4,-0.2,1.0,0.4,300,0
0.4,-0.2,1.0,0.4,150,0
0.4,-0.2,1.0,0.4,210,0
0.4,-0.2,1.0,0.4,120,0
0.4,-0.2,1.0,0.4,240,0
0.4,-0.2,1.0,0.5,0,1
0.4,-0.2,1.0,0.5,180,0
0.4,-0.2,1.0,0.5,90,0
0.4,-0.2,1.0,0.5,270,0
0.4,-0.2,1.0,0.5,30,1
0.4,-0.2,1.0,0.5,330,0
0.4,-0.2,1.0,0.5,60,0
0.4,-0.2,1.0,0.5,300,0
0.4,-0.2,1.0,0.5,150,0
0.4,-0.2,1.0,0.5,210,1
0.4,-0.2,1.0,0.5,120,0
0.4,-0.2,1.0,0.5,240,0
0.4,-0.2,1.0,0.6,0,1
0.4,-0.2,1.0,0.6,180,0
0.4,-0.2,1.0,0.6,90,0
0.4,-0.2,1.0,0.6,270,1
0.4,-0.2,1.0,0.6,30,1
0.4,-0.2,1.0,0.6,330,1
0.4,-0.2,1.0,0.6,60,0
0.4,-0.2,1.0,0.6,300,1
0.4,-0.2,1.0,0.6,150,0
0.4,-0.2,1.0,0.6,210,0
0.4,-0.2,1.0,0.6,120,0
0.4,-0.2,1.0,0.6,240,1
0.4,-0.15,0.65,0.4,0,1
0.4,-0.15,0.65,0.4,180,0
0.4,-0.15,0.65,0.4,90,0
0.4,-0.15,0.65,0.4,270,1
0.4,-0.15,0.65,0.4,30,1
0.4,-0.15,0.65,0.4,330,1
0.4,-0.15,0.65,0.4,60,1
0.4,-0.15,0.65,0.4,300,0
0.4,-0.15,0.65,0.4,150,1
0.4,-0.15,0.65,0.4,210,1
0.4,-0.15,0.65,0.4,120,1
0.4,-0.15,0.65,0.4,240,1
0.4,-0.15,0.65,0.5,0,1
0.4,-0.15,0.65,0.5,180,0
0.4,-0.15,0.65,0.5,90,0
0.4,-0.15,0.65,0.5,270,1
0.4,-0.15,0.65,0.5,30,1
0.4,-0.15,0.65,0.5,330,0
0.4,-0.15,0.65,0.5,60,1
0.4,-0.15,0.65,0.5,300,0
0.4,-0.15,0.65,0.5,150,0
0.4,-0.15,0.65,0.5,210,1
0.4,-0.15,0.65,0.5,120,0
0.4,-0.15,0.65,0.5,240,1
0.4,-0.15,0.65,0.6,0,1
0.4,-0.15,0.65,0.6,180,0
0.4,-0.15,0.65,0.6,90,0
0.4,-0.15,0.65,0.6,270,0
0.4,-0.15,0.65,0.6,30,1
0.4,-0.15,0.65,0.6,330,1
0.4,-0.15,0.65,0.6,60,1
0.4,-0.15,0.65,0.6,300,1
0.4,-0.15,0.65,0.6,150,0
0.4,-0.15,0.65,0.6,210,1
0.4,-0.15,0.65,0.6,120,0
0.4,-0.15,0.65,0.6,240,1
0.4,-0.15,0.7,0.4,0,1
0.4,-0.15,0.7,0.4,180,1
0.4,-0.15,0.7,0.4,90,0
0.4,-0.15,0.7,0.4,270,0
0.4,-0.15,0.7,0.4,30,1
0.4,-0.15,0.7,0.4,330,1
0.4,-0.15,0.7,0.4,60,1
0.4,-0.15,0.7,0.4,300,0
0.4,-0.15,0.7,0.4,150,1
0.4,-0.15,0.7,0.4,210,1
0.4,-0.15,0.7,0.4,120,1
0.4,-0.15,0.7,0.4,240,1
0.4,-0.15,0.7,0.5,0,1
0.4,-0.15,0.7,0.5,180,1
0.4,-0.15,0.7,0.5,90,0
0.4,-0.15,0.7,0.5,270,0
0.4,-0.15,0.7,0.5,30,1
0.4,-0.15,0.7,0.5,330,0
0.4,-0.15,0.7,0.5,60,1
0.4,-0.15,0.7,0.5,300,0
0.4,-0.15,0.7,0.5,150,0
0.4,-0.15,0.7,0.5,210,1
0.4,-0.15,0.7,0.5,120,0
0.4,-0.15,0.7,0.5,240,1
0.4,-0.15,0.7,0.6,0,1
0.4,-0.15,0.7,0.6,180,0
0.4,-0.15,0.7,0.6,90,0
0.4,-0.15,0.7,0.6,270,1
0.4,-0.15,0.7,0.6,30,1
0.4,-0.15,0.7,0.6,330,1
0.4,-0.15,0.7,0.6,60,0
0.4,-0.15,0.7,0.6,300,0
0.4,-0.15,0.7,0.6,150,0
0.4,-0.15,0.7,0.6,210,1
0.4,-0.15,0.7,0.6,120,0
0.4,-0.15,0.7,0.6,240,0
0.4,-0.15,0.75,0.4,0,1
0.4,-0.15,0.75,0.4,180,0
0.4,-0.15,0.75,0.4,90,0
0.4,-0.15,0.75,0.4,270,0
0.4,-0.15,0.75,0.4,30,1
0.4,-0.15,0.75,0.4,330,1
0.4,-0.15,0.75,0.4,60,1
0.4,-0.15,0.75,0.4,300,0
0.4,-0.15,0.75,0.4,150,1
0.4,-0.15,0.75,0.4,210,0
0.4,-0.15,0.75,0.4,120,1
0.4,-0.15,0.75,0.4,240,1
0.4,-0.15,0.75,0.5,0,1
0.4,-0.15,0.75,0.5,180,0
0.4,-0.15,0.75,0.5,90,0
0.4,-0.15,0.75,0.5,270,1
0.4,-0.15,0.75,0.5,30,1
0.4,-0.15,0.75,0.5,330,1
0.4,-0.15,0.75,0.5,60,1
0.4,-0.15,0.75,0.5,300,0
0.4,-0.15,0.75,0.5,150,0
0.4,-0.15,0.75,0.5,210,1
0.4,-0.15,0.75,0.5,120,0
0.4,-0.15,0.75,0.5,240,1
0.4,-0.15,0.75,0.6,0,1
0.4,-0.15,0.75,0.6,180,0
0.4,-0.15,0.75,0.6,90,0
0.4,-0.15,0.75,0.6,270,0
0.4,-0.15,0.75,0.6,30,1
0.4,-0.15,0.75,0.6,330,1
0.4,-0.15,0.75,0.6,60,0
0.4,-0.15,0.75,0.6,300,1
0.4,-0.15,0.75,0.6,150,0
0.4,-0.15,0.75,0.6,210,1
0.4,-0.15,0.75,0.6,120,0
0.4,-0.15,0.75,0.6,240,1
0.4,-0.15,0.8,0.4,0,1
0.4,-0.15,0.8,0.4,180,1
0.4,-0.15,0.8,0.4,90,0
0.4,-0.15,0.8,0.4,270,1
0.4,-0.15,0.8,0.4,30,1
0.4,-0.15,0.8,0.4,330,1
0.4,-0.15,0.8,0.4,60,1
0.4,-0.15,0.8,0.4,300,0
0.4,-0.15,0.8,0.4,150,1
0.4,-0.15,0.8,0.4,210,1
0.4,-0.15,0.8,0.4,120,1
0.4,-0.15,0.8,0.4,240,0
0.4,-0.15,0.8,0.5,0,1
0.4,-0.15,0.8,0.5,180,0
0.4,-0.15,0.8,0.5,90,0
0.4,-0.15,0.8,0.5,270,0
0.4,-0.15,0.8,0.5,30,1
0.4,-0.15,0.8,0.5,330,1
0.4,-0.15,0.8,0.5,60,1
0.4,-0.15,0.8,0.5,300,0
0.4,-0.15,0.8,0.5,150,0
0.4,-0.15,0.8,0.5,210,0
0.4,-0.15,0.8,0.5,120,0
0.4,-0.15,0.8,0.5,240,1
0.4,-0.15,0.8,0.6,0,1
0.4,-0.15,0.8,0.6,180,0
0.4,-0.15,0.8,0.6,90,0
0.4,-0.15,0.8,0.6,270,0
0.4,-0.15,0.8,0.6,30,1
0.4,-0.15,0.8,0.6,330,1
0.4,-0.15,0.8,0.6,60,0
0.4,-0.15,0.8,0.6,300,1
0.4,-0.15,0.8,0.6,150,0
0.4,-0.15,0.8,0.6,210,1
0.4,-0.15,0.8,0.6,120,0
0.4,-0.15,0.8,0.6,240,1
0.4,-0.15,0.85,0.4,0,1
0.4,-0.15,0.85,0.4,180,0
0.4,-0.15,0.85,0.4,90,0
0.4,-0.15,0.85,0.4,270,1
0.4,-0.15,0.85,0.4,30,1
0.4,-0.15,0.85,0.4,330,1
0.4,-0.15,0.85,0.4,60,1
0.4,-0.15,0.85,0.4,300,0
0.4,-0.15,0.85,0.4,150,1
0.4,-0.15,0.85,0.4,210,1
0.4,-0.15,0.85,0.4,120,1
0.4,-0.15,0.85,0.4,240,0
0.4,-0.15,0.85,0.5,0,1
0.4,-0.15,0.85,0.5,180,0
0.4,-0.15,0.85,0.5,90,0
0.4,-0.15,0.85,0.5,270,0
0.4,-0.15,0.85,0.5,30,1
0.4,-0.15,0.85,0.5,330,1
0.4,-0.15,0.85,0.5,60,1
0.4,-0.15,0.85,0.5,300,0
0.4,-0.15,0.85,0.5,150,0
0.4,-0.15,0.85,0.5,210,1
0.4,-0.15,0.85,0.5,120,0
0.4,-0.15,0.85,0.5,240,0
0.4,-0.15,0.85,0.6,0,1
0.4,-0.15,0.85,0.6,180,0
0.4,-0.15,0.85,0.6,90,0
0.4,-0.15,0.85,0.6,270,1
0.4,-0.15,0.85,0.6,30,1
0.4,-0.15,0.85,0.6,330,1
0.4,-0.15,0.85,0.6,60,0
0.4,-0.15,0.85,0.6,300,1
0.4,-0.15,0.85,0.6,150,0
0.4,-0.15,0.85,0.6,210,1
0.4,-0.15,0.85,0.6,120,0
0.4,-0.15,0.85,0.6,240,1
0.4,-0.15,0.9,0.4,0,1
0.4,-0.15,0.9,0.4,180,1
0.4,-0.15,0.9,0.4,90,0
0.4,-0.15,0.9,0.4,270,0
0.4,-0.15,0.9,0.4,30,1
0.4,-0.15,0.9,0.4,330,1
0.4,-0.15,0.9,0.4,60,1
0.4,-0.15,0.9,0.4,300,0
0.4,-0.15,0.9,0.4,150,1
0.4,-0.15,0.9,0.4,210,1
0.4,-0.15,0.9,0.4,120,1
0.4,-0.15,0.9,0.4,240,0
0.4,-0.15,0.9,0.5,0,1
0.4,-0.15,0.9,0.5,180,0
0.4,-0.15,0.9,0.5,90,0
0.4,-0.15,0.9,0.5,270,1
0.4,-0.15,0.9,0.5,30,1
0.4,-0.15,0.9,0.5,330,1
0.4,-0.15,0.9,0.5,60,1
0.4,-0.15,0.9,0.5,300,0
0.4,-0.15,0.9,0.5,150,0
0.4,-0.15,0.9,0.5,210,1
0.4,-0.15,0.9,0.5,120,0
0.4,-0.15,0.9,0.5,240,0
0.4,-0.15,0.9,0.6,0,1
0.4,-0.15,0.9,0.6,180,0
0.4,-0.15,0.9,0.6,90,0
0.4,-0.15,0.9,0.6,270,1
0.4,-0.15,0.9,0.6,30,1
0.4,-0.15,0.9,0.6,330,1
0.4,-0.15,0.9,0.6,60,0
0.4,-0.15,0.9,0.6,300,1
0.4,-0.15,0.9,0.6,150,0
0.4,-0.15,0.9,0.6,210,1
0.4,-0.15,0.9,0.6,120,0
0.4,-0.15,0.9,0.6,240,1
0.4,-0.15,0.95,0.4,0,1
0.4,-0.15,0.95,0.4,180,0
0.4,-0.15,0.95,0.4,90,0
0.4,-0.15,0.95,0.4,270,0
0.4,-0.15,0.95,0.4,30,1
0.4,-0.15,0.95,0.4,330,1
0.4,-0.15,0.95,0.4,60,1
0.4,-0.15,0.95,0.4,300,0
0.4,-0.15,0.95,0.4,150,0
0.4,-0.15,0.95,0.4,210,1
0.4,-0.15,0.95,0.4,120,1
0.4,-0.15,0.95,0.4,240,1
0.4,-0.15,0.95,0.5,0,1
0.4,-0.15,0.95,0.5,180,0
0.4,-0.15,0.95,0.5,90,0
0.4,-0.15,0.95,0.5,270,0
0.4,-0.15,0.95,0.5,30,1
0.4,-0.15,0.95,0.5,330,0
0.4,-0.15,0.95,0.5,60,1
0.4,-0.15,0.95,0.5,300,0
0.4,-0.15,0.95,0.5,150,0
0.4,-0.15,0.95,0.5,210,1
0.4,-0.15,0.95,0.5,120,0
0.4,-0.15,0.95,0.5,240,1
0.4,-0.15,0.95,0.6,0,1
0.4,-0.15,0.95,0.6,180,0
0.4,-0.15,0.95,0.6,90,0
0.4,-0.15,0.95,0.6,270,1
0.4,-0.15,0.95,0.6,30,1
0.4,-0.15,0.95,0.6,330,1
0.4,-0.15,0.95,0.6,60,0
0.4,-0.15,0.95,0.6,300,1
0.4,-0.15,0.95,0.6,150,0
0.4,-0.15,0.95,0.6,210,1
0.4,-0.15,0.95,0.6,120,0
0.4,-0.15,0.95,0.6,240,1
0.4,-0.15,1.0,0.4,0,1
0.4,-0.15,1.0,0.4,180,1
0.4,-0.15,1.0,0.4,90,0
0.4,-0.15,1.0,0.4,270,1
0.4,-0.15,1.0,0.4,30,1
0.4,-0.15,1.0,0.4,330,0
0.4,-0.15,1.0,0.4,60,1
0.4,-0.15,1.0,0.4,300,0
0.4,-0.15,1.0,0.4,150,0
0.4,-0.15,1.0,0.4,210,1
0.4,-0.15,1.0,0.4,120,0
0.4,-0.15,1.0,0.4,240,1
0.4,-0.15,1.0,0.5,0,1
0.4,-0.15,1.0,0.5,180,0
0.4,-0.15,1.0,0.5,90,0
0.4,-0.15,1.0,0.5,270,1
0.4,-0.15,1.0,0.5,30,1
0.4,-0.15,1.0,0.5,330,1
0.4,-0.15,1.0,0.5,60,0
0.4,-0.15,1.0,0.5,300,0
0.4,-0.15,1.0,0.5,150,0
0.4,-0.15,1.0,0.5,210,1
0.4,-0.15,1.0,0.5,120,0
0.4,-0.15,1.0,0.5,240,1
0.4,-0.15,1.0,0.6,0,1
0.4,-0.15,1.0,0.6,180,0
0.4,-0.15,1.0,0.6,90,0
0.4,-0.15,1.0,0.6,270,0
0.4,-0.15,1.0,0.6,30,1
0.4,-0.15,1.0,0.6,330,1
0.4,-0.15,1.0,0.6,60,0
0.4,-0.15,1.0,0.6,300,0
0.4,-0.15,1.0,0.6,150,0
0.4,-0.15,1.0,0.6,210,1
0.4,-0.15,1.0,0.6,120,0
0.4,-0.15,1.0,0.6,240,1
0.4,-0.1,0.65,0.4,0,1
0.4,-0.1,0.65,0.4,180,1
0.4,-0.1,0.65,0.4,90,0
0.4,-0.1,0.65,0.4,270,1
0.4,-0.1,0.65,0.4,30,1
0.4,-0.1,0.65,0.4,330,1
0.4,-0.1,0.65,0.4,60,1
0.4,-0.1,0.65,0.4,300,0
0.4,-0.1,0.65,0.4,150,1
0.4,-0.1,0.65,0.4,210,1
0.4,-0.1,0.65,0.4,120,1
0.4,-0.1,0.65,0.4,240,1
0.4,-0.1,0.65,0.5,0,1
0.4,-0.1,0.65,0.5,180,1
0.4,-0.1,0.65,0.5,90,0
0.4,-0.1,0.65,0.5,270,0
0.4,-0.1,0.65,0.5,30,1
0.4,-0.1,0.65,0.5,330,0
0.4,-0.1,0.65,0.5,60,1
0.4,-0.1,0.65,0.5,300,0
0.4,-0.1,0.65,0.5,150,0
0.4,-0.1,0.65,0.5,210,1
0.4,-0.1,0.65,0.5,120,0
0.4,-0.1,0.65,0.5,240,1
0.4,-0.1,0.65,0.6,0,1
0.4,-0.1,0.65,0.6,180,0
0.4,-0.1,0.65,0.6,90,0
0.4,-0.1,0.65,0.6,270,0
0.4,-0.1,0.65,0.6,30,1
0.4,-0.1,0.65,0.6,330,1
0.4,-0.1,0.65,0.6,60,0
0.4,-0.1,0.65,0.6,300,0
0.4,-0.1,0.65,0.6,150,0
0.4,-0.1,0.65,0.6,210,1
0.4,-0.1,0.65,0.6,120,0
0.4,-0.1,0.65,0.6,240,0
0.4,-0.1,0.7,0.4,0,1
0.4,-0.1,0.7,0.4,180,1
0.4,-0.1,0.7,0.4,90,0
0.4,-0.1,0.7,0.4,270,0
0.4,-0.1,0.7,0.4,30,1
0.4,-0.1,0.7,0.4,330,1
0.4,-0.1,0.7,0.4,60,1
0.4,-0.1,0.7,0.4,300,0
0.4,-0.1,0.7,0.4,150,1
0.4,-0.1,0.7,0.4,210,0
0.4,-0.1,0.7,0.4,120,1
0.4,-0.1,0.7,0.4,240,0
0.4,-0.1,0.7,0.5,0,1
0.4,-0.1,0.7,0.5,180,1
0.4,-0.1,0.7,0.5,90,0
0.4,-0.1,0.7,0.5,270,1
0.4,-0.1,0.7,0.5,30,1
0.4,-0.1,0.7,0.5,330,1
0.4,-0.1,0.7,0.5,60,1
0.4,-0.1,0.7,0.5,300,0
0.4,-0.1,0.7,0.5,150,0
0.4,-0.1,0.7,0.5,210,1
0.4,-0.1,0.7,0.5,120,0
0.4,-0.1,0.7,0.5,240,1
0.4,-0.1,0.7,0.6,0,1
0.4,-0.1,0.7,0.6,180,0
0.4,-0.1,0.7,0.6,90,0
0.4,-0.1,0.7,0.6,270,1
0.4,-0.1,0.7,0.6,30,1
0.4,-0.1,0.7,0.6,330,1
0.4,-0.1,0.7,0.6,60,0
0.4,-0.1,0.7,0.6,300,0
0.4,-0.1,0.7,0.6,150,0
0.4,-0.1,0.7,0.6,210,1
0.4,-0.1,0.7,0.6,120,0
0.4,-0.1,0.7,0.6,240,1
0.4,-0.1,0.75,0.4,0,1
0.4,-0.1,0.75,0.4,180,1
0.4,-0.1,0.75,0.4,90,0
0.4,-0.1,0.75,0.4,270,1
0.4,-0.1,0.75,0.4,30,1
0.4,-0.1,0.75,0.4,330,1
0.4,-0.1,0.75,0.4,60,1
0.4,-0.1,0.75,0.4,300,0
0.4,-0.1,0.75,0.4,150,1
0.4,-0.1,0.75,0.4,210,1
0.4,-0.1,0.75,0.4,120,1
0.4,-0.1,0.75,0.4,240,1
0.4,-0.1,0.75,0.5,0,1
0.4,-0.1,0.75,0.5,180,1
0.4,-0.1,0.75,0.5,90,0
0.4,-0.1,0.75,0.5,270,1
0.4,-0.1,0.75,0.5,30,1
0.4,-0.1,0.75,0.5,330,1
0.4,-0.1,0.75,0.5,60,1
0.4,-0.1,0.75,0.5,300,0
0.4,-0.1,0.75,0.5,150,0
0.4,-0.1,0.75,0.5,210,1
0.4,-0.1,0.75,0.5,120,0
0.4,-0.1,0.75,0.5,240,1
0.4,-0.1,0.75,0.6,0,1
0.4,-0.1,0.75,0.6,180,0
0.4,-0.1,0.75,0.6,90,0
0.4,-0.1,0.75,0.6,270,1
0.4,-0.1,0.75,0.6,30,1
0.4,-0.1,0.75,0.6,330,1
0.4,-0.1,0.75,0.6,60,0
0.4,-0.1,0.75,0.6,300,1
0.4,-0.1,0.75,0.6,150,0
0.4,-0.1,0.75,0.6,210,1
0.4,-0.1,0.75,0.6,120,0
0.4,-0.1,0.75,0.6,240,1
0.4,-0.1,0.8,0.4,0,1
0.4,-0.1,0.8,0.4,180,1
0.4,-0.1,0.8,0.4,90,0
0.4,-0.1,0.8,0.4,270,1
0.4,-0.1,0.8,0.4,30,1
0.4,-0.1,0.8,0.4,330,0
0.4,-0.1,0.8,0.4,60,1
0.4,-0.1,0.8,0.4,300,0
0.4,-0.1,0.8,0.4,150,1
0.4,-0.1,0.8,0.4,210,1
0.4,-0.1,0.8,0.4,120,1
0.4,-0.1,0.8,0.4,240,0
0.4,-0.1,0.8,0.5,0,1
0.4,-0.1,0.8,0.5,180,1
0.4,-0.1,0.8,0.5,90,0
0.4,-0.1,0.8,0.5,270,0
0.4,-0.1,0.8,0.5,30,1
0.4,-0.1,0.8,0.5,330,0
0.4,-0.1,0.8,0.5,60,1
0.4,-0.1,0.8,0.5,300,0
0.4,-0.1,0.8,0.5,150,0
0.4,-0.1,0.8,0.5,210,0
0.4,-0.1,0.8,0.5,120,0
0.4,-0.1,0.8,0.5,240,1
0.4,-0.1,0.8,0.6,0,1
0.4,-0.1,0.8,0.6,180,0
0.4,-0.1,0.8,0.6,90,0
0.4,-0.1,0.8,0.6,270,1
0.4,-0.1,0.8,0.6,30,1
0.4,-0.1,0.8,0.6,330,1
0.4,-0.1,0.8,0.6,60,0
0.4,-0.1,0.8,0.6,300,0
0.4,-0.1,0.8,0.6,150,0
0.4,-0.1,0.8,0.6,210,1
0.4,-0.1,0.8,0.6,120,0
0.4,-0.1,0.8,0.6,240,1
0.4,-0.1,0.85,0.4,0,1
0.4,-0.1,0.85,0.4,180,1
0.4,-0.1,0.85,0.4,90,0
0.4,-0.1,0.85,0.4,270,1
0.4,-0.1,0.85,0.4,30,1
0.4,-0.1,0.85,0.4,330,1
0.4,-0.1,0.85,0.4,60,1
0.4,-0.1,0.85,0.4,300,0
0.4,-0.1,0.85,0.4,150,1
0.4,-0.1,0.85,0.4,210,1
0.4,-0.1,0.85,0.4,120,1
0.4,-0.1,0.85,0.4,240,0
0.4,-0.1,0.85,0.5,0,1
0.4,-0.1,0.85,0.5,180,0
0.4,-0.1,0.85,0.5,90,0
0.4,-0.1,0.85,0.5,270,1
0.4,-0.1,0.85,0.5,30,1
0.4,-0.1,0.85,0.5,330,1
0.4,-0.1,0.85,0.5,60,1
0.4,-0.1,0.85,0.5,300,0
0.4,-0.1,0.85,0.5,150,0
0.4,-0.1,0.85,0.5,210,1
0.4,-0.1,0.85,0.5,120,0
0.4,-0.1,0.85,0.5,240,1
0.4,-0.1,0.85,0.6,0,1
0.4,-0.1,0.85,0.6,180,0
0.4,-0.1,0.85,0.6,90,0
0.4,-0.1,0.85,0.6,270,1
0.4,-0.1,0.85,0.6,30,1
0.4,-0.1,0.85,0.6,330,1
0.4,-0.1,0.85,0.6,60,0
0.4,-0.1,0.85,0.6,300,0
0.4,-0.1,0.85,0.6,150,0
0.4,-0.1,0.85,0.6,210,0
0.4,-0.1,0.85,0.6,120,0
0.4,-0.1,0.85,0.6,240,1
0.4,-0.1,0.9,0.4,0,1
0.4,-0.1,0.9,0.4,180,1
0.4,-0.1,0.9,0.4,90,0
0.4,-0.1,0.9,0.4,270,0
0.4,-0.1,0.9,0.4,30,1
0.4,-0.1,0.9,0.4,330,1
0.4,-0.1,0.9,0.4,60,1
0.4,-0.1,0.9,0.4,300,0
0.4,-0.1,0.9,0.4,150,1
0.4,-0.1,0.9,0.4,210,1
0.4,-0.1,0.9,0.4,120,1
0.4,-0.1,0.9,0.4,240,1
0.4,-0.1,0.9,0.5,0,1
0.4,-0.1,0.9,0.5,180,0
0.4,-0.1,0.9,0.5,90,0
0.4,-0.1,0.9,0.5,270,1
0.4,-0.1,0.9,0.5,30,1
0.4,-0.1,0.9,0.5,330,0
0.4,-0.1,0.9,0.5,60,1
0.4,-0.1,0.9,0.5,300,0
0.4,-0.1,0.9,0.5,150,0
0.4,-0.1,0.9,0.5,210,1
0.4,-0.1,0.9,0.5,120,0
0.4,-0.1,0.9,0.5,240,1
0.4,-0.1,0.9,0.6,0,1
0.4,-0.1,0.9,0.6,180,0
0.4,-0.1,0.9,0.6,90,0
0.4,-0.1,0.9,0.6,270,1
0.4,-0.1,0.9,0.6,30,1
0.4,-0.1,0.9,0.6,330,1
0.4,-0.1,0.9,0.6,60,0
0.4,-0.1,0.9,0.6,300,1
0.4,-0.1,0.9,0.6,150,0
0.4,-0.1,0.9,0.6,210,1
0.4,-0.1,0.9,0.6,120,0
0.4,-0.1,0.9,0.6,240,1
0.4,-0.1,0.95,0.4,0,1
0.4,-0.1,0.95,0.4,180,0
0.4,-0.1,0.95,0.4,90,0
0.4,-0.1,0.95,0.4,270,0
0.4,-0.1,0.95,0.4,30,1
0.4,-0.1,0.95,0.4,330,1
0.4,-0.1,0.95,0.4,60,1
0.4,-0.1,0.95,0.4,300,0
0.4,-0.1,0.95,0.4,150,1
0.4,-0.1,0.95,0.4,210,1
0.4,-0.1,0.95,0.4,120,1
0.4,-0.1,0.95,0.4,240,1
0.4,-0.1,0.95,0.5,0,1
0.4,-0.1,0.95,0.5,180,1
0.4,-0.1,0.95,0.5,90,0
0.4,-0.1,0.95,0.5,270,1
0.4,-0.1,0.95,0.5,30,1
0.4,-0.1,0.95,0.5,330,1
0.4,-0.1,0.95,0.5,60,1
0.4,-0.1,0.95,0.5,300,0
0.4,-0.1,0.95,0.5,150,0
0.4,-0.1,0.95,0.5,210,1
0.4,-0.1,0.95,0.5,120,0
0.4,-0.1,0.95,0.5,240,1
0.4,-0.1,0.95,0.6,0,1
0.4,-0.1,0.95,0.6,180,0
0.4,-0.1,0.95,0.6,90,0
0.4,-0.1,0.95,0.6,270,1
0.4,-0.1,0.95,0.6,30,1
0.4,-0.1,0.95,0.6,330,1
0.4,-0.1,0.95,0.6,60,0
0.4,-0.1,0.95,0.6,300,0
0.4,-0.1,0.95,0.6,150,0
0.4,-0.1,0.95,0.6,210,1
0.4,-0.1,0.95,0.6,120,0
0.4,-0.1,0.95,0.6,240,1
0.4,-0.1,1.0,0.4,0,1
0.4,-0.1,1.0,0.4,180,1
0.4,-0.1,1.0,0.4,90,0
0.4,-0.1,1.0,0.4,270,1
0.4,-0.1,1.0,0.4,30,1
0.4,-0.1,1.0,0.4,330,1
0.4,-0.1,1.0,0.4,60,1
0.4,-0.1,1.0,0.4,300,0
0.4,-0.1,1.0,0.4,150,0
0.4,-0.1,1.0,0.4,210,1
0.4,-0.1,1.0,0.4,120,1
0.4,-0.1,1.0,0.4,240,1
0.4,-0.1,1.0,0.5,0,1
0.4,-0.1,1.0,0.5,180,0
0.4,-0.1,1.0,0.5,90,0
0.4,-0.1,1.0,0.5,270,0
0.4,-0.1,1.0,0.5,30,1
0.4,-0.1,1.0,0.5,330,1
0.4,-0.1,1.0,0.5,60,0
0.4,-0.1,1.0,0.5,300,0
0.4,-0.1,1.0,0.5,150,0
0.4,-0.1,1.0,0.5,210,0
0.4,-0.1,1.0,0.5,120,0
0.4,-0.1,1.0,0.5,240,0
0.4,-0.1,1.0,0.6,0,1
0.4,-0.1,1.0,0.6,180,0
0.4,-0.1,1.0,0.6,90,0
0.4,-0.1,1.0,0.6,270,1
0.4,-0.1,1.0,0.6,30,1
0.4,-0.1,1.0,0.6,330,1
0.4,-0.1,1.0,0.6,60,0
0.4,-0.1,1.0,0.6,300,1
0.4,-0.1,1.0,0.6,150,0
0.4,-0.1,1.0,0.6,210,1
0.4,-0.1,1.0,0.6,120,0
0.4,-0.1,1.0,0.6,240,1
0.45,-0.45,0.65,0.4,0,1
0.45,-0.45,0.65,0.4,180,0
0.45,-0.45,0.65,0.4,90,0
0.45,-0.45,0.65,0.4,270,1
0.45,-0.45,0.65,0.4,30,1
0.45,-0.45,0.65,0.4,330,1
0.45,-0.45,0.65,0.4,60,1
0.45,-0.45,0.65,0.4,300,0
0.45,-0.45,0.65,0.4,150,0
0.45,-0.45,0.65,0.4,210,0
0.45,-0.45,0.65,0.4,120,0
0.45,-0.45,0.65,0.4,240,1
0.45,-0.45,0.65,0.5,0,1
0.45,-0.45,0.65,0.5,180,0
0.45,-0.45,0.65,0.5,90,0
0.45,-0.45,0.65,0.5,270,1
0.45,-0.45,0.65,0.5,30,1
0.45,-0.45,0.65,0.5,330,0
0.45,-0.45,0.65,0.5,60,1
0.45,-0.45,0.65,0.5,300,1
0.45,-0.45,0.65,0.5,150,0
0.45,-0.45,0.65,0.5,210,0
0.45,-0.45,0.65,0.5,120,0
0.45,-0.45,0.65,0.5,240,1
0.45,-0.45,0.65,0.6,0,1
0.45,-0.45,0.65,0.6,180,0
0.45,-0.45,0.65,0.6,90,0
0.45,-0.45,0.65,0.6,270,1
0.45,-0.45,0.65,0.6,30,1
0.45,-0.45,0.65,0.6,330,0
0.45,-0.45,0.65,0.6,60,0
0.45,-0.45,0.65,0.6,300,0
0.45,-0.45,0.65,0.6,150,0
0.45,-0.45,0.65,0.6,210,0
0.45,-0.45,0.65,0.6,120,0
0.45,-0.45,0.7,0.4,0,1
0.45,-0.45,0.7,0.4,180,0
0.45,-0.45,0.7,0.4,90,0
0.45,-0.45,0.7,0.4,270,1
0.45,-0.45,0.7,0.4,30,1
0.45,-0.45,0.7,0.4,330,1
0.45,-0.45,0.7,0.4,60,1
0.45,-0.45,0.7,0.4,300,1
0.45,-0.45,0.7,0.4,150,0
0.45,-0.45,0.7,0.4,210,0
0.45,-0.45,0.7,0.4,120,0
0.45,-0.45,0.7,0.4,240,1
0.45,-0.45,0.7,0.5,0,1
0.45,-0.45,0.7,0.5,180,0
0.45,-0.45,0.7,0.5,90,0
0.45,-0.45,0.7,0.5,270,0
0.45,-0.45,0.7,0.5,30,1
0.45,-0.45,0.7,0.5,330,0
0.45,-0.45,0.7,0.5,60,1
0.45,-0.45,0.7,0.5,300,1
0.45,-0.45,0.7,0.5,150,0
0.45,-0.45,0.7,0.5,210,0
0.45,-0.45,0.7,0.5,120,0
0.45,-0.45,0.7,0.5,240,1
0.45,-0.45,0.7,0.6,0,1
0.45,-0.45,0.7,0.6,180,0
0.45,-0.45,0.7,0.6,90,0
0.45,-0.45,0.7,0.6,270,0
0.45,-0.45,0.7,0.6,30,1
0.45,-0.45,0.7,0.6,330,0
0.45,-0.45,0.7,0.6,60,0
0.45,-0.45,0.7,0.6,300,1
0.45,-0.45,0.7,0.6,150,0
0.45,-0.45,0.7,0.6,210,0
0.45,-0.45,0.7,0.6,120,0
0.45,-0.45,0.7,0.6,240,0
0.45,-0.45,0.75,0.4,0,1
0.45,-0.45,0.75,0.4,180,0
0.45,-0.45,0.75,0.4,90,0
0.45,-0.45,0.75,0.4,270,0
0.45,-0.45,0.75,0.4,30,1
0.45,-0.45,0.75,0.4,330,1
0.45,-0.45,0.75,0.4,60,1
0.45,-0.45,0.75,0.4,300,1
0.45,-0.45,0.75,0.4,150,0
0.45,-0.45,0.75,0.4,210,0
0.45,-0.45,0.75,0.4,120,0
0.45,-0.45,0.75,0.4,240,1
0.45,-0.45,0.75,0.5,0,1
0.45,-0.45,0.75,0.5,180,0
0.45,-0.45,0.75,0.5,90,0
0.45,-0.45,0.75,0.5,270,1
0.45,-0.45,0.75,0.5,30,1
0.45,-0.45,0.75,0.5,330,0
0.45,-0.45,0.75,0.5,60,1
0.45,-0.45,0.75,0.5,300,1
0.45,-0.45,0.75,0.5,150,0
0.45,-0.45,0.75,0.5,210,0
0.45,-0.45,0.75,0.5,120,0
0.45,-0.45,0.75,0.5,240,1
0.45,-0.45,0.75,0.6,0,1
0.45,-0.45,0.75,0.6,180,0
0.45,-0.45,0.75,0.6,90,0
0.45,-0.45,0.75,0.6,270,1
0.45,-0.45,0.75,0.6,30,1
0.45,-0.45,0.75,0.6,330,0
0.45,-0.45,0.75,0.6,60,0
0.45,-0.45,0.75,0.6,300,1
0.45,-0.45,0.75,0.6,150,0
0.45,-0.45,0.75,0.6,210,0
0.45,-0.45,0.75,0.6,120,0
0.45,-0.45,0.75,0.6,240,0
0.45,-0.45,0.8,0.4,0,1
0.45,-0.45,0.8,0.4,180,0
0.45,-0.45,0.8,0.4,90,0
0.45,-0.45,0.8,0.4,270,0
0.45,-0.45,0.8,0.4,30,1
0.45,-0.45,0.8,0.4,330,1
0.45,-0.45,0.8,0.4,60,1
0.45,-0.45,0.8,0.4,300,1
0.45,-0.45,0.8,0.4,150,0
0.45,-0.45,0.8,0.4,210,0
0.45,-0.45,0.8,0.4,120,0
0.45,-0.45,0.8,0.4,240,1
0.45,-0.45,0.8,0.5,0,1
0.45,-0.45,0.8,0.5,180,0
0.45,-0.45,0.8,0.5,90,0
0.45,-0.45,0.8,0.5,270,0
0.45,-0.45,0.8,0.5,30,1
0.45,-0.45,0.8,0.5,330,0
0.45,-0.45,0.8,0.5,60,1
0.45,-0.45,0.8,0.5,300,1
0.45,-0.45,0.8,0.5,150,0
0.45,-0.45,0.8,0.5,210,0
0.45,-0.45,0.8,0.5,120,0
0.45,-0.45,0.8,0.5,240,1
0.45,-0.45,0.8,0.6,0,1
0.45,-0.45,0.8,0.6,180,0
0.45,-0.45,0.8,0.6,90,0
0.45,-0.45,0.8,0.6,270,0
0.45,-0.45,0.8,0.6,30,1
0.45,-0.45,0.8,0.6,330,0
0.45,-0.45,0.8,0.6,60,0
0.45,-0.45,0.8,0.6,300,1
0.45,-0.45,0.8,0.6,150,0
0.45,-0.45,0.8,0.6,210,0
0.45,-0.45,0.8,0.6,120,0
0.45,-0.45,0.8,0.6,240,0
0.45,-0.45,0.85,0.4,0,1
0.45,-0.45,0.85,0.4,180,0
0.45,-0.45,0.85,0.4,90,0
0.45,-0.45,0.85,0.4,270,1
0.45,-0.45,0.85,0.4,30,1
0.45,-0.45,0.85,0.4,330,1
0.45,-0.45,0.85,0.4,60,1
0.45,-0.45,0.85,0.4,300,1
0.45,-0.45,0.85,0.4,150,0
0.45,-0.45,0.85,0.4,210,0
0.45,-0.45,0.85,0.4,120,0
0.45,-0.45,0.85,0.4,240,1
0.45,-0.45,0.85,0.5,0,1
0.45,-0.45,0.85,0.5,180,0
0.45,-0.45,0.85,0.5,90,0
0.45,-0.45,0.85,0.5,270,0
0.45,-0.45,0.85,0.5,30,1
0.45,-0.45,0.85,0.5,330,0
0.45,-0.45,0.85,0.5,60,0
0.45,-0.45,0.85,0.5,300,0
0.45,-0.45,0.85,0.5,150,0
0.45,-0.45,0.85,0.5,210,0
0.45,-0.45,0.85,0.5,120,0
0.45,-0.45,0.85,0.6,0,1
0.45,-0.45,0.85,0.6,180,0
0.45,-0.45,0.85,0.6,90,0
0.45,-0.45,0.85,0.6,270,0
0.45,-0.45,0.85,0.6,30,1
0.45,-0.45,0.85,0.6,330,0
0.45,-0.45,0.85,0.6,60,0
0.45,-0.45,0.85,0.6,300,0
0.45,-0.45,0.85,0.6,150,0
0.45,-0.45,0.85,0.6,210,0
0.45,-0.45,0.85,0.6,120,0
0.45,-0.45,0.9,0.4,0,1
0.45,-0.45,0.9,0.4,180,0
0.45,-0.45,0.9,0.4,90,0
0.45,-0.45,0.9,0.4,270,1
0.45,-0.45,0.9,0.4,30,1
0.45,-0.45,0.9,0.4,330,1
0.45,-0.45,0.9,0.4,60,1
0.45,-0.45,0.9,0.4,300,0
0.45,-0.45,0.9,0.4,150,0
0.45,-0.45,0.9,0.4,210,0
0.45,-0.45,0.9,0.4,120,0
0.45,-0.45,0.9,0.4,240,1
0.45,-0.45,0.9,0.5,0,1
0.45,-0.45,0.9,0.5,180,0
0.45,-0.45,0.9,0.5,90,0
0.45,-0.45,0.9,0.5,270,0
0.45,-0.45,0.9,0.5,30,1
0.45,-0.45,0.9,0.5,330,0
0.45,-0.45,0.9,0.5,60,0
0.45,-0.45,0.9,0.5,300,1
0.45,-0.45,0.9,0.5,150,0
0.45,-0.45,0.9,0.5,210,0
0.45,-0.45,0.9,0.5,120,0
0.45,-0.45,0.9,0.5,240,1
0.45,-0.45,0.9,0.6,0,1
0.45,-0.45,0.9,0.6,180,0
0.45,-0.45,0.9,0.6,90,0
0.45,-0.45,0.9,0.6,270,0
0.45,-0.45,0.9,0.6,30,1
0.45,-0.45,0.9,0.6,330,0
0.45,-0.45,0.9,0.6,60,0
0.45,-0.45,0.9,0.6,300,1
0.45,-0.45,0.9,0.6,150,0
0.45,-0.45,0.9,0.6,210,0
0.45,-0.45,0.9,0.6,120,0
0.45,-0.45,0.9,0.6,240,0
0.45,-0.45,0.95,0.4,0,1
0.45,-0.45,0.95,0.4,180,0
0.45,-0.45,0.95,0.4,90,0
0.45,-0.45,0.95,0.4,270,1
0.45,-0.45,0.95,0.4,30,1
0.45,-0.45,0.95,0.4,330,1
0.45,-0.45,0.95,0.4,60,1
0.45,-0.45,0.95,0.4,300,0
0.45,-0.45,0.95,0.4,150,0
0.45,-0.45,0.95,0.4,210,0
0.45,-0.45,0.95,0.4,120,0
0.45,-0.45,0.95,0.4,240,1
0.45,-0.45,0.95,0.5,0,1
0.45,-0.45,0.95,0.5,180,0
0.45,-0.45,0.95,0.5,90,0
0.45,-0.45,0.95,0.5,270,0
0.45,-0.45,0.95,0.5,30,1
0.45,-0.45,0.95,0.5,330,0
0.45,-0.45,0.95,0.5,60,0
0.45,-0.45,0.95,0.5,300,1
0.45,-0.45,0.95,0.5,150,0
0.45,-0.45,0.95,0.5,210,0
0.45,-0.45,0.95,0.5,120,0
0.45,-0.45,0.95,0.5,240,0
0.45,-0.45,0.95,0.6,0,1
0.45,-0.45,0.95,0.6,180,0
0.45,-0.45,0.95,0.6,90,0
0.45,-0.45,0.95,0.6,270,0
0.45,-0.45,0.95,0.6,30,1
0.45,-0.45,0.95,0.6,330,0
0.45,-0.45,0.95,0.6,60,0
0.45,-0.45,0.95,0.6,300,1
0.45,-0.45,0.95,0.6,150,0
0.45,-0.45,0.95,0.6,210,0
0.45,-0.45,0.95,0.6,120,0
0.45,-0.45,0.95,0.6,240,0
0.45,-0.45,1.0,0.4,0,1
0.45,-0.45,1.0,0.4,180,0
0.45,-0.45,1.0,0.4,90,0
0.45,-0.45,1.0,0.4,270,0
0.45,-0.45,1.0,0.4,30,1
0.45,-0.45,1.0,0.4,330,1
0.45,-0.45,1.0,0.4,60,1
0.45,-0.45,1.0,0.4,300,1
0.45,-0.45,1.0,0.4,150,0
0.45,-0.45,1.0,0.4,210,0
0.45,-0.45,1.0,0.4,120,0
0.45,-0.45,1.0,0.4,240,1
0.45,-0.45,1.0,0.5,0,1
0.45,-0.45,1.0,0.5,180,0
0.45,-0.45,1.0,0.5,90,0
0.45,-0.45,1.0,0.5,270,0
0.45,-0.45,1.0,0.5,30,1
0.45,-0.45,1.0,0.5,330,0
0.45,-0.45,1.0,0.5,60,0
0.45,-0.45,1.0,0.5,300,1
0.45,-0.45,1.0,0.5,150,0
0.45,-0.45,1.0,0.5,210,0
0.45,-0.45,1.0,0.5,120,0
0.45,-0.45,1.0,0.5,240,0
0.45,-0.45,1.0,0.6,0,1
0.45,-0.45,1.0,0.6,180,0
0.45,-0.45,1.0,0.6,90,0
0.45,-0.45,1.0,0.6,270,0
0.45,-0.45,1.0,0.6,30,1
0.45,-0.45,1.0,0.6,330,0
0.45,-0.45,1.0,0.6,60,0
0.45,-0.45,1.0,0.6,300,1
0.45,-0.45,1.0,0.6,150,0
0.45,-0.45,1.0,0.6,210,0
0.45,-0.45,1.0,0.6,120,0
0.45,-0.45,1.0,0.6,240,0
0.45,-0.4,0.65,0.4,0,1
0.45,-0.4,0.65,0.4,180,0
0.45,-0.4,0.65,0.4,90,0
0.45,-0.4,0.65,0.4,270,0
0.45,-0.4,0.65,0.4,30,1
0.45,-0.4,0.65,0.4,330,1
0.45,-0.4,0.65,0.4,60,1
0.45,-0.4,0.65,0.4,300,0
0.45,-0.4,0.65,0.4,150,0
0.45,-0.4,0.65,0.4,210,0
0.45,-0.4,0.65,0.4,120,0
0.45,-0.4,0.65,0.4,240,1
0.45,-0.4,0.65,0.5,0,1
0.45,-0.4,0.65,0.5,180,0
0.45,-0.4,0.65,0.5,90,0
0.45,-0.4,0.65,0.5,270,0
0.45,-0.4,0.65,0.5,30,1
0.45,-0.4,0.65,0.5,330,0
0.45,-0.4,0.65,0.5,60,1
0.45,-0.4,0.65,0.5,300,1
0.45,-0.4,0.65,0.5,150,0
0.45,-0.4,0.65,0.5,210,0
0.45,-0.4,0.65,0.5,120,0
0.45,-0.4,0.65,0.5,240,1
0.45,-0.4,0.65,0.6,0,1
0.45,-0.4,0.65,0.6,180,0
0.45,-0.4,0.65,0.6,90,0
0.45,-0.4,0.65,0.6,270,1
0.45,-0.4,0.65,0.6,30,1
0.45,-0.4,0.65,0.6,330,0
0.45,-0.4,0.65,0.6,60,0
0.45,-0.4,0.65,0.6,300,1
0.45,-0.4,0.65,0.6,150,0
0.45,-0.4,0.65,0.6,210,0
0.45,-0.4,0.65,0.6,120,0
0.45,-0.4,0.65,0.6,240,1
0.45,-0.4,0.7,0.4,0,1
0.45,-0.4,0.7,0.4,180,0
0.45,-0.4,0.7,0.4,90,0
0.45,-0.4,0.7,0.4,270,0
0.45,-0.4,0.7,0.4,30,1
0.45,-0.4,0.7,0.4,330,1
0.45,-0.4,0.7,0.4,60,1
0.45,-0.4,0.7,0.4,300,0
0.45,-0.4,0.7,0.4,150,0
0.45,-0.4,0.7,0.4,210,0
0.45,-0.4,0.7,0.4,120,0
0.45,-0.4,0.7,0.4,240,1
0.45,-0.4,0.7,0.5,0,1
0.45,-0.4,0.7,0.5,180,0
0.45,-0.4,0.7,0.5,90,0
0.45,-0.4,0.7,0.5,270,0
0.45,-0.4,0.7,0.5,30,1
0.45,-0.4,0.7,0.5,330,0
0.45,-0.4,0.7,0.5,60,1
0.45,-0.4,0.7,0.5,300,0
0.45,-0.4,0.7,0.5,150,0
0.45,-0.4,0.7,0.5,210,0
0.45,-0.4,0.7,0.5,120,0
0.45,-0.4,0.7,0.5,240,1
0.45,-0.4,0.7,0.6,0,1
0.45,-0.4,0.7,0.6,180,0
0.45,-0.4,0.7,0.6,90,0
0.45,-0.4,0.7,0.6,270,0
0.45,-0.4,0.7,0.6,30,1
0.45,-0.4,0.7,0.6,330,0
0.45,-0.4,0.7,0.6,60,0
0.45,-0.4,0.7,0.6,300,0
0.45,-0.4,0.7,0.6,150,0
0.45,-0.4,0.7,0.6,210,0
0.45,-0.4,0.7,0.6,120,0
0.45,-0.4,0.75,0.4,0,1
0.45,-0.4,0.75,0.4,180,0
0.45,-0.4,0.75,0.4,90,0
0.45,-0.4,0.75,0.4,270,1
0.45,-0.4,0.75,0.4,30,1
0.45,-0.4,0.75,0.4,330,1
0.45,-0.4,0.75,0.4,60,1
0.45,-0.4,0.75,0.4,300,0
0.45,-0.4,0.75,0.4,150,0
0.45,-0.4,0.75,0.4,210,0
0.45,-0.4,0.75,0.4,120,0
0.45,-0.4,0.75,0.4,240,1
0.45,-0.4,0.75,0.5,0,1
0.45,-0.4,0.75,0.5,180,0
0.45,-0.4,0.75,0.5,90,0
0.45,-0.4,0.75,0.5,270,0
0.45,-0.4,0.75,0.5,30,1
0.45,-0.4,0.75,0.5,330,0
0.45,-0.4,0.75,0.5,60,1
0.45,-0.4,0.75,0.5,300,1
0.45,-0.4,0.75,0.5,150,0
0.45,-0.4,0.75,0.5,210,0
0.45,-0.4,0.75,0.5,120,0
0.45,-0.4,0.75,0.5,240,1
0.45,-0.4,0.75,0.6,0,1
0.45,-0.4,0.75,0.6,180,0
0.45,-0.4,0.75,0.6,90,0
0.45,-0.4,0.75,0.6,270,0
0.45,-0.4,0.75,0.6,30,1
0.45,-0.4,0.75,0.6,330,0
0.45,-0.4,0.75,0.6,60,0
0.45,-0.4,0.75,0.6,300,1
0.45,-0.4,0.75,0.6,150,0
0.45,-0.4,0.75,0.6,210,0
0.45,-0.4,0.75,0.6,120,0
0.45,-0.4,0.75,0.6,240,1
0.45,-0.4,0.8,0.4,0,1
0.45,-0.4,0.8,0.4,180,0
0.45,-0.4,0.8,0.4,90,0
0.45,-0.4,0.8,0.4,270,1
0.45,-0.4,0.8,0.4,30,1
0.45,-0.4,0.8,0.4,330,1
0.45,-0.4,0.8,0.4,60,1
0.45,-0.4,0.8,0.4,300,1
0.45,-0.4,0.8,0.4,150,0
0.45,-0.4,0.8,0.4,210,0
0.45,-0.4,0.8,0.4,120,0
0.45,-0.4,0.8,0.4,240,1
0.45,-0.4,0.8,0.5,0,1
0.45,-0.4,0.8,0.5,180,0
0.45,-0.4,0.8,0.5,90,0
0.45,-0.4,0.8,0.5,270,0
0.45,-0.4,0.8,0.5,30,1
0.45,-0.4,0.8,0.5,330,0
0.45,-0.4,0.8,0.5,60,1
0.45,-0.4,0.8,0.5,300,1
0.45,-0.4,0.8,0.5,150,0
0.45,-0.4,0.8,0.5,210,0
0.45,-0.4,0.8,0.5,120,0
0.45,-0.4,0.8,0.5,240,1
0.45,-0.4,0.8,0.6,0,1
0.45,-0.4,0.8,0.6,180,0
0.45,-0.4,0.8,0.6,90,0
0.45,-0.4,0.8,0.6,270,0
0.45,-0.4,0.8,0.6,30,1
0.45,-0.4,0.8,0.6,330,0
0.45,-0.4,0.8,0.6,60,0
0.45,-0.4,0.8,0.6,300,1
0.45,-0.4,0.8,0.6,150,0
0.45,-0.4,0.8,0.6,210,0
0.45,-0.4,0.8,0.6,120,0
0.45,-0.4,0.8,0.6,240,1
0.45,-0.4,0.85,0.4,0,1
0.45,-0.4,0.85,0.4,180,0
0.45,-0.4,0.85,0.4,90,0
0.45,-0.4,0.85,0.4,270,0
0.45,-0.4,0.85,0.4,30,1
0.45,-0.4,0.85,0.4,330,1
0.45,-0.4,0.85,0.4,60,1
0.45,-0.4,0.85,0.4,300,1
0.45,-0.4,0.85,0.4,150,0
0.45,-0.4,0.85,0.4,210,0
0.45,-0.4,0.85,0.4,120,0
0.45,-0.4,0.85,0.4,240,1
0.45,-0.4,0.85,0.5,0,1
0.45,-0.4,0.85,0.5,180,0
0.45,-0.4,0.85,0.5,90,0
0.45,-0.4,0.85,0.5,270,1
0.45,-0.4,0.85,0.5,30,1
0.45,-0.4,0.85,0.5,330,0
0.45,-0.4,0.85,0.5,60,1
0.45,-0.4,0.85,0.5,300,1
0.45,-0.4,0.85,0.5,150,0
0.45,-0.4,0.85,0.5,210,0
0.45,-0.4,0.85,0.5,120,0
0.45,-0.4,0.85,0.5,240,1
0.45,-0.4,0.85,0.6,0,1
0.45,-0.4,0.85,0.6,180,0
0.45,-0.4,0.85,0.6,90,0
0.45,-0.4,0.85,0.6,270,0
0.45,-0.4,0.85,0.6,30,1
0.45,-0.4,0.85,0.6,330,0
0.45,-0.4,0.85,0.6,60,0
0.45,-0.4,0.85,0.6,300,0
0.45,-0.4,0.85,0.6,150,0
0.45,-0.4,0.85,0.6,210,0
0.45,-0.4,0.85,0.6,120,0
0.45,-0.4,0.9,0.4,0,1
0.45,-0.4,0.9,0.4,180,0
0.45,-0.4,0.9,0.4,90,0
0.45,-0.4,0.9,0.4,270,1
0.45,-0.4,0.9,0.4,30,1
0.45,-0.4,0.9,0.4,330,1
0.45,-0.4,0.9,0.4,60,1
0.45,-0.4,0.9,0.4,300,0
0.45,-0.4,0.9,0.4,150,0
0.45,-0.4,0.9,0.4,210,0
0.45,-0.4,0.9,0.4,120,0
0.45,-0.4,0.9,0.4,240,1
0.45,-0.4,0.9,0.5,0,1
0.45,-0.4,0.9,0.5,180,0
0.45,-0.4,0.9,0.5,90,0
0.45,-0.4,0.9,0.5,270,0
0.45,-0.4,0.9,0.5,30,1
0.45,-0.4,0.9,0.5,330,0
0.45,-0.4,0.9,0.5,60,0
0.45,-0.4,0.9,0.5,300,1
0.45,-0.4,0.9,0.5,150,0
0.45,-0.4,0.9,0.5,210,0
0.45,-0.4,0.9,0.5,120,0
0.45,-0.4,0.9,0.5,240,1
0.45,-0.4,0.9,0.6,0,1
0.45,-0.4,0.9,0.6,180,0
0.45,-0.4,0.9,0.6,90,0
0.45,-0.4,0.9,0.6,270,0
0.45,-0.4,0.9,0.6,30,1
0.45,-0.4,0.9,0.6,330,0
0.45,-0.4,0.9,0.6,60,0
0.45,-0.4,0.9,0.6,300,0
0.45,-0.4,0.9,0.6,150,0
0.45,-0.4,0.9,0.6,210,0
0.45,-0.4,0.9,0.6,120,0
0.45,-0.4,0.95,0.4,0,1
0.45,-0.4,0.95,0.4,180,0
0.45,-0.4,0.95,0.4,90,0
0.45,-0.4,0.95,0.4,270,1
0.45,-0.4,0.95,0.4,30,1
0.45,-0.4,0.95,0.4,330,0
0.45,-0.4,0.95,0.4,60,1
0.45,-0.4,0.95,0.4,300,0
0.45,-0.4,0.95,0.4,150,0
0.45,-0.4,0.95,0.4,210,0
0.45,-0.4,0.95,0.4,120,0
0.45,-0.4,0.95,0.4,240,0
0.45,-0.4,0.95,0.5,0,1
0.45,-0.4,0.95,0.5,180,0
0.45,-0.4,0.95,0.5,90,0
0.45,-0.4,0.95,0.5,270,1
0.45,-0.4,0.95,0.5,30,1
0.45,-0.4,0.95,0.5,330,0
0.45,-0.4,0.95,0.5,60,0
0.45,-0.4,0.95,0.5,300,1
0.45,-0.4,0.95,0.5,150,0
0.45,-0.4,0.95,0.5,210,0
0.45,-0.4,0.95,0.5,120,0
0.45,-0.4,0.95,0.5,240,1
0.45,-0.4,0.95,0.6,0,1
0.45,-0.4,0.95,0.6,180,0
0.45,-0.4,0.95,0.6,90,0
0.45,-0.4,0.95,0.6,270,1
0.45,-0.4,0.95,0.6,30,1
0.45,-0.4,0.95,0.6,330,0
0.45,-0.4,0.95,0.6,60,0
0.45,-0.4,0.95,0.6,300,1
0.45,-0.4,0.95,0.6,150,0
0.45,-0.4,0.95,0.6,210,0
0.45,-0.4,0.95,0.6,120,0
0.45,-0.4,0.95,0.6,240,0
0.45,-0.4,1.0,0.4,0,1
0.45,-0.4,1.0,0.4,180,0
0.45,-0.4,1.0,0.4,90,0
0.45,-0.4,1.0,0.4,270,1
0.45,-0.4,1.0,0.4,30,1
0.45,-0.4,1.0,0.4,330,1
0.45,-0.4,1.0,0.4,60,1
0.45,-0.4,1.0,0.4,300,0
0.45,-0.4,1.0,0.4,150,0
0.45,-0.4,1.0,0.4,210,0
0.45,-0.4,1.0,0.4,120,0
0.45,-0.4,1.0,0.4,240,1
0.45,-0.4,1.0,0.5,0,1
0.45,-0.4,1.0,0.5,180,0
0.45,-0.4,1.0,0.5,90,0
0.45,-0.4,1.0,0.5,270,1
0.45,-0.4,1.0,0.5,30,1
0.45,-0.4,1.0,0.5,330,0
0.45,-0.4,1.0,0.5,60,0
0.45,-0.4,1.0,0.5,300,0
0.45,-0.4,1.0,0.5,150,0
0.45,-0.4,1.0,0.5,210,0
0.45,-0.4,1.0,0.5,120,0
0.45,-0.4,1.0,0.6,0,1
0.45,-0.4,1.0,0.6,180,0
0.45,-0.4,1.0,0.6,90,0
0.45,-0.4,1.0,0.6,270,0
0.45,-0.4,1.0,0.6,30,1
0.45,-0.4,1.0,0.6,330,0
0.45,-0.4,1.0,0.6,60,0
0.45,-0.4,1.0,0.6,300,1
0.45,-0.4,1.0,0.6,150,0
0.45,-0.4,1.0,0.6,210,0
0.45,-0.4,1.0,0.6,120,0
0.45,-0.4,1.0,0.6,240,0
0.45,-0.35,0.65,0.4,0,1
0.45,-0.35,0.65,0.4,180,0
0.45,-0.35,0.65,0.4,90,0
0.45,-0.35,0.65,0.4,270,1
0.45,-0.35,0.65,0.4,30,1
0.45,-0.35,0.65,0.4,330,1
0.45,-0.35,0.65,0.4,60,1
0.45,-0.35,0.65,0.4,300,1
0.45,-0.35,0.65,0.4,150,0
0.45,-0.35,0.65,0.4,210,1
0.45,-0.35,0.65,0.4,120,0
0.45,-0.35,0.65,0.4,240,1
0.45,-0.35,0.65,0.5,0,1
0.45,-0.35,0.65,0.5,180,0
0.45,-0.35,0.65,0.5,90,0
0.45,-0.35,0.65,0.5,270,0
0.45,-0.35,0.65,0.5,30,1
0.45,-0.35,0.65,0.5,330,0
0.45,-0.35,0.65,0.5,60,1
0.45,-0.35,0.65,0.5,300,1
0.45,-0.35,0.65,0.5,150,0
0.45,-0.35,0.65,0.5,210,0
0.45,-0.35,0.65,0.5,120,0
0.45,-0.35,0.65,0.5,240,1
0.45,-0.35,0.65,0.6,0,1
0.45,-0.35,0.65,0.6,180,0
0.45,-0.35,0.65,0.6,90,0
0.45,-0.35,0.65,0.6,270,0
0.45,-0.35,0.65,0.6,30,1
0.45,-0.35,0.65,0.6,330,1
0.45,-0.35,0.65,0.6,60,0
0.45,-0.35,0.65,0.6,300,1
0.45,-0.35,0.65,0.6,150,0
0.45,-0.35,0.65,0.6,210,0
0.45,-0.35,0.65,0.6,120,0
0.45,-0.35,0.65,0.6,240,1
0.45,-0.35,0.7,0.4,0,1
0.45,-0.35,0.7,0.4,180,0
0.45,-0.35,0.7,0.4,90,0
0.45,-0.35,0.7,0.4,270,1
0.45,-0.35,0.7,0.4,30,1
0.45,-0.35,0.7,0.4,330,1
0.45,-0.35,0.7,0.4,60,1
0.45,-0.35,0.7,0.4,300,0
0.45,-0.35,0.7,0.4,150,0
0.45,-0.35,0.7,0.4,210,0
0.45,-0.35,0.7,0.4,120,0
0.45,-0.35,0.7,0.4,240,1
0.45,-0.35,0.7,0.5,0,1
0.45,-0.35,0.7,0.5,180,0
0.45,-0.35,0.7,0.5,90,0
0.45,-0.35,0.7,0.5,270,0
0.45,-0.35,0.7,0.5,30,1
0.45,-0.35,0.7,0.5,330,0
0.45,-0.35,0.7,0.5,60,1
0.45,-0.35,0.7,0.5,300,1
0.45,-0.35,0.7,0.5,150,0
0.45,-0.35,0.7,0.5,210,0
0.45,-0.35,0.7,0.5,120,0
0.45,-0.35,0.7,0.5,240,1
0.45,-0.35,0.7,0.6,0,1
0.45,-0.35,0.7,0.6,180,0
0.45,-0.35,0.7,0.6,90,0
0.45,-0.35,0.7,0.6,270,0
0.45,-0.35,0.7,0.6,30,1
0.45,-0.35,0.7,0.6,330,0
0.45,-0.35,0.7,0.6,60,0
0.45,-0.35,0.7,0.6,300,1
0.45,-0.35,0.7,0.6,150,0
0.45,-0.35,0.7,0.6,210,0
0.45,-0.35,0.7,0.6,120,0
0.45,-0.35,0.7,0.6,240,1
0.45,-0.35,0.75,0.4,0,1
0.45,-0.35,0.75,0.4,180,0
0.45,-0.35,0.75,0.4,90,0
0.45,-0.35,0.75,0.4,270,1
0.45,-0.35,0.75,0.4,30,1
0.45,-0.35,0.75,0.4,330,1
0.45,-0.35,0.75,0.4,60,1
0.45,-0.35,0.75,0.4,300,1
0.45,-0.35,0.75,0.4,150,0
0.45,-0.35,0.75,0.4,210,1
0.45,-0.35,0.75,0.4,120,0
0.45,-0.35,0.75,0.4,240,1
0.45,-0.35,0.75,0.5,0,1
0.45,-0.35,0.75,0.5,180,0
0.45,-0.35,0.75,0.5,90,0
0.45,-0.35,0.75,0.5,270,1
0.45,-0.35,0.75,0.5,30,1
0.45,-0.35,0.75,0.5,330,0
0.45,-0.35,0.75,0.5,60,1
0.45,-0.35,0.75,0.5,300,1
0.45,-0.35,0.75,0.5,150,0
0.45,-0.35,0.75,0.5,210,0
0.45,-0.35,0.75,0.5,120,0
0.45,-0.35,0.75,0.5,240,1
0.45,-0.35,0.75,0.6,0,1
0.45,-0.35,0.75,0.6,180,0
0.45,-0.35,0.75,0.6,90,0
0.45,-0.35,0.75,0.6,270,1
0.45,-0.35,0.75,0.6,30,1
0.45,-0.35,0.75,0.6,330,0
0.45,-0.35,0.75,0.6,60,0
0.45,-0.35,0.75,0.6,300,0
0.45,-0.35,0.75,0.6,150,0
0.45,-0.35,0.75,0.6,210,0
0.45,-0.35,0.75,0.6,120,0
0.45,-0.35,0.8,0.4,0,1
0.45,-0.35,0.8,0.4,180,0
0.45,-0.35,0.8,0.4,90,0
0.45,-0.35,0.8,0.4,270,1
0.45,-0.35,0.8,0.4,30,1
0.45,-0.35,0.8,0.4,330,1
0.45,-0.35,0.8,0.4,60,1
0.45,-0.35,0.8,0.4,300,0
0.45,-0.35,0.8,0.4,150,0
0.45,-0.35,0.8,0.4,210,1
0.45,-0.35,0.8,0.4,120,0
0.45,-0.35,0.8,0.4,240,1
0.45,-0.35,0.8,0.5,0,1
0.45,-0.35,0.8,0.5,180,0
0.45,-0.35,0.8,0.5,90,0
0.45,-0.35,0.8,0.5,270,0
0.45,-0.35,0.8,0.5,30,1
0.45,-0.35,0.8,0.5,330,0
0.45,-0.35,0.8,0.5,60,1
0.45,-0.35,0.8,0.5,300,1
0.45,-0.35,0.8,0.5,150,0
0.45,-0.35,0.8,0.5,210,0
0.45,-0.35,0.8,0.5,120,0
0.45,-0.35,0.8,0.5,240,1
0.45,-0.35,0.8,0.6,0,1
0.45,-0.35,0.8,0.6,180,0
0.45,-0.35,0.8,0.6,90,0
0.45,-0.35,0.8,0.6,270,0
0.45,-0.35,0.8,0.6,30,1
0.45,-0.35,0.8,0.6,330,0
0.45,-0.35,0.8,0.6,60,0
0.45,-0.35,0.8,0.6,300,1
0.45,-0.35,0.8,0.6,150,0
0.45,-0.35,0.8,0.6,210,0
0.45,-0.35,0.8,0.6,120,0
0.45,-0.35,0.8,0.6,240,1
0.45,-0.35,0.85,0.4,0,1
0.45,-0.35,0.85,0.4,180,0
0.45,-0.35,0.85,0.4,90,0
0.45,-0.35,0.85,0.4,270,1
0.45,-0.35,0.85,0.4,30,1
0.45,-0.35,0.85,0.4,330,1
0.45,-0.35,0.85,0.4,60,1
0.45,-0.35,0.85,0.4,300,0
0.45,-0.35,0.85,0.4,150,0
0.45,-0.35,0.85,0.4,210,0
0.45,-0.35,0.85,0.4,120,0
0.45,-0.35,0.85,0.4,240,1
0.45,-0.35,0.85,0.5,0,1
0.45,-0.35,0.85,0.5,180,0
0.45,-0.35,0.85,0.5,90,0
0.45,-0.35,0.85,0.5,270,0
0.45,-0.35,0.85,0.5,30,1
0.45,-0.35,0.85,0.5,330,0
0.45,-0.35,0.85,0.5,60,1
0.45,-0.35,0.85,0.5,300,1
0.45,-0.35,0.85,0.5,150,0
0.45,-0.35,0.85,0.5,210,0
0.45,-0.35,0.85,0.5,120,0
0.45,-0.35,0.85,0.5,240,1
0.45,-0.35,0.85,0.6,0,1
0.45,-0.35,0.85,0.6,180,0
0.45,-0.35,0.85,0.6,90,0
0.45,-0.35,0.85,0.6,270,0
0.45,-0.35,0.85,0.6,30,1
0.45,-0.35,0.85,0.6,330,0
0.45,-0.35,0.85,0.6,60,0
0.45,-0.35,0.85,0.6,300,0
0.45,-0.35,0.85,0.6,150,0
0.45,-0.35,0.85,0.6,210,0
0.45,-0.35,0.85,0.6,120,0
0.45,-0.35,0.9,0.4,0,1
0.45,-0.35,0.9,0.4,180,0
0.45,-0.35,0.9,0.4,90,0
0.45,-0.35,0.9,0.4,270,1
0.45,-0.35,0.9,0.4,30,1
0.45,-0.35,0.9,0.4,330,1
0.45,-0.35,0.9,0.4,60,1
0.45,-0.35,0.9,0.4,300,0
0.45,-0.35,0.9,0.4,150,0
0.45,-0.35,0.9,0.4,210,0
0.45,-0.35,0.9,0.4,120,0
0.45,-0.35,0.9,0.4,240,1
0.45,-0.35,0.9,0.5,0,1
0.45,-0.35,0.9,0.5,180,0
0.45,-0.35,0.9,0.5,90,0
0.45,-0.35,0.9,0.5,270,0
0.45,-0.35,0.9,0.5,30,1
0.45,-0.35,0.9,0.5,330,0
0.45,-0.35,0.9,0.5,60,0
0.45,-0.35,0.9,0.5,300,0
0.45,-0.35,0.9,0.5,150,0
0.45,-0.35,0.9,0.5,210,0
0.45,-0.35,0.9,0.5,120,0
0.45,-0.35,0.9,0.6,0,1
0.45,-0.35,0.9,0.6,180,0
0.45,-0.35,0.9,0.6,90,0
0.45,-0.35,0.9,0.6,270,1
0.45,-0.35,0.9,0.6,30,1
0.45,-0.35,0.9,0.6,330,0
0.45,-0.35,0.9,0.6,60,0
0.45,-0.35,0.9,0.6,300,0
0.45,-0.35,0.9,0.6,150,0
0.45,-0.35,0.9,0.6,210,0
0.45,-0.35,0.9,0.6,120,0
0.45,-0.35,0.95,0.4,0,1
0.45,-0.35,0.95,0.4,180,0
0.45,-0.35,0.95,0.4,90,0
0.45,-0.35,0.95,0.4,270,1
0.45,-0.35,0.95,0.4,30,1
0.45,-0.35,0.95,0.4,330,1
0.45,-0.35,0.95,0.4,60,1
0.45,-0.35,0.95,0.4,300,1
0.45,-0.35,0.95,0.4,150,0
0.45,-0.35,0.95,0.4,210,0
0.45,-0.35,0.95,0.4,120,0
0.45,-0.35,0.95,0.4,240,1
0.45,-0.35,0.95,0.5,0,1
0.45,-0.35,0.95,0.5,180,0
0.45,-0.35,0.95,0.5,90,0
0.45,-0.35,0.95,0.5,270,0
0.45,-0.35,0.95,0.5,30,1
0.45,-0.35,0.95,0.5,330,0
0.45,-0.35,0.95,0.5,60,0
0.45,-0.35,0.95,0.5,300,1
0.45,-0.35,0.95,0.5,150,0
0.45,-0.35,0.95,0.5,210,0
0.45,-0.35,0.95,0.5,120,0
0.45,-0.35,0.95,0.5,240,1
0.45,-0.35,0.95,0.6,0,1
0.45,-0.35,0.95,0.6,180,0
0.45,-0.35,0.95,0.6,90,0
0.45,-0.35,0.95,0.6,270,0
0.45,-0.35,0.95,0.6,30,1
0.45,-0.35,0.95,0.6,330,0
0.45,-0.35,0.95,0.6,60,0
0.45,-0.35,0.95,0.6,300,1
0.45,-0.35,0.95,0.6,150,0
0.45,-0.35,0.95,0.6,210,0
0.45,-0.35,0.95,0.6,120,0
0.45,-0.35,0.95,0.6,240,1
0.45,-0.35,1.0,0.4,0,1
0.45,-0.35,1.0,0.4,180,0
0.45,-0.35,1.0,0.4,90,0
0.45,-0.35,1.0,0.4,270,1
0.45,-0.35,1.0,0.4,30,1
0.45,-0.35,1.0,0.4,330,1
0.45,-0.35,1.0,0.4,60,1
0.45,-0.35,1.0,0.4,300,1
0.45,-0.35,1.0,0.4,150,0
0.45,-0.35,1.0,0.4,210,0
0.45,-0.35,1.0,0.4,120,0
0.45,-0.35,1.0,0.4,240,0
0.45,-0.35,1.0,0.5,0,1
0.45,-0.35,1.0,0.5,180,0
0.45,-0.35,1.0,0.5,90,0
0.45,-0.35,1.0,0.5,270,0
0.45,-0.35,1.0,0.5,30,1
0.45,-0.35,1.0,0.5,330,0
0.45,-0.35,1.0,0.5,60,0
0.45,-0.35,1.0,0.5,300,1
0.45,-0.35,1.0,0.5,150,0
0.45,-0.35,1.0,0.5,210,0
0.45,-0.35,1.0,0.5,120,0
0.45,-0.35,1.0,0.5,240,0
0.45,-0.35,1.0,0.6,0,1
0.45,-0.35,1.0,0.6,180,0
0.45,-0.35,1.0,0.6,90,0
0.45,-0.35,1.0,0.6,270,0
0.45,-0.35,1.0,0.6,30,1
0.45,-0.35,1.0,0.6,330,0
0.45,-0.35,1.0,0.6,60,0
0.45,-0.35,1.0,0.6,300,1
0.45,-0.35,1.0,0.6,150,0
0.45,-0.35,1.0,0.6,210,0
0.45,-0.35,1.0,0.6,120,0
0.45,-0.35,1.0,0.6,240,1
0.45,-0.3,0.65,0.4,0,1
0.45,-0.3,0.65,0.4,180,0
0.45,-0.3,0.65,0.4,90,0
0.45,-0.3,0.65,0.4,270,1
0.45,-0.3,0.65,0.4,30,1
0.45,-0.3,0.65,0.4,330,1
0.45,-0.3,0.65,0.4,60,1
0.45,-0.3,0.65,0.4,300,1
0.45,-0.3,0.65,0.4,150,0
0.45,-0.3,0.65,0.4,210,1
0.45,-0.3,0.65,0.4,120,0
0.45,-0.3,0.65,0.4,240,0
0.45,-0.3,0.65,0.5,0,1
0.45,-0.3,0.65,0.5,180,0
0.45,-0.3,0.65,0.5,90,0
0.45,-0.3,0.65,0.5,270,0
0.45,-0.3,0.65,0.5,30,1
0.45,-0.3,0.65,0.5,330,0
0.45,-0.3,0.65,0.5,60,1
0.45,-0.3,0.65,0.5,300,0
0.45,-0.3,0.65,0.5,150,0
0.45,-0.3,0.65,0.5,210,0
0.45,-0.3,0.65,0.5,120,0
0.45,-0.3,0.65,0.5,240,1
0.45,-0.3,0.65,0.6,0,1
0.45,-0.3,0.65,0.6,180,0
0.45,-0.3,0.65,0.6,90,0
0.45,-0.3,0.65,0.6,270,0
0.45,-0.3,0.65,0.6,30,1
0.45,-0.3,0.65,0.6,330,1
0.45,-0.3,0.65,0.6,60,0
0.45,-0.3,0.65,0.6,300,0
0.45,-0.3,0.65,0.6,150,0
0.45,-0.3,0.65,0.6,210,0
0.45,-0.3,0.65,0.6,120,0
0.45,-0.3,0.65,0.6,240,1
0.45,-0.3,0.7,0.4,0,1
0.45,-0.3,0.7,0.4,180,0
0.45,-0.3,0.7,0.4,90,0
0.45,-0.3,0.7,0.4,270,1
0.45,-0.3,0.7,0.4,30,1
0.45,-0.3,0.7,0.4,330,1
0.45,-0.3,0.7,0.4,60,1
0.45,-0.3,0.7,0.4,300,1
0.45,-0.3,0.7,0.4,150,0
0.45,-0.3,0.7,0.4,210,0
0.45,-0.3,0.7,0.4,120,0
0.45,-0.3,0.7,0.4,240,1
0.45,-0.3,0.7,0.5,0,1
0.45,-0.3,0.7,0.5,180,0
0.45,-0.3,0.7,0.5,90,0
0.45,-0.3,0.7,0.5,270,1
0.45,-0.3,0.7,0.5,30,1
0.45,-0.3,0.7,0.5,330,0
0.45,-0.3,0.7,0.5,60,1
0.45,-0.3,0.7,0.5,300,0
0.45,-0.3,0.7,0.5,150,0
0.45,-0.3,0.7,0.5,210,0
0.45,-0.3,0.7,0.5,120,0
0.45,-0.3,0.7,0.5,240,1
0.45,-0.3,0.7,0.6,0,1
0.45,-0.3,0.7,0.6,180,0
0.45,-0.3,0.7,0.6,90,0
0.45,-0.3,0.7,0.6,270,0
0.45,-0.3,0.7,0.6,30,1
0.45,-0.3,0.7,0.6,330,1
0.45,-0.3,0.7,0.6,60,0
0.45,-0.3,0.7,0.6,300,0
0.45,-0.3,0.7,0.6,150,0
0.45,-0.3,0.7,0.6,210,0
0.45,-0.3,0.7,0.6,120,0
0.45,-0.3,0.7,0.6,240,1
0.45,-0.3,0.75,0.4,0,1
0.45,-0.3,0.75,0.4,180,0
0.45,-0.3,0.75,0.4,90,0
0.45,-0.3,0.75,0.4,270,0
0.45,-0.3,0.75,0.4,30,1
0.45,-0.3,0.75,0.4,330,1
0.45,-0.3,0.75,0.4,60,1
0.45,-0.3,0.75,0.4,300,1
0.45,-0.3,0.75,0.4,150,0
0.45,-0.3,0.75,0.4,210,1
0.45,-0.3,0.75,0.4,120,0
0.45,-0.3,0.75,0.4,240,0
0.45,-0.3,0.75,0.5,0,1
0.45,-0.3,0.75,0.5,180,0
0.45,-0.3,0.75,0.5,90,0
0.45,-0.3,0.75,0.5,270,0
0.45,-0.3,0.75,0.5,30,1
0.45,-0.3,0.75,0.5,330,1
0.45,-0.3,0.75,0.5,60,1
0.45,-0.3,0.75,0.5,300,1
0.45,-0.3,0.75,0.5,150,0
0.45,-0.3,0.75,0.5,210,0
0.45,-0.3,0.75,0.5,120,0
0.45,-0.3,0.75,0.5,240,1
0.45,-0.3,0.75,0.6,0,1
0.45,-0.3,0.75,0.6,180,0
0.45,-0.3,0.75,0.6,90,0
0.45,-0.3,0.75,0.6,270,0
0.45,-0.3,0.75,0.6,30,1
0.45,-0.3,0.75,0.6,330,1
0.45,-0.3,0.75,0.6,60,0
0.45,-0.3,0.75,0.6,300,1
0.45,-0.3,0.75,0.6,150,0
0.45,-0.3,0.75,0.6,210,0
0.45,-0.3,0.75,0.6,120,0
0.45,-0.3,0.75,0.6,240,1
0.45,-0.3,0.8,0.4,0,1
0.45,-0.3,0.8,0.4,180,0
0.45,-0.3,0.8,0.4,90,0
0.45,-0.3,0.8,0.4,270,0
0.45,-0.3,0.8,0.4,30,1
0.45,-0.3,0.8,0.4,330,1
0.45,-0.3,0.8,0.4,60,1
0.45,-0.3,0.8,0.4,300,1
0.45,-0.3,0.8,0.4,150,0
0.45,-0.3,0.8,0.4,210,1
0.45,-0.3,0.8,0.4,120,0
0.45,-0.3,0.8,0.4,240,1
0.45,-0.3,0.8,0.5,0,1
0.45,-0.3,0.8,0.5,180,0
0.45,-0.3,0.8,0.5,90,0
0.45,-0.3,0.8,0.5,270,1
0.45,-0.3,0.8,0.5,30,1
0.45,-0.3,0.8,0.5,330,1
0.45,-0.3,0.8,0.5,60,1
0.45,-0.3,0.8,0.5,300,1
0.45,-0.3,0.8,0.5,150,0
0.45,-0.3,0.8,0.5,210,0
0.45,-0.3,0.8,0.5,120,0
0.45,-0.3,0.8,0.5,240,1
0.45,-0.3,0.8,0.6,0,1
0.45,-0.3,0.8,0.6,180,0
0.45,-0.3,0.8,0.6,90,0
0.45,-0.3,0.8,0.6,270,0
0.45,-0.3,0.8,0.6,30,1
0.45,-0.3,0.8,0.6,330,1
0.45,-0.3,0.8,0.6,60,0
0.45,-0.3,0.8,0.6,300,0
0.45,-0.3,0.8,0.6,150,0
0.45,-0.3,0.8,0.6,210,0
0.45,-0.3,0.8,0.6,120,0
0.45,-0.3,0.8,0.6,240,1
0.45,-0.3,0.85,0.4,0,1
0.45,-0.3,0.85,0.4,180,0
0.45,-0.3,0.85,0.4,90,0
0.45,-0.3,0.85,0.4,270,1
0.45,-0.3,0.85,0.4,30,1
0.45,-0.3,0.85,0.4,330,1
0.45,-0.3,0.85,0.4,60,1
0.45,-0.3,0.85,0.4,300,1
0.45,-0.3,0.85,0.4,150,0
0.45,-0.3,0.85,0.4,210,0
0.45,-0.3,0.85,0.4,120,0
0.45,-0.3,0.85,0.4,240,1
0.45,-0.3,0.85,0.5,0,1
0.45,-0.3,0.85,0.5,180,0
0.45,-0.3,0.85,0.5,90,0
0.45,-0.3,0.85,0.5,270,0
0.45,-0.3,0.85,0.5,30,1
0.45,-0.3,0.85,0.5,330,1
0.45,-0.3,0.85,0.5,60,1
0.45,-0.3,0.85,0.5,300,0
0.45,-0.3,0.85,0.5,150,0
0.45,-0.3,0.85,0.5,210,0
0.45,-0.3,0.85,0.5,120,0
0.45,-0.3,0.85,0.5,240,1
0.45,-0.3,0.85,0.6,0,1
0.45,-0.3,0.85,0.6,180,0
0.45,-0.3,0.85,0.6,90,0
0.45,-0.3,0.85,0.6,270,1
0.45,-0.3,0.85,0.6,30,1
0.45,-0.3,0.85,0.6,330,1
0.45,-0.3,0.85,0.6,60,0
0.45,-0.3,0.85,0.6,300,1
0.45,-0.3,0.85,0.6,150,0
0.45,-0.3,0.85,0.6,210,0
0.45,-0.3,0.85,0.6,120,0
0.45,-0.3,0.85,0.6,240,1
0.45,-0.3,0.9,0.4,0,1
0.45,-0.3,0.9,0.4,180,0
0.45,-0.3,0.9,0.4,90,0
0.45,-0.3,0.9,0.4,270,1
0.45,-0.3,0.9,0.4,30,1
0.45,-0.3,0.9,0.4,330,1
0.45,-0.3,0.9,0.4,60,1
0.45,-0.3,0.9,0.4,300,1
0.45,-0.3,0.9,0.4,150,0
0.45,-0.3,0.9,0.4,210,0
0.45,-0.3,0.9,0.4,120,0
0.45,-0.3,0.9,0.4,240,1
0.45,-0.3,0.9,0.5,0,1
0.45,-0.3,0.9,0.5,180,0
0.45,-0.3,0.9,0.5,90,0
0.45,-0.3,0.9,0.5,270,1
0.45,-0.3,0.9,0.5,30,1
0.45,-0.3,0.9,0.5,330,1
0.45,-0.3,0.9,0.5,60,0
0.45,-0.3,0.9,0.5,300,0
0.45,-0.3,0.9,0.5,150,0
0.45,-0.3,0.9,0.5,210,0
0.45,-0.3,0.9,0.5,120,0
0.45,-0.3,0.9,0.5,240,1
0.45,-0.3,0.9,0.6,0,1
0.45,-0.3,0.9,0.6,180,0
0.45,-0.3,0.9,0.6,90,0
0.45,-0.3,0.9,0.6,270,0
0.45,-0.3,0.9,0.6,30,1
0.45,-0.3,0.9,0.6,330,0
0.45,-0.3,0.9,0.6,60,0
0.45,-0.3,0.9,0.6,300,1
0.45,-0.3,0.9,0.6,150,0
0.45,-0.3,0.9,0.6,210,0
0.45,-0.3,0.9,0.6,120,0
0.45,-0.3,0.9,0.6,240,1
0.45,-0.3,0.95,0.4,0,1
0.45,-0.3,0.95,0.4,180,0
0.45,-0.3,0.95,0.4,90,0
0.45,-0.3,0.95,0.4,270,1
0.45,-0.3,0.95,0.4,30,1
0.45,-0.3,0.95,0.4,330,1
0.45,-0.3,0.95,0.4,60,1
0.45,-0.3,0.95,0.4,300,1
0.45,-0.3,0.95,0.4,150,0
0.45,-0.3,0.95,0.4,210,1
0.45,-0.3,0.95,0.4,120,0
0.45,-0.3,0.95,0.4,240,1
0.45,-0.3,0.95,0.5,0,1
0.45,-0.3,0.95,0.5,180,0
0.45,-0.3,0.95,0.5,90,0
0.45,-0.3,0.95,0.5,270,0
0.45,-0.3,0.95,0.5,30,1
0.45,-0.3,0.95,0.5,330,1
0.45,-0.3,0.95,0.5,60,0
0.45,-0.3,0.95,0.5,300,1
0.45,-0.3,0.95,0.5,150,0
0.45,-0.3,0.95,0.5,210,0
0.45,-0.3,0.95,0.5,120,0
0.45,-0.3,0.95,0.5,240,0
0.45,-0.3,0.95,0.6,0,1
0.45,-0.3,0.95,0.6,180,0
0.45,-0.3,0.95,0.6,90,0
0.45,-0.3,0.95,0.6,270,0
0.45,-0.3,0.95,0.6,30,1
0.45,-0.3,0.95,0.6,330,1
0.45,-0.3,0.95,0.6,60,0
0.45,-0.3,0.95,0.6,300,0
0.45,-0.3,0.95,0.6,150,0
0.45,-0.3,0.95,0.6,210,0
0.45,-0.3,0.95,0.6,120,0
0.45,-0.3,0.95,0.6,240,1
0.45,-0.3,1.0,0.4,0,1
0.45,-0.3,1.0,0.4,180,0
0.45,-0.3,1.0,0.4,90,0
0.45,-0.3,1.0,0.4,270,1
0.45,-0.3,1.0,0.4,30,1
0.45,-0.3,1.0,0.4,330,1
0.45,-0.3,1.0,0.4,60,1
0.45,-0.3,1.0,0.4,300,1
0.45,-0.3,1.0,0.4,150,0
0.45,-0.3,1.0,0.4,210,0
0.45,-0.3,1.0,0.4,120,0
0.45,-0.3,1.0,0.4,240,1
0.45,-0.3,1.0,0.5,0,1
0.45,-0.3,1.0,0.5,180,0
0.45,-0.3,1.0,0.5,90,0
0.45,-0.3,1.0,0.5,270,0
0.45,-0.3,1.0,0.5,30,1
0.45,-0.3,1.0,0.5,330,1
0.45,-0.3,1.0,0.5,60,0
0.45,-0.3,1.0,0.5,300,0
0.45,-0.3,1.0,0.5,150,0
0.45,-0.3,1.0,0.5,210,0
0.45,-0.3,1.0,0.5,120,0
0.45,-0.3,1.0,0.5,240,0
0.45,-0.3,1.0,0.6,0,1
0.45,-0.3,1.0,0.6,180,0
0.45,-0.3,1.0,0.6,90,0
0.45,-0.3,1.0,0.6,270,1
0.45,-0.3,1.0,0.6,30,1
0.45,-0.3,1.0,0.6,330,1
0.45,-0.3,1.0,0.6,60,0
0.45,-0.3,1.0,0.6,300,0
0.45,-0.3,1.0,0.6,150,0
0.45,-0.3,1.0,0.6,210,0
0.45,-0.3,1.0,0.6,120,0
0.45,-0.3,1.0,0.6,240,1
0.45,-0.25,0.65,0.4,0,1
0.45,-0.25,0.65,0.4,180,0
0.45,-0.25,0.65,0.4,90,0
0.45,-0.25,0.65,0.4,270,1
0.45,-0.25,0.65,0.4,30,1
0.45,-0.25,0.65,0.4,330,1
0.45,-0.25,0.65,0.4,60,1
0.45,-0.25,0.65,0.4,300,0
0.45,-0.25,0.65,0.4,150,0
0.45,-0.25,0.65,0.4,210,1
0.45,-0.25,0.65,0.4,120,0
0.45,-0.25,0.65,0.4,240,0
0.45,-0.25,0.65,0.5,0,1
0.45,-0.25,0.65,0.5,180,0
0.45,-0.25,0.65,0.5,90,0
0.45,-0.25,0.65,0.5,270,1
0.45,-0.25,0.65,0.5,30,1
0.45,-0.25,0.65,0.5,330,1
0.45,-0.25,0.65,0.5,60,1
0.45,-0.25,0.65,0.5,300,0
0.45,-0.25,0.65,0.5,150,0
0.45,-0.25,0.65,0.5,210,1
0.45,-0.25,0.65,0.5,120,0
0.45,-0.25,0.65,0.5,240,1
0.45,-0.25,0.65,0.6,0,1
0.45,-0.25,0.65,0.6,180,0
0.45,-0.25,0.65,0.6,90,0
0.45,-0.25,0.65,0.6,270,1
0.45,-0.25,0.65,0.6,30,1
0.45,-0.25,0.65,0.6,330,1
0.45,-0.25,0.65,0.6,60,0
0.45,-0.25,0.65,0.6,300,0
0.45,-0.25,0.65,0.6,150,0
0.45,-0.25,0.65,0.6,210,0
0.45,-0.25,0.65,0.6,120,0
0.45,-0.25,0.65,0.6,240,1
0.45,-0.25,0.7,0.4,0,1
0.45,-0.25,0.7,0.4,180,0
0.45,-0.25,0.7,0.4,90,0
0.45,-0.25,0.7,0.4,270,1
0.45,-0.25,0.7,0.4,30,1
0.45,-0.25,0.7,0.4,330,1
0.45,-0.25,0.7,0.4,60,1
0.45,-0.25,0.7,0.4,300,0
0.45,-0.25,0.7,0.4,150,0
0.45,-0.25,0.7,0.4,210,0
0.45,-0.25,0.7,0.4,120,0
0.45,-0.25,0.7,0.4,240,1
0.45,-0.25,0.7,0.5,0,1
0.45,-0.25,0.7,0.5,180,0
0.45,-0.25,0.7,0.5,90,0
0.45,-0.25,0.7,0.5,270,1
0.45,-0.25,0.7,0.5,30,1
0.45,-0.25,0.7,0.5,330,1
0.45,-0.25,0.7,0.5,60,1
0.45,-0.25,0.7,0.5,300,0
0.45,-0.25,0.7,0.5,150,0
0.45,-0.25,0.7,0.5,210,0
0.45,-0.25,0.7,0.5,120,0
0.45,-0.25,0.7,0.5,240,1
0.45,-0.25,0.7,0.6,0,1
0.45,-0.25,0.7,0.6,180,0
0.45,-0.25,0.7,0.6,90,0
0.45,-0.25,0.7,0.6,270,0
0.45,-0.25,0.7,0.6,30,1
0.45,-0.25,0.7,0.6,330,1
0.45,-0.25,0.7,0.6,60,0
0.45,-0.25,0.7,0.6,300,0
0.45,-0.25,0.7,0.6,150,0
0.45,-0.25,0.7,0.6,210,0
0.45,-0.25,0.7,0.6,120,0
0.45,-0.25,0.7,0.6,240,1
0.45,-0.25,0.75,0.4,0,1
0.45,-0.25,0.75,0.4,180,0
0.45,-0.25,0.75,0.4,90,0
0.45,-0.25,0.75,0.4,270,1
0.45,-0.25,0.75,0.4,30,1
0.45,-0.25,0.75,0.4,330,1
0.45,-0.25,0.75,0.4,60,1
0.45,-0.25,0.75,0.4,300,1
0.45,-0.25,0.75,0.4,150,0
0.45,-0.25,0.75,0.4,210,1
0.45,-0.25,0.75,0.4,120,0
0.45,-0.25,0.75,0.4,240,0
0.45,-0.25,0.75,0.5,0,1
0.45,-0.25,0.75,0.5,180,0
0.45,-0.25,0.75,0.5,90,0
0.45,-0.25,0.75,0.5,270,0
0.45,-0.25,0.75,0.5,30,1
0.45,-0.25,0.75,0.5,330,1
0.45,-0.25,0.75,0.5,60,1
0.45,-0.25,0.75,0.5,300,0
0.45,-0.25,0.75,0.5,150,0
0.45,-0.25,0.75,0.5,210,1
0.45,-0.25,0.75,0.5,120,0
0.45,-0.25,0.75,0.5,240,1
0.45,-0.25,0.75,0.6,0,1
0.45,-0.25,0.75,0.6,180,0
0.45,-0.25,0.75,0.6,90,0
0.45,-0.25,0.75,0.6,270,0
0.45,-0.25,0.75,0.6,30,1
0.45,-0.25,0.75,0.6,330,0
0.45,-0.25,0.75,0.6,60,0
0.45,-0.25,0.75,0.6,300,0
0.45,-0.25,0.75,0.6,150,0
0.45,-0.25,0.75,0.6,210,0
0.45,-0.25,0.75,0.6,120,0
0.45,-0.25,0.8,0.4,0,1
0.45,-0.25,0.8,0.4,180,0
0.45,-0.25,0.8,0.4,90,0
0.45,-0.25,0.8,0.4,270,1
0.45,-0.25,0.8,0.4,30,1
0.45,-0.25,0.8,0.4,330,1
0.45,-0.25,0.8,0.4,60,1
0.45,-0.25,0.8,0.4,300,1
0.45,-0.25,0.8,0.4,150,0
0.45,-0.25,0.8,0.4,210,1
0.45,-0.25,0.8,0.4,120,0
0.45,-0.25,0.8,0.4,240,0
0.45,-0.25,0.8,0.5,0,1
0.45,-0.25,0.8,0.5,180,0
0.45,-0.25,0.8,0.5,90,0
0.45,-0.25,0.8,0.5,270,1
0.45,-0.25,0.8,0.5,30,1
0.45,-0.25,0.8,0.5,330,1
0.45,-0.25,0.8,0.5,60,1
0.45,-0.25,0.8,0.5,300,0
0.45,-0.25,0.8,0.5,150,0
0.45,-0.25,0.8,0.5,210,1
0.45,-0.25,0.8,0.5,120,0
0.45,-0.25,0.8,0.5,240,1
0.45,-0.25,0.8,0.6,0,1
0.45,-0.25,0.8,0.6,180,0
0.45,-0.25,0.8,0.6,90,0
0.45,-0.25,0.8,0.6,270,0
0.45,-0.25,0.8,0.6,30,1
0.45,-0.25,0.8,0.6,330,1
0.45,-0.25,0.8,0.6,60,0
0.45,-0.25,0.8,0.6,300,0
0.45,-0.25,0.8,0.6,150,0
0.45,-0.25,0.8,0.6,210,0
0.45,-0.25,0.8,0.6,120,0
0.45,-0.25,0.8,0.6,240,1
0.45,-0.25,0.85,0.4,0,1
0.45,-0.25,0.85,0.4,180,0
0.45,-0.25,0.85,0.4,90,0
0.45,-0.25,0.85,0.4,270,1
0.45,-0.25,0.85,0.4,30,1
0.45,-0.25,0.85,0.4,330,0
0.45,-0.25,0.85,0.4,60,1
0.45,-0.25,0.85,0.4,300,1
0.45,-0.25,0.85,0.4,150,0
0.45,-0.25,0.85,0.4,210,1
0.45,-0.25,0.85,0.4,120,0
0.45,-0.25,0.85,0.4,240,1
0.45,-0.25,0.85,0.5,0,1
0.45,-0.25,0.85,0.5,180,0
0.45,-0.25,0.85,0.5,90,0
0.45,-0.25,0.85,0.5,270,0
0.45,-0.25,0.85,0.5,30,1
0.45,-0.25,0.85,0.5,330,1
0.45,-0.25,0.85,0.5,60,1
0.45,-0.25,0.85,0.5,300,0
0.45,-0.25,0.85,0.5,150,0
0.45,-0.25,0.85,0.5,210,1
0.45,-0.25,0.85,0.5,120,0
0.45,-0.25,0.85,0.5,240,0
0.45,-0.25,0.85,0.6,0,1
0.45,-0.25,0.85,0.6,180,0
0.45,-0.25,0.85,0.6,90,0
0.45,-0.25,0.85,0.6,270,1
0.45,-0.25,0.85,0.6,30,1
0.45,-0.25,0.85,0.6,330,1
0.45,-0.25,0.85,0.6,60,0
0.45,-0.25,0.85,0.6,300,0
0.45,-0.25,0.85,0.6,150,0
0.45,-0.25,0.85,0.6,210,0
0.45,-0.25,0.85,0.6,120,0
0.45,-0.25,0.85,0.6,240,1
0.45,-0.25,0.9,0.4,0,1
0.45,-0.25,0.9,0.4,180,0
0.45,-0.25,0.9,0.4,90,0
0.45,-0.25,0.9,0.4,270,1
0.45,-0.25,0.9,0.4,30,1
0.45,-0.25,0.9,0.4,330,1
0.45,-0.25,0.9,0.4,60,1
0.45,-0.25,0.9,0.4,300,1
0.45,-0.25,0.9,0.4,150,0
0.45,-0.25,0.9,0.4,210,0
0.45,-0.25,0.9,0.4,120,0
0.45,-0.25,0.9,0.4,240,1
0.45,-0.25,0.9,0.5,0,1
0.45,-0.25,0.9,0.5,180,0
0.45,-0.25,0.9,0.5,90,0
0.45,-0.25,0.9,0.5,270,0
0.45,-0.25,0.9,0.5,30,1
0.45,-0.25,0.9,0.5,330,1
0.45,-0.25,0.9,0.5,60,0
0.45,-0.25,0.9,0.5,300,0
0.45,-0.25,0.9,0.5,150,0
0.45,-0.25,0.9,0.5,210,1
0.45,-0.25,0.9,0.5,120,0
0.45,-0.25,0.9,0.5,240,0
0.45,-0.25,0.9,0.6,0,1
0.45,-0.25,0.9,0.6,180,0
0.45,-0.25,0.9,0.6,90,0
0.45,-0.25,0.9,0.6,270,0
0.45,-0.25,0.9,0.6,30,1
0.45,-0.25,0.9,0.6,330,1
0.45,-0.25,0.9,0.6,60,0
0.45,-0.25,0.9,0.6,300,0
0.45,-0.25,0.9,0.6,150,0
0.45,-0.25,0.9,0.6,210,0
0.45,-0.25,0.9,0.6,120,0
0.45,-0.25,0.9,0.6,240,1
0.45,-0.25,0.95,0.4,0,1
0.45,-0.25,0.95,0.4,180,0
0.45,-0.25,0.95,0.4,90,0
0.45,-0.25,0.95,0.4,270,1
0.45,-0.25,0.95,0.4,30,1
0.45,-0.25,0.95,0.4,330,1
0.45,-0.25,0.95,0.4,60,1
0.45,-0.25,0.95,0.4,300,0
0.45,-0.25,0.95,0.4,150,0
0.45,-0.25,0.95,0.4,210,1
0.45,-0.25,0.95,0.4,120,0
0.45,-0.25,0.95,0.4,240,1
0.45,-0.25,0.95,0.5,0,1
0.45,-0.25,0.95,0.5,180,0
0.45,-0.25,0.95,0.5,90,0
0.45,-0.25,0.95,0.5,270,0
0.45,-0.25,0.95,0.5,30,1
0.45,-0.25,0.95,0.5,330,1
0.45,-0.25,0.95,0.5,60,0
0.45,-0.25,0.95,0.5,300,0
0.45,-0.25,0.95,0.5,150,0
0.45,-0.25,0.95,0.5,210,0
0.45,-0.25,0.95,0.5,120,0
0.45,-0.25,0.95,0.5,240,1
0.45,-0.25,0.95,0.6,0,1
0.45,-0.25,0.95,0.6,180,0
0.45,-0.25,0.95,0.6,90,0
0.45,-0.25,0.95,0.6,270,1
0.45,-0.25,0.95,0.6,30,1
0.45,-0.25,0.95,0.6,330,0
0.45,-0.25,0.95,0.6,60,0
0.45,-0.25,0.95,0.6,300,0
0.45,-0.25,0.95,0.6,150,0
0.45,-0.25,0.95,0.6,210,0
0.45,-0.25,0.95,0.6,120,0
0.45,-0.25,1.0,0.4,0,1
0.45,-0.25,1.0,0.4,180,0
0.45,-0.25,1.0,0.4,90,0
0.45,-0.25,1.0,0.4,270,1
0.45,-0.25,1.0,0.4,30,1
0.45,-0.25,1.0,0.4,330,1
0.45,-0.25,1.0,0.4,60,1
0.45,-0.25,1.0,0.4,300,1
0.45,-0.25,1.0,0.4,150,0
0.45,-0.25,1.0,0.4,210,1
0.45,-0.25,1.0,0.4,120,0
0.45,-0.25,1.0,0.4,240,1
0.45,-0.25,1.0,0.5,0,1
0.45,-0.25,1.0,0.5,180,0
0.45,-0.25,1.0,0.5,90,0
0.45,-0.25,1.0,0.5,270,1
0.45,-0.25,1.0,0.5,30,1
0.45,-0.25,1.0,0.5,330,1
0.45,-0.25,1.0,0.5,60,0
0.45,-0.25,1.0,0.5,300,0
0.45,-0.25,1.0,0.5,150,0
0.45,-0.25,1.0,0.5,210,0
0.45,-0.25,1.0,0.5,120,0
0.45,-0.25,1.0,0.5,240,1
0.45,-0.25,1.0,0.6,0,1
0.45,-0.25,1.0,0.6,180,0
0.45,-0.25,1.0,0.6,90,0
0.45,-0.25,1.0,0.6,270,0
0.45,-0.25,1.0,0.6,30,1
0.45,-0.25,1.0,0.6,330,1
0.45,-0.25,1.0,0.6,60,0
0.45,-0.25,1.0,0.6,300,0
0.45,-0.25,1.0,0.6,150,0
0.45,-0.25,1.0,0.6,210,0
0.45,-0.25,1.0,0.6,120,0
0.45,-0.25,1.0,0.6,240,0
0.45,-0.2,0.65,0.4,0,1
0.45,-0.2,0.65,0.4,180,1
0.45,-0.2,0.65,0.4,90,0
0.45,-0.2,0.65,0.4,270,1
0.45,-0.2,0.65,0.4,30,1
0.45,-0.2,0.65,0.4,330,1
0.45,-0.2,0.65,0.4,60,1
0.45,-0.2,0.65,0.4,300,0
0.45,-0.2,0.65,0.4,150,0
0.45,-0.2,0.65,0.4,210,1
0.45,-0.2,0.65,0.4,120,0
0.45,-0.2,0.65,0.4,240,1
0.45,-0.2,0.65,0.5,0,1
0.45,-0.2,0.65,0.5,180,0
0.45,-0.2,0.65,0.5,90,0
0.45,-0.2,0.65,0.5,270,0
0.45,-0.2,0.65,0.5,30,1
0.45,-0.2,0.65,0.5,330,1
0.45,-0.2,0.65,0.5,60,1
0.45,-0.2,0.65,0.5,300,0
0.45,-0.2,0.65,0.5,150,0
0.45,-0.2,0.65,0.5,210,1
0.45,-0.2,0.65,0.5,120,0
0.45,-0.2,0.65,0.5,240,1
0.45,-0.2,0.65,0.6,0,1
0.45,-0.2,0.65,0.6,180,0
0.45,-0.2,0.65,0.6,90,0
0.45,-0.2,0.65,0.6,270,1
0.45,-0.2,0.65,0.6,30,1
0.45,-0.2,0.65,0.6,330,1
0.45,-0.2,0.65,0.6,60,0
0.45,-0.2,0.65,0.6,300,0
0.45,-0.2,0.65,0.6,150,0
0.45,-0.2,0.65,0.6,210,1
0.45,-0.2,0.65,0.6,120,0
0.45,-0.2,0.65,0.6,240,1
0.45,-0.2,0.7,0.4,0,1
0.45,-0.2,0.7,0.4,180,0
0.45,-0.2,0.7,0.4,90,0
0.45,-0.2,0.7,0.4,270,1
0.45,-0.2,0.7,0.4,30,1
0.45,-0.2,0.7,0.4,330,1
0.45,-0.2,0.7,0.4,60,1
0.45,-0.2,0.7,0.4,300,0
0.45,-0.2,0.7,0.4,150,0
0.45,-0.2,0.7,0.4,210,1
0.45,-0.2,0.7,0.4,120,0
0.45,-0.2,0.7,0.4,240,1
0.45,-0.2,0.7,0.5,0,1
0.45,-0.2,0.7,0.5,180,0
0.45,-0.2,0.7,0.5,90,0
0.45,-0.2,0.7,0.5,270,1
0.45,-0.2,0.7,0.5,30,1
0.45,-0.2,0.7,0.5,330,0
0.45,-0.2,0.7,0.5,60,1
0.45,-0.2,0.7,0.5,300,0
0.45,-0.2,0.7,0.5,150,0
0.45,-0.2,0.7,0.5,210,1
0.45,-0.2,0.7,0.5,120,0
0.45,-0.2,0.7,0.5,240,1
0.45,-0.2,0.7,0.6,0,1
0.45,-0.2,0.7,0.6,180,0
0.45,-0.2,0.7,0.6,90,0
0.45,-0.2,0.7,0.6,270,0
0.45,-0.2,0.7,0.6,30,1
0.45,-0.2,0.7,0.6,330,1
0.45,-0.2,0.7,0.6,60,0
0.45,-0.2,0.7,0.6,300,0
0.45,-0.2,0.7,0.6,150,0
0.45,-0.2,0.7,0.6,210,1
0.45,-0.2,0.7,0.6,120,0
0.45,-0.2,0.7,0.6,240,1
0.45,-0.2,0.75,0.4,0,1
0.45,-0.2,0.75,0.4,180,1
0.45,-0.2,0.75,0.4,90,0
0.45,-0.2,0.75,0.4,270,1
0.45,-0.2,0.75,0.4,30,1
0.45,-0.2,0.75,0.4,330,0
0.45,-0.2,0.75,0.4,60,1
0.45,-0.2,0.75,0.4,300,0
0.45,-0.2,0.75,0.4,150,0
0.45,-0.2,0.75,0.4,210,1
0.45,-0.2,0.75,0.4,120,0
0.45,-0.2,0.75,0.4,240,0
0.45,-0.2,0.75,0.5,0,1
0.45,-0.2,0.75,0.5,180,0
0.45,-0.2,0.75,0.5,90,0
0.45,-0.2,0.75,0.5,270,1
0.45,-0.2,0.75,0.5,30,1
0.45,-0.2,0.75,0.5,330,1
0.45,-0.2,0.75,0.5,60,1
0.45,-0.2,0.75,0.5,300,0
0.45,-0.2,0.75,0.5,150,0
0.45,-0.2,0.75,0.5,210,1
0.45,-0.2,0.75,0.5,120,0
0.45,-0.2,0.75,0.5,240,1
0.45,-0.2,0.75,0.6,0,1
0.45,-0.2,0.75,0.6,180,0
0.45,-0.2,0.75,0.6,90,0
0.45,-0.2,0.75,0.6,270,0
0.45,-0.2,0.75,0.6,30,1
0.45,-0.2,0.75,0.6,330,1
0.45,-0.2,0.75,0.6,60,0
0.45,-0.2,0.75,0.6,300,0
0.45,-0.2,0.75,0.6,150,0
0.45,-0.2,0.75,0.6,210,1
0.45,-0.2,0.75,0.6,120,0
0.45,-0.2,0.75,0.6,240,1
0.45,-0.2,0.8,0.4,0,1
0.45,-0.2,0.8,0.4,180,1
0.45,-0.2,0.8,0.4,90,0
0.45,-0.2,0.8,0.4,270,0
0.45,-0.2,0.8,0.4,30,1
0.45,-0.2,0.8,0.4,330,0
0.45,-0.2,0.8,0.4,60,1
0.45,-0.2,0.8,0.4,300,0
0.45,-0.2,0.8,0.4,150,0
0.45,-0.2,0.8,0.4,210,1
0.45,-0.2,0.8,0.4,120,0
0.45,-0.2,0.8,0.4,240,0
0.45,-0.2,0.8,0.5,0,1
0.45,-0.2,0.8,0.5,180,0
0.45,-0.2,0.8,0.5,90,0
0.45,-0.2,0.8,0.5,270,1
0.45,-0.2,0.8,0.5,30,1
0.45,-0.2,0.8,0.5,330,0
0.45,-0.2,0.8,0.5,60,1
0.45,-0.2,0.8,0.5,300,0
0.45,-0.2,0.8,0.5,150,0
0.45,-0.2,0.8,0.5,210,1
0.45,-0.2,0.8,0.5,120,0
0.45,-0.2,0.8,0.5,240,0
0.45,-0.2,0.8,0.6,0,1
0.45,-0.2,0.8,0.6,180,0
0.45,-0.2,0.8,0.6,90,0
0.45,-0.2,0.8,0.6,270,1
0.45,-0.2,0.8,0.6,30,1
0.45,-0.2,0.8,0.6,330,1
0.45,-0.2,0.8,0.6,60,0
0.45,-0.2,0.8,0.6,300,0
0.45,-0.2,0.8,0.6,150,0
0.45,-0.2,0.8,0.6,210,1
0.45,-0.2,0.8,0.6,120,0
0.45,-0.2,0.8,0.6,240,1
0.45,-0.2,0.85,0.4,0,1
0.45,-0.2,0.85,0.4,180,1
0.45,-0.2,0.85,0.4,90,0
0.45,-0.2,0.85,0.4,270,0
0.45,-0.2,0.85,0.4,30,1
0.45,-0.2,0.85,0.4,330,1
0.45,-0.2,0.85,0.4,60,1
0.45,-0.2,0.85,0.4,300,0
0.45,-0.2,0.85,0.4,150,0
0.45,-0.2,0.85,0.4,210,1
0.45,-0.2,0.85,0.4,120,0
0.45,-0.2,0.85,0.4,240,0
0.45,-0.2,0.85,0.5,0,1
0.45,-0.2,0.85,0.5,180,0
0.45,-0.2,0.85,0.5,90,0
0.45,-0.2,0.85,0.5,270,0
0.45,-0.2,0.85,0.5,30,1
0.45,-0.2,0.85,0.5,330,0
0.45,-0.2,0.85,0.5,60,1
0.45,-0.2,0.85,0.5,300,0
0.45,-0.2,0.85,0.5,150,0
0.45,-0.2,0.85,0.5,210,1
0.45,-0.2,0.85,0.5,120,0
0.45,-0.2,0.85,0.5,240,0
0.45,-0.2,0.85,0.6,0,1
0.45,-0.2,0.85,0.6,180,0
0.45,-0.2,0.85,0.6,90,0
0.45,-0.2,0.85,0.6,270,0
0.45,-0.2,0.85,0.6,30,1
0.45,-0.2,0.85,0.6,330,1
0.45,-0.2,0.85,0.6,60,0
0.45,-0.2,0.85,0.6,300,0
0.45,-0.2,0.85,0.6,150,0
0.45,-0.2,0.85,0.6,210,0
0.45,-0.2,0.85,0.6,120,0
0.45,-0.2,0.85,0.6,240,1
0.45,-0.2,0.9,0.4,0,1
0.45,-0.2,0.9,0.4,180,0
0.45,-0.2,0.9,0.4,90,0
0.45,-0.2,0.9,0.4,270,1
0.45,-0.2,0.9,0.4,30,1
0.45,-0.2,0.9,0.4,330,1
0.45,-0.2,0.9,0.4,60,1
0.45,-0.2,0.9,0.4,300,0
0.45,-0.2,0.9,0.4,150,0
0.45,-0.2,0.9,0.4,210,1
0.45,-0.2,0.9,0.4,120,0
0.45,-0.2,0.9,0.4,240,1
0.45,-0.2,0.9,0.5,0,1
0.45,-0.2,0.9,0.5,180,0
0.45,-0.2,0.9,0.5,90,0
0.45,-0.2,0.9,0.5,270,1
0.45,-0.2,0.9,0.5,30,1
0.45,-0.2,0.9,0.5,330,1
0.45,-0.2,0.9,0.5,60,0
0.45,-0.2,0.9,0.5,300,0
0.45,-0.2,0.9,0.5,150,0
0.45,-0.2,0.9,0.5,210,1
0.45,-0.2,0.9,0.5,120,0
0.45,-0.2,0.9,0.5,240,0
0.45,-0.2,0.9,0.6,0,1
0.45,-0.2,0.9,0.6,180,0
0.45,-0.2,0.9,0.6,90,0
0.45,-0.2,0.9,0.6,270,1
0.45,-0.2,0.9,0.6,30,1
0.45,-0.2,0.9,0.6,330,1
0.45,-0.2,0.9,0.6,60,0
0.45,-0.2,0.9,0.6,300,0
0.45,-0.2,0.9,0.6,150,0
0.45,-0.2,0.9,0.6,210,0
0.45,-0.2,0.9,0.6,120,0
0.45,-0.2,0.9,0.6,240,1
0.45,-0.2,0.95,0.4,0,1
0.45,-0.2,0.95,0.4,180,0
0.45,-0.2,0.95,0.4,90,0
0.45,-0.2,0.95,0.4,270,1
0.45,-0.2,0.95,0.4,30,1
0.45,-0.2,0.95,0.4,330,1
0.45,-0.2,0.95,0.4,60,1
0.45,-0.2,0.95,0.4,300,0
0.45,-0.2,0.95,0.4,150,0
0.45,-0.2,0.95,0.4,210,1
0.45,-0.2,0.95,0.4,120,0
0.45,-0.2,0.95,0.4,240,1
0.45,-0.2,0.95,0.5,0,1
0.45,-0.2,0.95,0.5,180,0
0.45,-0.2,0.95,0.5,90,0
0.45,-0.2,0.95,0.5,270,1
0.45,-0.2,0.95,0.5,30,1
0.45,-0.2,0.95,0.5,330,0
0.45,-0.2,0.95,0.5,60,0
0.45,-0.2,0.95,0.5,300,0
0.45,-0.2,0.95,0.5,150,0
0.45,-0.2,0.95,0.5,210,1
0.45,-0.2,0.95,0.5,120,0
0.45,-0.2,0.95,0.5,240,1
0.45,-0.2,0.95,0.6,0,1
0.45,-0.2,0.95,0.6,180,0
0.45,-0.2,0.95,0.6,90,0
0.45,-0.2,0.95,0.6,270,1
0.45,-0.2,0.95,0.6,30,1
0.45,-0.2,0.95,0.6,330,1
0.45,-0.2,0.95,0.6,60,0
0.45,-0.2,0.95,0.6,300,0
0.45,-0.2,0.95,0.6,150,0
0.45,-0.2,0.95,0.6,210,0
0.45,-0.2,0.95,0.6,120,0
0.45,-0.2,0.95,0.6,240,1
0.45,-0.2,1.0,0.4,0,1
0.45,-0.2,1.0,0.4,180,0
0.45,-0.2,1.0,0.4,90,0
0.45,-0.2,1.0,0.4,270,0
0.45,-0.2,1.0,0.4,30,1
0.45,-0.2,1.0,0.4,330,1
0.45,-0.2,1.0,0.4,60,1
0.45,-0.2,1.0,0.4,300,0
0.45,-0.2,1.0,0.4,150,0
0.45,-0.2,1.0,0.4,210,1
0.45,-0.2,1.0,0.4,120,0
0.45,-0.2,1.0,0.4,240,1
0.45,-0.2,1.0,0.5,0,1
0.45,-0.2,1.0,0.5,180,0
0.45,-0.2,1.0,0.5,90,0
0.45,-0.2,1.0,0.5,270,1
0.45,-0.2,1.0,0.5,30,1
0.45,-0.2,1.0,0.5,330,1
0.45,-0.2,1.0,0.5,60,0
0.45,-0.2,1.0,0.5,300,0
0.45,-0.2,1.0,0.5,150,0
0.45,-0.2,1.0,0.5,210,0
0.45,-0.2,1.0,0.5,120,0
0.45,-0.2,1.0,0.5,240,0
0.45,-0.2,1.0,0.6,0,1
0.45,-0.2,1.0,0.6,180,0
0.45,-0.2,1.0,0.6,90,0
0.45,-0.2,1.0,0.6,270,0
0.45,-0.2,1.0,0.6,30,1
0.45,-0.2,1.0,0.6,330,1
0.45,-0.2,1.0,0.6,60,0
0.45,-0.2,1.0,0.6,300,0
0.45,-0.2,1.0,0.6,150,0
0.45,-0.2,1.0,0.6,210,0
0.45,-0.2,1.0,0.6,120,0
0.45,-0.2,1.0,0.6,240,1
0.45,-0.15,0.65,0.4,0,1
0.45,-0.15,0.65,0.4,180,1
0.45,-0.15,0.65,0.4,90,0
0.45,-0.15,0.65,0.4,270,1
0.45,-0.15,0.65,0.4,30,1
0.45,-0.15,0.65,0.4,330,1
0.45,-0.15,0.65,0.4,60,1
0.45,-0.15,0.65,0.4,300,0
0.45,-0.15,0.65,0.4,150,0
0.45,-0.15,0.65,0.4,210,0
0.45,-0.15,0.65,0.4,120,1
0.45,-0.15,0.65,0.4,240,1
0.45,-0.15,0.65,0.5,0,1
0.45,-0.15,0.65,0.5,180,0
0.45,-0.15,0.65,0.5,90,0
0.45,-0.15,0.65,0.5,270,1
0.45,-0.15,0.65,0.5,30,1
0.45,-0.15,0.65,0.5,330,0
0.45,-0.15,0.65,0.5,60,1
0.45,-0.15,0.65,0.5,300,0
0.45,-0.15,0.65,0.5,150,0
0.45,-0.15,0.65,0.5,210,1
0.45,-0.15,0.65,0.5,120,0
0.45,-0.15,0.65,0.5,240,1
0.45,-0.15,0.65,0.6,0,1
0.45,-0.15,0.65,0.6,180,0
0.45,-0.15,0.65,0.6,90,0
0.45,-0.15,0.65,0.6,270,1
0.45,-0.15,0.65,0.6,30,1
0.45,-0.15,0.65,0.6,330,1
0.45,-0.15,0.65,0.6,60,0
0.45,-0.15,0.65,0.6,300,1
0.45,-0.15,0.65,0.6,150,0
0.45,-0.15,0.65,0.6,210,1
0.45,-0.15,0.65,0.6,120,0
0.45,-0.15,0.65,0.6,240,1
0.45,-0.15,0.7,0.4,0,1
0.45,-0.15,0.7,0.4,180,1
0.45,-0.15,0.7,0.4,90,0
0.45,-0.15,0.7,0.4,270,1
0.45,-0.15,0.7,0.4,30,1
0.45,-0.15,0.7,0.4,330,1
0.45,-0.15,0.7,0.4,60,1
0.45,-0.15,0.7,0.4,300,0
0.45,-0.15,0.7,0.4,150,0
0.45,-0.15,0.7,0.4,210,1
0.45,-0.15,0.7,0.4,120,1
0.45,-0.15,0.7,0.4,240,1
0.45,-0.15,0.7,0.5,0,1
0.45,-0.15,0.7,0.5,180,0
0.45,-0.15,0.7,0.5,90,0
0.45,-0.15,0.7,0.5,270,1
0.45,-0.15,0.7,0.5,30,1
0.45,-0.15,0.7,0.5,330,1
0.45,-0.15,0.7,0.5,60,1
0.45,-0.15,0.7,0.5,300,0
0.45,-0.15,0.7,0.5,150,0
0.45,-0.15,0.7,0.5,210,1
0.45,-0.15,0.7,0.5,120,0
0.45,-0.15,0.7,0.5,240,1
0.45,-0.15,0.7,0.6,0,1
0.45,-0.15,0.7,0.6,180,0
0.45,-0.15,0.7,0.6,90,0
0.45,-0.15,0.7,0.6,270,1
0.45,-0.15,0.7,0.6,30,1
0.45,-0.15,0.7,0.6,330,0
0.45,-0.15,0.7,0.6,60,0
0.45,-0.15,0.7,0.6,300,0
0.45,-0.15,0.7,0.6,150,0
0.45,-0.15,0.7,0.6,210,1
0.45,-0.15,0.7,0.6,120,0
0.45,-0.15,0.7,0.6,240,1
0.45,-0.15,0.75,0.4,0,1
0.45,-0.15,0.75,0.4,180,0
0.45,-0.15,0.75,0.4,90,0
0.45,-0.15,0.75,0.4,270,0
0.45,-0.15,0.75,0.4,30,1
0.45,-0.15,0.75,0.4,330,1
0.45,-0.15,0.75,0.4,60,1
0.45,-0.15,0.75,0.4,300,0
0.45,-0.15,0.75,0.4,150,0
0.45,-0.15,0.75,0.4,210,1
0.45,-0.15,0.75,0.4,120,1
0.45,-0.15,0.75,0.4,240,1
0.45,-0.15,0.75,0.5,0,1
0.45,-0.15,0.75,0.5,180,0
0.45,-0.15,0.75,0.5,90,0
0.45,-0.15,0.75,0.5,270,1
0.45,-0.15,0.75,0.5,30,1
0.45,-0.15,0.75,0.5,330,1
0.45,-0.15,0.75,0.5,60,1
0.45,-0.15,0.75,0.5,300,0
0.45,-0.15,0.75,0.5,150,0
0.45,-0.15,0.75,0.5,210,1
0.45,-0.15,0.75,0.5,120,0
0.45,-0.15,0.75,0.5,240,1
0.45,-0.15,0.75,0.6,0,1
0.45,-0.15,0.75,0.6,180,0
0.45,-0.15,0.75,0.6,90,0
0.45,-0.15,0.75,0.6,270,1
0.45,-0.15,0.75,0.6,30,1
0.45,-0.15,0.75,0.6,330,0
0.45,-0.15,0.75,0.6,60,0
0.45,-0.15,0.75,0.6,300,1
0.45,-0.15,0.75,0.6,150,0
0.45,-0.15,0.75,0.6,210,1
0.45,-0.15,0.75,0.6,120,0
0.45,-0.15,0.75,0.6,240,1
0.45,-0.15,0.8,0.4,0,1
0.45,-0.15,0.8,0.4,180,0
0.45,-0.15,0.8,0.4,90,0
0.45,-0.15,0.8,0.4,270,0
0.45,-0.15,0.8,0.4,30,1
0.45,-0.15,0.8,0.4,330,1
0.45,-0.15,0.8,0.4,60,1
0.45,-0.15,0.8,0.4,300,0
0.45,-0.15,0.8,0.4,150,0
0.45,-0.15,0.8,0.4,210,1
0.45,-0.15,0.8,0.4,120,0
0.45,-0.15,0.8,0.4,240,1
0.45,-0.15,0.8,0.5,0,1
0.45,-0.15,0.8,0.5,180,0
0.45,-0.15,0.8,0.5,90,0
0.45,-0.15,0.8,0.5,270,1
0.45,-0.15,0.8,0.5,30,1
0.45,-0.15,0.8,0.5,330,1
0.45,-0.15,0.8,0.5,60,1
0.45,-0.15,0.8,0.5,300,0
0.45,-0.15,0.8,0.5,150,0
0.45,-0.15,0.8,0.5,210,1
0.45,-0.15,0.8,0.5,120,0
0.45,-0.15,0.8,0.5,240,0
0.45,-0.15,0.8,0.6,0,1
0.45,-0.15,0.8,0.6,180,0
0.45,-0.15,0.8,0.6,90,0
0.45,-0.15,0.8,0.6,270,1
0.45,-0.15,0.8,0.6,30,1
0.45,-0.15,0.8,0.6,330,1
0.45,-0.15,0.8,0.6,60,0
0.45,-0.15,0.8,0.6,300,1
0.45,-0.15,0.8,0.6,150,0
0.45,-0.15,0.8,0.6,210,0
0.45,-0.15,0.8,0.6,120,0
0.45,-0.15,0.8,0.6,240,1
0.45,-0.15,0.85,0.4,0,1
0.45,-0.15,0.85,0.4,180,1
0.45,-0.15,0.85,0.4,90,0
0.45,-0.15,0.85,0.4,270,1
0.45,-0.15,0.85,0.4,30,1
0.45,-0.15,0.85,0.4,330,1
0.45,-0.15,0.85,0.4,60,1
0.45,-0.15,0.85,0.4,300,0
0.45,-0.15,0.85,0.4,150,0
0.45,-0.15,0.85,0.4,210,1
0.45,-0.15,0.85,0.4,120,0
0.45,-0.15,0.85,0.4,240,1
0.45,-0.15,0.85,0.5,0,1
0.45,-0.15,0.85,0.5,180,0
0.45,-0.15,0.85,0.5,90,0
0.45,-0.15,0.85,0.5,270,0
0.45,-0.15,0.85,0.5,30,1
0.45,-0.15,0.85,0.5,330,1
0.45,-0.15,0.85,0.5,60,1
0.45,-0.15,0.85,0.5,300,0
0.45,-0.15,0.85,0.5,150,0
0.45,-0.15,0.85,0.5,210,1
0.45,-0.15,0.85,0.5,120,0
0.45,-0.15,0.85,0.5,240,1
0.45,-0.15,0.85,0.6,0,1
0.45,-0.15,0.85,0.6,180,0
0.45,-0.15,0.85,0.6,90,0
0.45,-0.15,0.85,0.6,270,1
0.45,-0.15,0.85,0.6,30,1
0.45,-0.15,0.85,0.6,330,1
0.45,-0.15,0.85,0.6,60,0
0.45,-0.15,0.85,0.6,300,0
0.45,-0.15,0.85,0.6,150,0
0.45,-0.15,0.85,0.6,210,0
0.45,-0.15,0.85,0.6,120,0
0.45,-0.15,0.85,0.6,240,1
0.45,-0.15,0.9,0.4,0,1
0.45,-0.15,0.9,0.4,180,0
0.45,-0.15,0.9,0.4,90,0
0.45,-0.15,0.9,0.4,270,0
0.45,-0.15,0.9,0.4,30,1
0.45,-0.15,0.9,0.4,330,1
0.45,-0.15,0.9,0.4,60,1
0.45,-0.15,0.9,0.4,300,0
0.45,-0.15,0.9,0.4,150,0
0.45,-0.15,0.9,0.4,210,1
0.45,-0.15,0.9,0.4,120,0
0.45,-0.15,0.9,0.4,240,1
0.45,-0.15,0.9,0.5,0,1
0.45,-0.15,0.9,0.5,180,0
0.45,-0.15,0.9,0.5,90,0
0.45,-0.15,0.9,0.5,270,0
0.45,-0.15,0.9,0.5,30,1
0.45,-0.15,0.9,0.5,330,1
0.45,-0.15,0.9,0.5,60,0
0.45,-0.15,0.9,0.5,300,0
0.45,-0.15,0.9,0.5,150,0
0.45,-0.15,0.9,0.5,210,1
0.45,-0.15,0.9,0.5,120,0
0.45,-0.15,0.9,0.5,240,0
0.45,-0.15,0.9,0.6,0,1
0.45,-0.15,0.9,0.6,180,0
0.45,-0.15,0.9,0.6,90,0
0.45,-0.15,0.9,0.6,270,0
0.45,-0.15,0.9,0.6,30,1
0.45,-0.15,0.9,0.6,330,1
0.45,-0.15,0.9,0.6,60,0
0.45,-0.15,0.9,0.6,300,0
0.45,-0.15,0.9,0.6,150,0
0.45,-0.15,0.9,0.6,210,1
0.45,-0.15,0.9,0.6,120,0
0.45,-0.15,0.9,0.6,240,1
0.45,-0.15,0.95,0.4,0,1
0.45,-0.15,0.95,0.4,180,1
0.45,-0.15,0.95,0.4,90,0
0.45,-0.15,0.95,0.4,270,1
0.45,-0.15,0.95,0.4,30,1
0.45,-0.15,0.95,0.4,330,1
0.45,-0.15,0.95,0.4,60,1
0.45,-0.15,0.95,0.4,300,0
0.45,-0.15,0.95,0.4,150,0
0.45,-0.15,0.95,0.4,210,0
0.45,-0.15,0.95,0.4,120,0
0.45,-0.15,0.95,0.4,240,1
0.45,-0.15,0.95,0.5,0,1
0.45,-0.15,0.95,0.5,180,0
0.45,-0.15,0.95,0.5,90,0
0.45,-0.15,0.95,0.5,270,1
0.45,-0.15,0.95,0.5,30,1
0.45,-0.15,0.95,0.5,330,1
0.45,-0.15,0.95,0.5,60,0
0.45,-0.15,0.95,0.5,300,0
0.45,-0.15,0.95,0.5,150,0
0.45,-0.15,0.95,0.5,210,0
0.45,-0.15,0.95,0.5,120,0
0.45,-0.15,0.95,0.5,240,1
0.45,-0.15,0.95,0.6,0,1
0.45,-0.15,0.95,0.6,180,0
0.45,-0.15,0.95,0.6,90,0
0.45,-0.15,0.95,0.6,270,0
0.45,-0.15,0.95,0.6,30,1
0.45,-0.15,0.95,0.6,330,1
0.45,-0.15,0.95,0.6,60,0
0.45,-0.15,0.95,0.6,300,0
0.45,-0.15,0.95,0.6,150,0
0.45,-0.15,0.95,0.6,210,1
0.45,-0.15,0.95,0.6,120,0
0.45,-0.15,0.95,0.6,240,1
0.45,-0.15,1.0,0.4,0,1
0.45,-0.15,1.0,0.4,180,0
0.45,-0.15,1.0,0.4,90,0
0.45,-0.15,1.0,0.4,270,1
0.45,-0.15,1.0,0.4,30,1
0.45,-0.15,1.0,0.4,330,1
0.45,-0.15,1.0,0.4,60,1
0.45,-0.15,1.0,0.4,300,0
0.45,-0.15,1.0,0.4,150,0
0.45,-0.15,1.0,0.4,210,1
0.45,-0.15,1.0,0.4,120,0
0.45,-0.15,1.0,0.4,240,1
0.45,-0.15,1.0,0.5,0,1
0.45,-0.15,1.0,0.5,180,0
0.45,-0.15,1.0,0.5,90,0
0.45,-0.15,1.0,0.5,270,0
0.45,-0.15,1.0,0.5,30,1
0.45,-0.15,1.0,0.5,330,1
0.45,-0.15,1.0,0.5,60,0
0.45,-0.15,1.0,0.5,300,0
0.45,-0.15,1.0,0.5,150,0
0.45,-0.15,1.0,0.5,210,0
0.45,-0.15,1.0,0.5,120,0
0.45,-0.15,1.0,0.5,240,0
0.45,-0.15,1.0,0.6,0,1
0.45,-0.15,1.0,0.6,180,0
0.45,-0.15,1.0,0.6,90,0
0.45,-0.15,1.0,0.6,270,0
0.45,-0.15,1.0,0.6,30,0
0.45,-0.15,1.0,0.6,330,1
0.45,-0.15,1.0,0.6,60,0
0.45,-0.15,1.0,0.6,300,0
0.45,-0.15,1.0,0.6,150,0
0.45,-0.15,1.0,0.6,210,1
0.45,-0.15,1.0,0.6,120,0
0.45,-0.15,1.0,0.6,240,1
0.45,-0.1,0.65,0.4,0,1
0.45,-0.1,0.65,0.4,180,1
0.45,-0.1,0.65,0.4,90,0
0.45,-0.1,0.65,0.4,270,0
0.45,-0.1,0.65,0.4,30,1
0.45,-0.1,0.65,0.4,330,1
0.45,-0.1,0.65,0.4,60,1
0.45,-0.1,0.65,0.4,300,0
0.45,-0.1,0.65,0.4,150,1
0.45,-0.1,0.65,0.4,210,0
0.45,-0.1,0.65,0.4,120,1
0.45,-0.1,0.65,0.4,240,1
0.45,-0.1,0.65,0.5,0,1
0.45,-0.1,0.65,0.5,180,0
0.45,-0.1,0.65,0.5,90,0
0.45,-0.1,0.65,0.5,270,1
0.45,-0.1,0.65,0.5,30,1
0.45,-0.1,0.65,0.5,330,0
0.45,-0.1,0.65,0.5,60,1
0.45,-0.1,0.65,0.5,300,0
0.45,-0.1,0.65,0.5,150,0
0.45,-0.1,0.65,0.5,210,1
0.45,-0.1,0.65,0.5,120,0
0.45,-0.1,0.65,0.5,240,1
0.45,-0.1,0.65,0.6,0,1
0.45,-0.1,0.65,0.6,180,0
0.45,-0.1,0.65,0.6,90,0
0.45,-0.1,0.65,0.6,270,1
0.45,-0.1,0.65,0.6,30,1
0.45,-0.1,0.65,0.6,330,1
0.45,-0.1,0.65,0.6,60,0
0.45,-0.1,0.65,0.6,300,1
0.45,-0.1,0.65,0.6,150,0
0.45,-0.1,0.65,0.6,210,1
0.45,-0.1,0.65,0.6,120,0
0.45,-0.1,0.65,0.6,240,1
0.45,-0.1,0.7,0.4,0,1
0.45,-0.1,0.7,0.4,180,0
0.45,-0.1,0.7,0.4,90,0
0.45,-0.1,0.7,0.4,270,0
0.45,-0.1,0.7,0.4,30,1
0.45,-0.1,0.7,0.4,330,0
0.45,-0.1,0.7,0.4,60,1
0.45,-0.1,0.7,0.4,300,0
0.45,-0.1,0.7,0.4,150,1
0.45,-0.1,0.7,0.4,210,1
0.45,-0.1,0.7,0.4,120,1
0.45,-0.1,0.7,0.4,240,1
0.45,-0.1,0.7,0.5,0,1
0.45,-0.1,0.7,0.5,180,1
0.45,-0.1,0.7,0.5,90,0
0.45,-0.1,0.7,0.5,270,1
0.45,-0.1,0.7,0.5,30,1
0.45,-0.1,0.7,0.5,330,1
0.45,-0.1,0.7,0.5,60,1
0.45,-0.1,0.7,0.5,300,0
0.45,-0.1,0.7,0.5,150,0
0.45,-0.1,0.7,0.5,210,1
0.45,-0.1,0.7,0.5,120,0
0.45,-0.1,0.7,0.5,240,1
0.45,-0.1,0.7,0.6,0,1
0.45,-0.1,0.7,0.6,180,0
0.45,-0.1,0.7,0.6,90,0
0.45,-0.1,0.7,0.6,270,0
0.45,-0.1,0.7,0.6,30,1
0.45,-0.1,0.7,0.6,330,1
0.45,-0.1,0.7,0.6,60,0
0.45,-0.1,0.7,0.6,300,1
0.45,-0.1,0.7,0.6,150,0
0.45,-0.1,0.7,0.6,210,1
0.45,-0.1,0.7,0.6,120,0
0.45,-0.1,0.7,0.6,240,1
0.45,-0.1,0.75,0.4,0,1
0.45,-0.1,0.75,0.4,180,1
0.45,-0.1,0.75,0.4,90,0
0.45,-0.1,0.75,0.4,270,0
0.45,-0.1,0.75,0.4,30,1
0.45,-0.1,0.75,0.4,330,0
0.45,-0.1,0.75,0.4,60,1
0.45,-0.1,0.75,0.4,300,0
0.45,-0.1,0.75,0.4,150,1
0.45,-0.1,0.75,0.4,210,1
0.45,-0.1,0.75,0.4,120,1
0.45,-0.1,0.75,0.4,240,1
0.45,-0.1,0.75,0.5,0,1
0.45,-0.1,0.75,0.5,180,1
0.45,-0.1,0.75,0.5,90,0
0.45,-0.1,0.75,0.5,270,0
0.45,-0.1,0.75,0.5,30,1
0.45,-0.1,0.75,0.5,330,1
0.45,-0.1,0.75,0.5,60,1
0.45,-0.1,0.75,0.5,300,0
0.45,-0.1,0.75,0.5,150,0
0.45,-0.1,0.75,0.5,210,0
0.45,-0.1,0.75,0.5,120,0
0.45,-0.1,0.75,0.5,240,1
0.45,-0.1,0.75,0.6,0,1
0.45,-0.1,0.75,0.6,180,0
0.45,-0.1,0.75,0.6,90,0
0.45,-0.1,0.75,0.6,270,1
0.45,-0.1,0.75,0.6,30,1
0.45,-0.1,0.75,0.6,330,1
0.45,-0.1,0.75,0.6,60,0
0.45,-0.1,0.75,0.6,300,1
0.45,-0.1,0.75,0.6,150,0
0.45,-0.1,0.75,0.6,210,1
0.45,-0.1,0.75,0.6,120,0
0.45,-0.1,0.75,0.6,240,1
0.45,-0.1,0.8,0.4,0,1
0.45,-0.1,0.8,0.4,180,1
0.45,-0.1,0.8,0.4,90,0
0.45,-0.1,0.8,0.4,270,1
0.45,-0.1,0.8,0.4,30,1
0.45,-0.1,0.8,0.4,330,1
0.45,-0.1,0.8,0.4,60,1
0.45,-0.1,0.8,0.4,300,0
0.45,-0.1,0.8,0.4,150,1
0.45,-0.1,0.8,0.4,210,1
0.45,-0.1,0.8,0.4,120,1
0.45,-0.1,0.8,0.4,240,0
0.45,-0.1,0.8,0.5,0,1
0.45,-0.1,0.8,0.5,180,0
0.45,-0.1,0.8,0.5,90,0
0.45,-0.1,0.8,0.5,270,1
0.45,-0.1,0.8,0.5,30,1
0.45,-0.1,0.8,0.5,330,0
0.45,-0.1,0.8,0.5,60,1
0.45,-0.1,0.8,0.5,300,0
0.45,-0.1,0.8,0.5,150,0
0.45,-0.1,0.8,0.5,210,1
0.45,-0.1,0.8,0.5,120,0
0.45,-0.1,0.8,0.5,240,1
0.45,-0.1,0.8,0.6,0,1
0.45,-0.1,0.8,0.6,180,0
0.45,-0.1,0.8,0.6,90,0
0.45,-0.1,0.8,0.6,270,1
0.45,-0.1,0.8,0.6,30,1
0.45,-0.1,0.8,0.6,330,1
0.45,-0.1,0.8,0.6,60,0
0.45,-0.1,0.8,0.6,300,1
0.45,-0.1,0.8,0.6,150,0
0.45,-0.1,0.8,0.6,210,0
0.45,-0.1,0.8,0.6,120,0
0.45,-0.1,0.8,0.6,240,1
0.45,-0.1,0.85,0.4,0,1
0.45,-0.1,0.85,0.4,180,1
0.45,-0.1,0.85,0.4,90,0
0.45,-0.1,0.85,0.4,270,1
0.45,-0.1,0.85,0.4,30,1
0.45,-0.1,0.85,0.4,330,1
0.45,-0.1,0.85,0.4,60,1
0.45,-0.1,0.85,0.4,300,0
0.45,-0.1,0.85,0.4,150,0
0.45,-0.1,0.85,0.4,210,0
0.45,-0.1,0.85,0.4,120,0
0.45,-0.1,0.85,0.4,240,0
0.45,-0.1,0.85,0.5,0,1
0.45,-0.1,0.85,0.5,180,1
0.45,-0.1,0.85,0.5,90,0
0.45,-0.1,0.85,0.5,270,1
0.45,-0.1,0.85,0.5,30,1
0.45,-0.1,0.85,0.5,330,1
0.45,-0.1,0.85,0.5,60,0
0.45,-0.1,0.85,0.5,300,0
0.45,-0.1,0.85,0.5,150,0
0.45,-0.1,0.85,0.5,210,1
0.45,-0.1,0.85,0.5,120,0
0.45,-0.1,0.85,0.5,240,1
0.45,-0.1,0.85,0.6,0,1
0.45,-0.1,0.85,0.6,180,0
0.45,-0.1,0.85,0.6,90,0
0.45,-0.1,0.85,0.6,270,1
0.45,-0.1,0.85,0.6,30,1
0.45,-0.1,0.85,0.6,330,1
0.45,-0.1,0.85,0.6,60,0
0.45,-0.1,0.85,0.6,300,1
0.45,-0.1,0.85,0.6,150,0
0.45,-0.1,0.85,0.6,210,1
0.45,-0.1,0.85,0.6,120,0
0.45,-0.1,0.85,0.6,240,1
0.45,-0.1,0.9,0.4,0,1
0.45,-0.1,0.9,0.4,180,1
0.45,-0.1,0.9,0.4,90,0
0.45,-0.1,0.9,0.4,270,1
0.45,-0.1,0.9,0.4,30,1
0.45,-0.1,0.9,0.4,330,1
0.45,-0.1,0.9,0.4,60,1
0.45,-0.1,0.9,0.4,300,0
0.45,-0.1,0.9,0.4,150,0
0.45,-0.1,0.9,0.4,210,1
0.45,-0.1,0.9,0.4,120,0
0.45,-0.1,0.9,0.4,240,1
0.45,-0.1,0.9,0.5,0,1
0.45,-0.1,0.9,0.5,180,0
0.45,-0.1,0.9,0.5,90,0
0.45,-0.1,0.9,0.5,270,1
0.45,-0.1,0.9,0.5,30,1
0.45,-0.1,0.9,0.5,330,1
0.45,-0.1,0.9,0.5,60,0
0.45,-0.1,0.9,0.5,300,0
0.45,-0.1,0.9,0.5,150,0
0.45,-0.1,0.9,0.5,210,0
0.45,-0.1,0.9,0.5,120,0
0.45,-0.1,0.9,0.5,240,1
0.45,-0.1,0.9,0.6,0,1
0.45,-0.1,0.9,0.6,180,0
0.45,-0.1,0.9,0.6,90,0
0.45,-0.1,0.9,0.6,270,1
0.45,-0.1,0.9,0.6,30,1
0.45,-0.1,0.9,0.6,330,1
0.45,-0.1,0.9,0.6,60,0
0.45,-0.1,0.9,0.6,300,1
0.45,-0.1,0.9,0.6,150,0
0.45,-0.1,0.9,0.6,210,1
0.45,-0.1,0.9,0.6,120,0
0.45,-0.1,0.9,0.6,240,1
0.45,-0.1,0.95,0.4,0,1
0.45,-0.1,0.95,0.4,180,1
0.45,-0.1,0.95,0.4,90,0
0.45,-0.1,0.95,0.4,270,0
0.45,-0.1,0.95,0.4,30,1
0.45,-0.1,0.95,0.4,330,1
0.45,-0.1,0.95,0.4,60,1
0.45,-0.1,0.95,0.4,300,0
0.45,-0.1,0.95,0.4,150,0
0.45,-0.1,0.95,0.4,210,0
0.45,-0.1,0.95,0.4,120,0
0.45,-0.1,0.95,0.4,240,0
0.45,-0.1,0.95,0.5,0,1
0.45,-0.1,0.95,0.5,180,0
0.45,-0.1,0.95,0.5,90,0
0.45,-0.1,0.95,0.5,270,0
0.45,-0.1,0.95,0.5,30,1
0.45,-0.1,0.95,0.5,330,1
0.45,-0.1,0.95,0.5,60,0
0.45,-0.1,0.95,0.5,300,0
0.45,-0.1,0.95,0.5,150,0
0.45,-0.1,0.95,0.5,210,1
0.45,-0.1,0.95,0.5,120,0
0.45,-0.1,0.95,0.5,240,0
0.45,-0.1,0.95,0.6,0,1
0.45,-0.1,0.95,0.6,180,0
0.45,-0.1,0.95,0.6,90,0
0.45,-0.1,0.95,0.6,270,1
0.45,-0.1,0.95,0.6,30,0
0.45,-0.1,0.95,0.6,330,1
0.45,-0.1,0.95,0.6,60,0
0.45,-0.1,0.95,0.6,300,1
0.45,-0.1,0.95,0.6,150,0
0.45,-0.1,0.95,0.6,210,1
0.45,-0.1,0.95,0.6,120,0
0.45,-0.1,0.95,0.6,240,1
0.45,-0.1,1.0,0.4,0,1
0.45,-0.1,1.0,0.4,180,1
0.45,-0.1,1.0,0.4,90,0
0.45,-0.1,1.0,0.4,270,0
0.45,-0.1,1.0,0.4,30,1
0.45,-0.1,1.0,0.4,330,1
0.45,-0.1,1.0,0.4,60,1
0.45,-0.1,1.0,0.4,300,0
0.45,-0.1,1.0,0.4,150,0
0.45,-0.1,1.0,0.4,210,0
0.45,-0.1,1.0,0.4,120,0
0.45,-0.1,1.0,0.4,240,0
0.45,-0.1,1.0,0.5,0,1
0.45,-0.1,1.0,0.5,180,0
0.45,-0.1,1.0,0.5,90,0
0.45,-0.1,1.0,0.5,270,1
0.45,-0.1,1.0,0.5,30,1
0.45,-0.1,1.0,0.5,330,1
0.45,-0.1,1.0,0.5,60,0
0.45,-0.1,1.0,0.5,300,0
0.45,-0.1,1.0,0.5,150,0
0.45,-0.1,1.0,0.5,210,0
0.45,-0.1,1.0,0.5,120,0
0.45,-0.1,1.0,0.5,240,1
0.45,-0.1,1.0,0.6,0,1
0.45,-0.1,1.0,0.6,180,0
0.45,-0.1,1.0,0.6,90,0
0.45,-0.1,1.0,0.6,270,1
0.45,-0.1,1.0,0.6,30,0
0.45,-0.1,1.0,0.6,330,1
0.45,-0.1,1.0,0.6,60,0
0.45,-0.1,1.0,0.6,300,0
0.45,-0.1,1.0,0.6,150,0
0.45,-0.1,1.0,0.6,210,0
0.45,-0.1,1.0,0.6,120,0
0.45,-0.1,1.0,0.6,240,1
0.5,-0.45,0.65,0.4,0,1
0.5,-0.45,0.65,0.4,180,0
0.5,-0.45,0.65,0.4,90,0
0.5,-0.45,0.65,0.4,270,0
0.5,-0.45,0.65,0.4,30,1
0.5,-0.45,0.65,0.4,330,1
0.5,-0.45,0.65,0.4,60,1
0.5,-0.45,0.65,0.4,300,1
0.5,-0.45,0.65,0.4,150,0
0.5,-0.45,0.65,0.4,210,0
0.5,-0.45,0.65,0.4,120,0
0.5,-0.45,0.65,0.4,240,1
0.5,-0.45,0.65,0.5,0,1
0.5,-0.45,0.65,0.5,180,0
0.5,-0.45,0.65,0.5,90,0
0.5,-0.45,0.65,0.5,270,1
0.5,-0.45,0.65,0.5,30,1
0.5,-0.45,0.65,0.5,330,1
0.5,-0.45,0.65,0.5,60,0
0.5,-0.45,0.65,0.5,300,1
0.5,-0.45,0.65,0.5,150,0
0.5,-0.45,0.65,0.5,210,0
0.5,-0.45,0.65,0.5,120,0
0.5,-0.45,0.65,0.5,240,1
0.5,-0.45,0.65,0.6,0,1
0.5,-0.45,0.65,0.6,180,0
0.5,-0.45,0.65,0.6,90,0
0.5,-0.45,0.65,0.6,270,1
0.5,-0.45,0.65,0.6,30,1
0.5,-0.45,0.65,0.6,330,0
0.5,-0.45,0.65,0.6,60,0
0.5,-0.45,0.65,0.6,300,1
0.5,-0.45,0.65,0.6,150,0
0.5,-0.45,0.65,0.6,210,0
0.5,-0.45,0.65,0.6,120,0
0.5,-0.45,0.65,0.6,240,0
0.5,-0.45,0.7,0.4,0,1
0.5,-0.45,0.7,0.4,180,0
0.5,-0.45,0.7,0.4,90,0
0.5,-0.45,0.7,0.4,270,0
0.5,-0.45,0.7,0.4,30,1
0.5,-0.45,0.7,0.4,330,1
0.5,-0.45,0.7,0.4,60,1
0.5,-0.45,0.7,0.4,300,1
0.5,-0.45,0.7,0.4,150,0
0.5,-0.45,0.7,0.4,210,0
0.5,-0.45,0.7,0.4,120,0
0.5,-0.45,0.7,0.4,240,1
0.5,-0.45,0.7,0.5,0,1
0.5,-0.45,0.7,0.5,180,0
0.5,-0.45,0.7,0.5,90,0
0.5,-0.45,0.7,0.5,270,0
0.5,-0.45,0.7,0.5,30,1
0.5,-0.45,0.7,0.5,330,1
0.5,-0.45,0.7,0.5,60,0
0.5,-0.45,0.7,0.5,300,0
0.5,-0.45,0.7,0.5,150,0
0.5,-0.45,0.7,0.5,210,0
0.5,-0.45,0.7,0.5,120,0
0.5,-0.45,0.7,0.5,240,1
0.5,-0.45,0.7,0.6,0,1
0.5,-0.45,0.7,0.6,180,0
0.5,-0.45,0.7,0.6,90,0
0.5,-0.45,0.7,0.6,270,0
0.5,-0.45,0.7,0.6,30,1
0.5,-0.45,0.7,0.6,330,0
0.5,-0.45,0.7,0.6,60,0
0.5,-0.45,0.7,0.6,300,1
0.5,-0.45,0.7,0.6,150,0
0.5,-0.45,0.7,0.6,210,0
0.5,-0.45,0.7,0.6,120,0
0.5,-0.45,0.7,0.6,240,0
0.5,-0.45,0.75,0.4,0,1
0.5,-0.45,0.75,0.4,180,0
0.5,-0.45,0.75,0.4,90,0
0.5,-0.45,0.75,0.4,270,0
0.5,-0.45,0.75,0.4,30,1
0.5,-0.45,0.75,0.4,330,1
0.5,-0.45,0.75,0.4,60,1
0.5,-0.45,0.75,0.4,300,1
0.5,-0.45,0.75,0.4,150,0
0.5,-0.45,0.75,0.4,210,0
0.5,-0.45,0.75,0.4,120,0
0.5,-0.45,0.75,0.4,240,1
0.5,-0.45,0.75,0.5,0,1
0.5,-0.45,0.75,0.5,180,0
0.5,-0.45,0.75,0.5,90,0
0.5,-0.45,0.75,0.5,270,1
0.5,-0.45,0.75,0.5,30,1
0.5,-0.45,0.75,0.5,330,1
0.5,-0.45,0.75,0.5,60,0
0.5,-0.45,0.75,0.5,300,0
0.5,-0.45,0.75,0.5,150,0
0.5,-0.45,0.75,0.5,210,0
0.5,-0.45,0.75,0.5,120,0
0.5,-0.45,0.75,0.5,240,1
0.5,-0.45,0.75,0.6,0,1
0.5,-0.45,0.75,0.6,180,0
0.5,-0.45,0.75,0.6,90,0
0.5,-0.45,0.75,0.6,270,1
0.5,-0.45,0.75,0.6,30,1
0.5,-0.45,0.75,0.6,330,0
0.5,-0.45,0.75,0.6,60,0
0.5,-0.45,0.75,0.6,300,1
0.5,-0.45,0.75,0.6,150,0
0.5,-0.45,0.75,0.6,210,0
0.5,-0.45,0.75,0.6,120,0
0.5,-0.45,0.75,0.6,240,0
0.5,-0.45,0.8,0.4,0,1
0.5,-0.45,0.8,0.4,180,0
0.5,-0.45,0.8,0.4,90,0
0.5,-0.45,0.8,0.4,270,1
0.5,-0.45,0.8,0.4,30,1
0.5,-0.45,0.8,0.4,330,1
0.5,-0.45,0.8,0.4,60,1
0.5,-0.45,0.8,0.4,300,0
0.5,-0.45,0.8,0.4,150,0
0.5,-0.45,0.8,0.4,210,0
0.5,-0.45,0.8,0.4,120,0
0.5,-0.45,0.8,0.4,240,1
0.5,-0.45,0.8,0.5,0,1
0.5,-0.45,0.8,0.5,180,0
0.5,-0.45,0.8,0.5,90,0
0.5,-0.45,0.8,0.5,270,1
0.5,-0.45,0.8,0.5,30,1
0.5,-0.45,0.8,0.5,330,1
0.5,-0.45,0.8,0.5,60,0
0.5,-0.45,0.8,0.5,300,0
0.5,-0.45,0.8,0.5,150,0
0.5,-0.45,0.8,0.5,210,0
0.5,-0.45,0.8,0.5,120,0
0.5,-0.45,0.8,0.5,240,1
0.5,-0.45,0.8,0.6,0,1
0.5,-0.45,0.8,0.6,180,0
0.5,-0.45,0.8,0.6,90,0
0.5,-0.45,0.8,0.6,270,0
0.5,-0.45,0.8,0.6,30,1
0.5,-0.45,0.8,0.6,330,0
0.5,-0.45,0.8,0.6,60,0
0.5,-0.45,0.8,0.6,300,1
0.5,-0.45,0.8,0.6,150,0
0.5,-0.45,0.8,0.6,210,0
0.5,-0.45,0.8,0.6,120,0
0.5,-0.45,0.8,0.6,240,0
0.5,-0.45,0.85,0.4,0,1
0.5,-0.45,0.85,0.4,180,0
0.5,-0.45,0.85,0.4,90,0
0.5,-0.45,0.85,0.4,270,1
0.5,-0.45,0.85,0.4,30,1
0.5,-0.45,0.85,0.4,330,1
0.5,-0.45,0.85,0.4,60,1
0.5,-0.45,0.85,0.4,300,1
0.5,-0.45,0.85,0.4,150,0
0.5,-0.45,0.85,0.4,210,0
0.5,-0.45,0.85,0.4,120,0
0.5,-0.45,0.85,0.4,240,1
0.5,-0.45,0.85,0.5,0,1
0.5,-0.45,0.85,0.5,180,0
0.5,-0.45,0.85,0.5,90,0
0.5,-0.45,0.85,0.5,270,1
0.5,-0.45,0.85,0.5,30,1
0.5,-0.45,0.85,0.5,330,1
0.5,-0.45,0.85,0.5,60,0
0.5,-0.45,0.85,0.5,300,0
0.5,-0.45,0.85,0.5,150,0
0.5,-0.45,0.85,0.5,210,0
0.5,-0.45,0.85,0.5,120,0
0.5,-0.45,0.85,0.5,240,1
0.5,-0.45,0.85,0.6,0,1
0.5,-0.45,0.85,0.6,180,0
0.5,-0.45,0.85,0.6,90,0
0.5,-0.45,0.85,0.6,270,0
0.5,-0.45,0.85,0.6,30,1
0.5,-0.45,0.85,0.6,330,0
0.5,-0.45,0.85,0.6,60,0
0.5,-0.45,0.85,0.6,300,1
0.5,-0.45,0.85,0.6,150,0
0.5,-0.45,0.85,0.6,210,0
0.5,-0.45,0.85,0.6,120,0
0.5,-0.45,0.85,0.6,240,0
0.5,-0.45,0.9,0.4,0,1
0.5,-0.45,0.9,0.4,180,0
0.5,-0.45,0.9,0.4,90,0
0.5,-0.45,0.9,0.4,270,0
0.5,-0.45,0.9,0.4,30,1
0.5,-0.45,0.9,0.4,330,1
0.5,-0.45,0.9,0.4,60,0
0.5,-0.45,0.9,0.4,300,1
0.5,-0.45,0.9,0.4,150,0
0.5,-0.45,0.9,0.4,210,0
0.5,-0.45,0.9,0.4,120,0
0.5,-0.45,0.9,0.4,240,1
0.5,-0.45,0.9,0.5,0,1
0.5,-0.45,0.9,0.5,180,0
0.5,-0.45,0.9,0.5,90,0
0.5,-0.45,0.9,0.5,270,0
0.5,-0.45,0.9,0.5,30,1
0.5,-0.45,0.9,0.5,330,1
0.5,-0.45,0.9,0.5,60,0
0.5,-0.45,0.9,0.5,300,1
0.5,-0.45,0.9,0.5,150,0
0.5,-0.45,0.9,0.5,210,0
0.5,-0.45,0.9,0.5,120,0
0.5,-0.45,0.9,0.5,240,1
0.5,-0.45,0.9,0.6,0,1
0.5,-0.45,0.9,0.6,180,0
0.5,-0.45,0.9,0.6,90,0
0.5,-0.45,0.9,0.6,270,0
0.5,-0.45,0.9,0.6,30,1
0.5,-0.45,0.9,0.6,330,0
0.5,-0.45,0.9,0.6,60,0
0.5,-0.45,0.9,0.6,300,1
0.5,-0.45,0.9,0.6,150,0
0.5,-0.45,0.9,0.6,210,0
0.5,-0.45,0.9,0.6,120,0
0.5,-0.45,0.9,0.6,240,0
0.5,-0.45,0.95,0.4,0,1
0.5,-0.45,0.95,0.4,180,0
0.5,-0.45,0.95,0.4,90,0
0.5,-0.45,0.95,0.4,270,1
0.5,-0.45,0.95,0.4,30,1
0.5,-0.45,0.95,0.4,330,1
0.5,-0.45,0.95,0.4,60,0
0.5,-0.45,0.95,0.4,300,1
0.5,-0.45,0.95,0.4,150,0
0.5,-0.45,0.95,0.4,210,0
0.5,-0.45,0.95,0.4,120,0
0.5,-0.45,0.95,0.4,240,0
0.5,-0.45,0.95,0.5,0,1
0.5,-0.45,0.95,0.5,180,0
0.5,-0.45,0.95,0.5,90,0
0.5,-0.45,0.95,0.5,270,0
0.5,-0.45,0.95,0.5,30,1
0.5,-0.45,0.95,0.5,330,1
0.5,-0.45,0.95,0.5,60,0
0.5,-0.45,0.95,0.5,300,1
0.5,-0.45,0.95,0.5,150,0
0.5,-0.45,0.95,0.5,210,0
0.5,-0.45,0.95,0.5,120,0
0.5,-0.45,0.95,0.5,240,0
0.5,-0.45,0.95,0.6,0,1
0.5,-0.45,0.95,0.6,180,0
0.5,-0.45,0.95,0.6,90,0
0.5,-0.45,0.95,0.6,270,0
0.5,-0.45,0.95,0.6,30,1
0.5,-0.45,0.95,0.6,330,0
0.5,-0.45,0.95,0.6,60,0
0.5,-0.45,0.95,0.6,300,1
0.5,-0.45,0.95,0.6,150,0
0.5,-0.45,0.95,0.6,210,0
0.5,-0.45,0.95,0.6,120,0
0.5,-0.45,0.95,0.6,240,0
0.5,-0.45,1.0,0.4,0,1
0.5,-0.45,1.0,0.4,180,0
0.5,-0.45,1.0,0.4,90,0
0.5,-0.45,1.0,0.4,270,1
0.5,-0.45,1.0,0.4,30,1
0.5,-0.45,1.0,0.4,330,1
0.5,-0.45,1.0,0.4,60,0
0.5,-0.45,1.0,0.4,300,0
0.5,-0.45,1.0,0.4,150,0
0.5,-0.45,1.0,0.4,210,0
0.5,-0.45,1.0,0.4,120,0
0.5,-0.45,1.0,0.4,240,0
0.5,-0.45,1.0,0.5,0,1
0.5,-0.45,1.0,0.5,180,0
0.5,-0.45,1.0,0.5,90,0
0.5,-0.45,1.0,0.5,270,0
0.5,-0.45,1.0,0.5,30,1
0.5,-0.45,1.0,0.5,330,1
0.5,-0.45,1.0,0.5,60,0
0.5,-0.45,1.0,0.5,300,1
0.5,-0.45,1.0,0.5,150,0
0.5,-0.45,1.0,0.5,210,0
0.5,-0.45,1.0,0.5,120,0
0.5,-0.45,1.0,0.5,240,0
0.5,-0.45,1.0,0.6,0,1
0.5,-0.45,1.0,0.6,180,0
0.5,-0.45,1.0,0.6,90,0
0.5,-0.45,1.0,0.6,270,1
0.5,-0.45,1.0,0.6,30,1
0.5,-0.45,1.0,0.6,330,0
0.5,-0.45,1.0,0.6,60,0
0.5,-0.45,1.0,0.6,300,1
0.5,-0.45,1.0,0.6,150,0
0.5,-0.45,1.0,0.6,210,0
0.5,-0.45,1.0,0.6,120,0
0.5,-0.45,1.0,0.6,240,0
0.5,-0.4,0.65,0.4,0,1
0.5,-0.4,0.65,0.4,180,0
0.5,-0.4,0.65,0.4,90,0
0.5,-0.4,0.65,0.4,270,1
0.5,-0.4,0.65,0.4,30,1
0.5,-0.4,0.65,0.4,330,1
0.5,-0.4,0.65,0.4,60,1
0.5,-0.4,0.65,0.4,300,0
0.5,-0.4,0.65,0.4,150,0
0.5,-0.4,0.65,0.4,210,0
0.5,-0.4,0.65,0.4,120,0
0.5,-0.4,0.65,0.4,240,1
0.5,-0.4,0.65,0.5,0,1
0.5,-0.4,0.65,0.5,180,0
0.5,-0.4,0.65,0.5,90,0
0.5,-0.4,0.65,0.5,270,1
0.5,-0.4,0.65,0.5,30,1
0.5,-0.4,0.65,0.5,330,1
0.5,-0.4,0.65,0.5,60,0
0.5,-0.4,0.65,0.5,300,0
0.5,-0.4,0.65,0.5,150,0
0.5,-0.4,0.65,0.5,210,0
0.5,-0.4,0.65,0.5,120,0
0.5,-0.4,0.65,0.5,240,1
0.5,-0.4,0.65,0.6,0,1
0.5,-0.4,0.65,0.6,180,0
0.5,-0.4,0.65,0.6,90,0
0.5,-0.4,0.65,0.6,270,0
0.5,-0.4,0.65,0.6,30,1
0.5,-0.4,0.65,0.6,330,0
0.5,-0.4,0.65,0.6,60,0
0.5,-0.4,0.65,0.6,300,1
0.5,-0.4,0.65,0.6,150,0
0.5,-0.4,0.65,0.6,210,0
0.5,-0.4,0.65,0.6,120,0
0.5,-0.4,0.65,0.6,240,1
0.5,-0.4,0.7,0.4,0,1
0.5,-0.4,0.7,0.4,180,0
0.5,-0.4,0.7,0.4,90,0
0.5,-0.4,0.7,0.4,270,1
0.5,-0.4,0.7,0.4,30,1
0.5,-0.4,0.7,0.4,330,1
0.5,-0.4,0.7,0.4,60,1
0.5,-0.4,0.7,0.4,300,1
0.5,-0.4,0.7,0.4,150,0
0.5,-0.4,0.7,0.4,210,0
0.5,-0.4,0.7,0.4,120,0
0.5,-0.4,0.7,0.4,240,1
0.5,-0.4,0.7,0.5,0,1
0.5,-0.4,0.7,0.5,180,0
0.5,-0.4,0.7,0.5,90,0
0.5,-0.4,0.7,0.5,270,0
0.5,-0.4,0.7,0.5,30,1
0.5,-0.4,0.7,0.5,330,1
0.5,-0.4,0.7,0.5,60,0
0.5,-0.4,0.7,0.5,300,1
0.5,-0.4,0.7,0.5,150,0
0.5,-0.4,0.7,0.5,210,0
0.5,-0.4,0.7,0.5,120,0
0.5,-0.4,0.7,0.5,240,1
0.5,-0.4,0.7,0.6,0,1
0.5,-0.4,0.7,0.6,180,0
0.5,-0.4,0.7,0.6,90,0
0.5,-0.4,0.7,0.6,270,0
0.5,-0.4,0.7,0.6,30,1
0.5,-0.4,0.7,0.6,330,0
0.5,-0.4,0.7,0.6,60,0
0.5,-0.4,0.7,0.6,300,1
0.5,-0.4,0.7,0.6,150,0
0.5,-0.4,0.7,0.6,210,0
0.5,-0.4,0.7,0.6,120,0
0.5,-0.4,0.7,0.6,240,1
0.5,-0.4,0.75,0.4,0,1
0.5,-0.4,0.75,0.4,180,0
0.5,-0.4,0.75,0.4,90,0
0.5,-0.4,0.75,0.4,270,1
0.5,-0.4,0.75,0.4,30,1
0.5,-0.4,0.75,0.4,330,1
0.5,-0.4,0.75,0.4,60,1
0.5,-0.4,0.75,0.4,300,1
0.5,-0.4,0.75,0.4,150,0
0.5,-0.4,0.75,0.4,210,0
0.5,-0.4,0.75,0.4,120,0
0.5,-0.4,0.75,0.4,240,1
0.5,-0.4,0.75,0.5,0,1
0.5,-0.4,0.75,0.5,180,0
0.5,-0.4,0.75,0.5,90,0
0.5,-0.4,0.75,0.5,270,0
0.5,-0.4,0.75,0.5,30,1
0.5,-0.4,0.75,0.5,330,1
0.5,-0.4,0.75,0.5,60,0
0.5,-0.4,0.75,0.5,300,1
0.5,-0.4,0.75,0.5,150,0
0.5,-0.4,0.75,0.5,210,0
0.5,-0.4,0.75,0.5,120,0
0.5,-0.4,0.75,0.5,240,1
0.5,-0.4,0.75,0.6,0,1
0.5,-0.4,0.75,0.6,180,0
0.5,-0.4,0.75,0.6,90,0
0.5,-0.4,0.75,0.6,270,1
0.5,-0.4,0.75,0.6,30,1
0.5,-0.4,0.75,0.6,330,1
0.5,-0.4,0.75,0.6,60,0
0.5,-0.4,0.75,0.6,300,1
0.5,-0.4,0.75,0.6,150,0
0.5,-0.4,0.75,0.6,210,0
0.5,-0.4,0.75,0.6,120,0
0.5,-0.4,0.75,0.6,240,1
0.5,-0.4,0.8,0.4,0,1
0.5,-0.4,0.8,0.4,180,0
0.5,-0.4,0.8,0.4,90,0
0.5,-0.4,0.8,0.4,270,0
0.5,-0.4,0.8,0.4,30,1
0.5,-0.4,0.8,0.4,330,1
0.5,-0.4,0.8,0.4,60,1
0.5,-0.4,0.8,0.4,300,1
0.5,-0.4,0.8,0.4,150,0
0.5,-0.4,0.8,0.4,210,0
0.5,-0.4,0.8,0.4,120,0
0.5,-0.4,0.8,0.4,240,1
0.5,-0.4,0.8,0.5,0,1
0.5,-0.4,0.8,0.5,180,0
0.5,-0.4,0.8,0.5,90,0
0.5,-0.4,0.8,0.5,270,0
0.5,-0.4,0.8,0.5,30,1
0.5,-0.4,0.8,0.5,330,1
0.5,-0.4,0.8,0.5,60,0
0.5,-0.4,0.8,0.5,300,1
0.5,-0.4,0.8,0.5,150,0
0.5,-0.4,0.8,0.5,210,0
0.5,-0.4,0.8,0.5,120,0
0.5,-0.4,0.8,0.5,240,1
0.5,-0.4,0.8,0.6,0,1
0.5,-0.4,0.8,0.6,180,0
0.5,-0.4,0.8,0.6,90,0
0.5,-0.4,0.8,0.6,270,0
0.5,-0.4,0.8,0.6,30,1
0.5,-0.4,0.8,0.6,330,1
0.5,-0.4,0.8,0.6,60,0
0.5,-0.4,0.8,0.6,300,0
0.5,-0.4,0.8,0.6,150,0
0.5,-0.4,0.8,0.6,210,0
0.5,-0.4,0.8,0.6,120,0
0.5,-0.4,0.8,0.6,240,1
0.5,-0.4,0.85,0.4,0,1
0.5,-0.4,0.85,0.4,180,0
0.5,-0.4,0.85,0.4,90,0
0.5,-0.4,0.85,0.4,270,0
0.5,-0.4,0.85,0.4,30,1
0.5,-0.4,0.85,0.4,330,1
0.5,-0.4,0.85,0.4,60,1
0.5,-0.4,0.85,0.4,300,1
0.5,-0.4,0.85,0.4,150,0
0.5,-0.4,0.85,0.4,210,0
0.5,-0.4,0.85,0.4,120,0
0.5,-0.4,0.85,0.4,240,1
0.5,-0.4,0.85,0.5,0,1
0.5,-0.4,0.85,0.5,180,0
0.5,-0.4,0.85,0.5,90,0
0.5,-0.4,0.85,0.5,270,0
0.5,-0.4,0.85,0.5,30,1
0.5,-0.4,0.85,0.5,330,1
0.5,-0.4,0.85,0.5,60,0
0.5,-0.4,0.85,0.5,300,1
0.5,-0.4,0.85,0.5,150,0
0.5,-0.4,0.85,0.5,210,0
0.5,-0.4,0.85,0.5,120,0
0.5,-0.4,0.85,0.5,240,1
0.5,-0.4,0.85,0.6,0,1
0.5,-0.4,0.85,0.6,180,0
0.5,-0.4,0.85,0.6,90,0
0.5,-0.4,0.85,0.6,270,0
0.5,-0.4,0.85,0.6,30,1
0.5,-0.4,0.85,0.6,330,1
0.5,-0.4,0.85,0.6,60,0
0.5,-0.4,0.85,0.6,300,1
0.5,-0.4,0.85,0.6,150,0
0.5,-0.4,0.85,0.6,210,0
0.5,-0.4,0.85,0.6,120,0
0.5,-0.4,0.85,0.6,240,1
0.5,-0.4,0.9,0.4,0,1
0.5,-0.4,0.9,0.4,180,0
0.5,-0.4,0.9,0.4,90,0
0.5,-0.4,0.9,0.4,270,0
0.5,-0.4,0.9,0.4,30,1
0.5,-0.4,0.9,0.4,330,1
0.5,-0.4,0.9,0.4,60,1
0.5,-0.4,0.9,0.4,300,1
0.5,-0.4,0.9,0.4,150,0
0.5,-0.4,0.9,0.4,210,0
0.5,-0.4,0.9,0.4,120,0
0.5,-0.4,0.9,0.4,240,0
0.5,-0.4,0.9,0.5,0,1
0.5,-0.4,0.9,0.5,180,0
0.5,-0.4,0.9,0.5,90,0
0.5,-0.4,0.9,0.5,270,0
0.5,-0.4,0.9,0.5,30,1
0.5,-0.4,0.9,0.5,330,1
0.5,-0.4,0.9,0.5,60,0
0.5,-0.4,0.9,0.5,300,0
0.5,-0.4,0.9,0.5,150,0
0.5,-0.4,0.9,0.5,210,0
0.5,-0.4,0.9,0.5,120,0
0.5,-0.4,0.9,0.5,240,1
0.5,-0.4,0.9,0.6,0,1
0.5,-0.4,0.9,0.6,180,0
0.5,-0.4,0.9,0.6,90,0
0.5,-0.4,0.9,0.6,270,1
0.5,-0.4,0.9,0.6,30,1
0.5,-0.4,0.9,0.6,330,1
0.5,-0.4,0.9,0.6,60,0
0.5,-0.4,0.9,0.6,300,1
0.5,-0.4,0.9,0.6,150,0
0.5,-0.4,0.9,0.6,210,0
0.5,-0.4,0.9,0.6,120,0
0.5,-0.4,0.9,0.6,240,1
0.5,-0.4,0.95,0.4,0,1
0.5,-0.4,0.95,0.4,180,0
0.5,-0.4,0.95,0.4,90,0
0.5,-0.4,0.95,0.4,270,1
0.5,-0.4,0.95,0.4,30,1
0.5,-0.4,0.95,0.4,330,1
0.5,-0.4,0.95,0.4,60,0
0.5,-0.4,0.95,0.4,300,1
0.5,-0.4,0.95,0.4,150,0
0.5,-0.4,0.95,0.4,210,0
0.5,-0.4,0.95,0.4,120,0
0.5,-0.4,0.95,0.4,240,1
0.5,-0.4,0.95,0.5,0,1
0.5,-0.4,0.95,0.5,180,0
0.5,-0.4,0.95,0.5,90,0
0.5,-0.4,0.95,0.5,270,1
0.5,-0.4,0.95,0.5,30,1
0.5,-0.4,0.95,0.5,330,1
0.5,-0.4,0.95,0.5,60,0
0.5,-0.4,0.95,0.5,300,1
0.5,-0.4,0.95,0.5,150,0
0.5,-0.4,0.95,0.5,210,0
0.5,-0.4,0.95,0.5,120,0
0.5,-0.4,0.95,0.5,240,1
0.5,-0.4,0.95,0.6,0,1
0.5,-0.4,0.95,0.6,180,0
0.5,-0.4,0.95,0.6,90,0
0.5,-0.4,0.95,0.6,270,1
0.5,-0.4,0.95,0.6,30,1
0.5,-0.4,0.95,0.6,330,0
0.5,-0.4,0.95,0.6,60,0
0.5,-0.4,0.95,0.6,300,1
0.5,-0.4,0.95,0.6,150,0
0.5,-0.4,0.95,0.6,210,0
0.5,-0.4,0.95,0.6,120,0
0.5,-0.4,0.95,0.6,240,0
0.5,-0.4,1.0,0.4,0,1
0.5,-0.4,1.0,0.4,180,0
0.5,-0.4,1.0,0.4,90,0
0.5,-0.4,1.0,0.4,270,0
0.5,-0.4,1.0,0.4,30,1
0.5,-0.4,1.0,0.4,330,1
0.5,-0.4,1.0,0.4,60,0
0.5,-0.4,1.0,0.4,300,1
0.5,-0.4,1.0,0.4,150,0
0.5,-0.4,1.0,0.4,210,0
0.5,-0.4,1.0,0.4,120,0
0.5,-0.4,1.0,0.4,240,1
0.5,-0.4,1.0,0.5,0,1
0.5,-0.4,1.0,0.5,180,0
0.5,-0.4,1.0,0.5,90,0
0.5,-0.4,1.0,0.5,270,1
0.5,-0.4,1.0,0.5,30,1
0.5,-0.4,1.0,0.5,330,1
0.5,-0.4,1.0,0.5,60,0
0.5,-0.4,1.0,0.5,300,1
0.5,-0.4,1.0,0.5,150,0
0.5,-0.4,1.0,0.5,210,0
0.5,-0.4,1.0,0.5,120,0
0.5,-0.4,1.0,0.5,240,0
0.5,-0.4,1.0,0.6,0,1
0.5,-0.4,1.0,0.6,180,0
0.5,-0.4,1.0,0.6,90,0
0.5,-0.4,1.0,0.6,270,1
0.5,-0.4,1.0,0.6,30,1
0.5,-0.4,1.0,0.6,330,1
0.5,-0.4,1.0,0.6,60,0
0.5,-0.4,1.0,0.6,300,1
0.5,-0.4,1.0,0.6,150,0
0.5,-0.4,1.0,0.6,210,0
0.5,-0.4,1.0,0.6,120,0
0.5,-0.4,1.0,0.6,240,0
0.5,-0.35,0.65,0.4,0,1
0.5,-0.35,0.65,0.4,180,0
0.5,-0.35,0.65,0.4,90,0
0.5,-0.35,0.65,0.4,270,1
0.5,-0.35,0.65,0.4,30,1
0.5,-0.35,0.65,0.4,330,1
0.5,-0.35,0.65,0.4,60,1
0.5,-0.35,0.65,0.4,300,0
0.5,-0.35,0.65,0.4,150,0
0.5,-0.35,0.65,0.4,210,0
0.5,-0.35,0.65,0.4,120,0
0.5,-0.35,0.65,0.4,240,1
0.5,-0.35,0.65,0.5,0,1
0.5,-0.35,0.65,0.5,180,0
0.5,-0.35,0.65,0.5,90,0
0.5,-0.35,0.65,0.5,270,1
0.5,-0.35,0.65,0.5,30,1
0.5,-0.35,0.65,0.5,330,1
0.5,-0.35,0.65,0.5,60,0
0.5,-0.35,0.65,0.5,300,1
0.5,-0.35,0.65,0.5,150,0
0.5,-0.35,0.65,0.5,210,0
0.5,-0.35,0.65,0.5,120,0
0.5,-0.35,0.65,0.5,240,1
0.5,-0.35,0.65,0.6,0,1
0.5,-0.35,0.65,0.6,180,0
0.5,-0.35,0.65,0.6,90,0
0.5,-0.35,0.65,0.6,270,1
0.5,-0.35,0.65,0.6,30,1
0.5,-0.35,0.65,0.6,330,1
0.5,-0.35,0.65,0.6,60,0
0.5,-0.35,0.65,0.6,300,0
0.5,-0.35,0.65,0.6,150,0
0.5,-0.35,0.65,0.6,210,0
0.5,-0.35,0.65,0.6,120,0
0.5,-0.35,0.65,0.6,240,1
0.5,-0.35,0.7,0.4,0,1
0.5,-0.35,0.7,0.4,180,0
0.5,-0.35,0.7,0.4,90,0
0.5,-0.35,0.7,0.4,270,1
0.5,-0.35,0.7,0.4,30,1
0.5,-0.35,0.7,0.4,330,1
0.5,-0.35,0.7,0.4,60,1
0.5,-0.35,0.7,0.4,300,1
0.5,-0.35,0.7,0.4,150,0
0.5,-0.35,0.7,0.4,210,0
0.5,-0.35,0.7,0.4,120,0
0.5,-0.35,0.7,0.4,240,1
0.5,-0.35,0.7,0.5,0,1
0.5,-0.35,0.7,0.5,180,0
0.5,-0.35,0.7,0.5,90,0
0.5,-0.35,0.7,0.5,270,0
0.5,-0.35,0.7,0.5,30,1
0.5,-0.35,0.7,0.5,330,1
0.5,-0.35,0.7,0.5,60,0
0.5,-0.35,0.7,0.5,300,1
0.5,-0.35,0.7,0.5,150,0
0.5,-0.35,0.7,0.5,210,0
0.5,-0.35,0.7,0.5,120,0
0.5,-0.35,0.7,0.5,240,1
0.5,-0.35,0.7,0.6,0,1
0.5,-0.35,0.7,0.6,180,0
0.5,-0.35,0.7,0.6,90,0
0.5,-0.35,0.7,0.6,270,0
0.5,-0.35,0.7,0.6,30,1
0.5,-0.35,0.7,0.6,330,1
0.5,-0.35,0.7,0.6,60,0
0.5,-0.35,0.7,0.6,300,0
0.5,-0.35,0.7,0.6,150,0
0.5,-0.35,0.7,0.6,210,0
0.5,-0.35,0.7,0.6,120,0
0.5,-0.35,0.7,0.6,240,1
0.5,-0.35,0.75,0.4,0,1
0.5,-0.35,0.75,0.4,180,0
0.5,-0.35,0.75,0.4,90,0
0.5,-0.35,0.75,0.4,270,0
0.5,-0.35,0.75,0.4,30,1
0.5,-0.35,0.75,0.4,330,1
0.5,-0.35,0.75,0.4,60,1
0.5,-0.35,0.75,0.4,300,1
0.5,-0.35,0.75,0.4,150,0
0.5,-0.35,0.75,0.4,210,0
0.5,-0.35,0.75,0.4,120,0
0.5,-0.35,0.75,0.4,240,1
0.5,-0.35,0.75,0.5,0,1
0.5,-0.35,0.75,0.5,180,0
0.5,-0.35,0.75,0.5,90,0
0.5,-0.35,0.75,0.5,270,0
0.5,-0.35,0.75,0.5,30,1
0.5,-0.35,0.75,0.5,330,1
0.5,-0.35,0.75,0.5,60,0
0.5,-0.35,0.75,0.5,300,1
0.5,-0.35,0.75,0.5,150,0
0.5,-0.35,0.75,0.5,210,0
0.5,-0.35,0.75,0.5,120,0
0.5,-0.35,0.75,0.5,240,1
0.5,-0.35,0.75,0.6,0,1
0.5,-0.35,0.75,0.6,180,0
0.5,-0.35,0.75,0.6,90,0
0.5,-0.35,0.75,0.6,270,0
0.5,-0.35,0.75,0.6,30,1
0.5,-0.35,0.75,0.6,330,1
0.5,-0.35,0.75,0.6,60,0
0.5,-0.35,0.75,0.6,300,1
0.5,-0.35,0.75,0.6,150,0
0.5,-0.35,0.75,0.6,210,0
0.5,-0.35,0.75,0.6,120,0
0.5,-0.35,0.75,0.6,240,1
0.5,-0.35,0.8,0.4,0,1
0.5,-0.35,0.8,0.4,180,0
0.5,-0.35,0.8,0.4,90,0
0.5,-0.35,0.8,0.4,270,0
0.5,-0.35,0.8,0.4,30,1
0.5,-0.35,0.8,0.4,330,1
0.5,-0.35,0.8,0.4,60,1
0.5,-0.35,0.8,0.4,300,1
0.5,-0.35,0.8,0.4,150,0
0.5,-0.35,0.8,0.4,210,0
0.5,-0.35,0.8,0.4,120,0
0.5,-0.35,0.8,0.4,240,1
0.5,-0.35,0.8,0.5,0,1
0.5,-0.35,0.8,0.5,180,0
0.5,-0.35,0.8,0.5,90,0
0.5,-0.35,0.8,0.5,270,1
0.5,-0.35,0.8,0.5,30,1
0.5,-0.35,0.8,0.5,330,1
0.5,-0.35,0.8,0.5,60,0
0.5,-0.35,0.8,0.5,300,0
0.5,-0.35,0.8,0.5,150,0
0.5,-0.35,0.8,0.5,210,0
0.5,-0.35,0.8,0.5,120,0
0.5,-0.35,0.8,0.5,240,1
0.5,-0.35,0.8,0.6,0,1
0.5,-0.35,0.8,0.6,180,0
0.5,-0.35,0.8,0.6,90,0
0.5,-0.35,0.8,0.6,270,0
0.5,-0.35,0.8,0.6,30,1
0.5,-0.35,0.8,0.6,330,1
0.5,-0.35,0.8,0.6,60,0
0.5,-0.35,0.8,0.6,300,0
0.5,-0.35,0.8,0.6,150,0
0.5,-0.35,0.8,0.6,210,0
0.5,-0.35,0.8,0.6,120,0
0.5,-0.35,0.8,0.6,240,1
0.5,-0.35,0.85,0.4,0,1
0.5,-0.35,0.85,0.4,180,0
0.5,-0.35,0.85,0.4,90,0
0.5,-0.35,0.85,0.4,270,0
0.5,-0.35,0.85,0.4,30,1
0.5,-0.35,0.85,0.4,330,0
0.5,-0.35,0.85,0.4,60,1
0.5,-0.35,0.85,0.4,300,1
0.5,-0.35,0.85,0.4,150,0
0.5,-0.35,0.85,0.4,210,0
0.5,-0.35,0.85,0.4,120,0
0.5,-0.35,0.85,0.4,240,1
0.5,-0.35,0.85,0.5,0,1
0.5,-0.35,0.85,0.5,180,0
0.5,-0.35,0.85,0.5,90,0
0.5,-0.35,0.85,0.5,270,0
0.5,-0.35,0.85,0.5,30,1
0.5,-0.35,0.85,0.5,330,1
0.5,-0.35,0.85,0.5,60,0
0.5,-0.35,0.85,0.5,300,1
0.5,-0.35,0.85,0.5,150,0
0.5,-0.35,0.85,0.5,210,0
0.5,-0.35,0.85,0.5,120,0
0.5,-0.35,0.85,0.5,240,1
0.5,-0.35,0.85,0.6,0,1
0.5,-0.35,0.85,0.6,180,0
0.5,-0.35,0.85,0.6,90,0
0.5,-0.35,0.85,0.6,270,0
0.5,-0.35,0.85,0.6,30,1
0.5,-0.35,0.85,0.6,330,1
0.5,-0.35,0.85,0.6,60,0
0.5,-0.35,0.85,0.6,300,0
0.5,-0.35,0.85,0.6,150,0
0.5,-0.35,0.85,0.6,210,0
0.5,-0.35,0.85,0.6,120,0
0.5,-0.35,0.85,0.6,240,1
0.5,-0.35,0.9,0.4,0,1
0.5,-0.35,0.9,0.4,180,0
0.5,-0.35,0.9,0.4,90,0
0.5,-0.35,0.9,0.4,270,1
0.5,-0.35,0.9,0.4,30,1
0.5,-0.35,0.9,0.4,330,1
0.5,-0.35,0.9,0.4,60,1
0.5,-0.35,0.9,0.4,300,0
0.5,-0.35,0.9,0.4,150,0
0.5,-0.35,0.9,0.4,210,0
0.5,-0.35,0.9,0.4,120,0
0.5,-0.35,0.9,0.4,240,0
0.5,-0.35,0.9,0.5,0,1
0.5,-0.35,0.9,0.5,180,0
0.5,-0.35,0.9,0.5,90,0
0.5,-0.35,0.9,0.5,270,1
0.5,-0.35,0.9,0.5,30,1
0.5,-0.35,0.9,0.5,330,1
0.5,-0.35,0.9,0.5,60,0
0.5,-0.35,0.9,0.5,300,1
0.5,-0.35,0.9,0.5,150,0
0.5,-0.35,0.9,0.5,210,0
0.5,-0.35,0.9,0.5,120,0
0.5,-0.35,0.9,0.5,240,1
0.5,-0.35,0.9,0.6,0,1
0.5,-0.35,0.9,0.6,180,0
0.5,-0.35,0.9,0.6,90,0
0.5,-0.35,0.9,0.6,270,0
0.5,-0.35,0.9,0.6,30,1
0.5,-0.35,0.9,0.6,330,0
0.5,-0.35,0.9,0.6,60,0
0.5,-0.35,0.9,0.6,300,1
0.5,-0.35,0.9,0.6,150,0
0.5,-0.35,0.9,0.6,210,0
0.5,-0.35,0.9,0.6,120,0
0.5,-0.35,0.9,0.6,240,1
0.5,-0.35,0.95,0.4,0,1
0.5,-0.35,0.95,0.4,180,0
0.5,-0.35,0.95,0.4,90,0
0.5,-0.35,0.95,0.4,270,1
0.5,-0.35,0.95,0.4,30,1
0.5,-0.35,0.95,0.4,330,1
0.5,-0.35,0.95,0.4,60,1
0.5,-0.35,0.95,0.4,300,1
0.5,-0.35,0.95,0.4,150,0
0.5,-0.35,0.95,0.4,210,0
0.5,-0.35,0.95,0.4,120,0
0.5,-0.35,0.95,0.4,240,0
0.5,-0.35,0.95,0.5,0,1
0.5,-0.35,0.95,0.5,180,0
0.5,-0.35,0.95,0.5,90,0
0.5,-0.35,0.95,0.5,270,1
0.5,-0.35,0.95,0.5,30,1
0.5,-0.35,0.95,0.5,330,1
0.5,-0.35,0.95,0.5,60,0
0.5,-0.35,0.95,0.5,300,0
0.5,-0.35,0.95,0.5,150,0
0.5,-0.35,0.95,0.5,210,0
0.5,-0.35,0.95,0.5,120,0
0.5,-0.35,0.95,0.5,240,1
0.5,-0.35,0.95,0.6,0,1
0.5,-0.35,0.95,0.6,180,0
0.5,-0.35,0.95,0.6,90,0
0.5,-0.35,0.95,0.6,270,0
0.5,-0.35,0.95,0.6,30,1
0.5,-0.35,0.95,0.6,330,1
0.5,-0.35,0.95,0.6,60,0
0.5,-0.35,0.95,0.6,300,1
0.5,-0.35,0.95,0.6,150,0
0.5,-0.35,0.95,0.6,210,0
0.5,-0.35,0.95,0.6,120,0
0.5,-0.35,0.95,0.6,240,1
0.5,-0.35,1.0,0.4,0,1
0.5,-0.35,1.0,0.4,180,0
0.5,-0.35,1.0,0.4,90,0
0.5,-0.35,1.0,0.4,270,1
0.5,-0.35,1.0,0.4,30,1
0.5,-0.35,1.0,0.4,330,1
0.5,-0.35,1.0,0.4,60,0
0.5,-0.35,1.0,0.4,300,1
0.5,-0.35,1.0,0.4,150,0
0.5,-0.35,1.0,0.4,210,0
0.5,-0.35,1.0,0.4,120,0
0.5,-0.35,1.0,0.4,240,1
0.5,-0.35,1.0,0.5,0,1
0.5,-0.35,1.0,0.5,180,0
0.5,-0.35,1.0,0.5,90,0
0.5,-0.35,1.0,0.5,270,0
0.5,-0.35,1.0,0.5,30,1
0.5,-0.35,1.0,0.5,330,1
0.5,-0.35,1.0,0.5,60,0
0.5,-0.35,1.0,0.5,300,0
0.5,-0.35,1.0,0.5,150,0
0.5,-0.35,1.0,0.5,210,0
0.5,-0.35,1.0,0.5,120,0
0.5,-0.35,1.0,0.5,240,0
0.5,-0.35,1.0,0.6,0,1
0.5,-0.35,1.0,0.6,180,0
0.5,-0.35,1.0,0.6,90,0
0.5,-0.35,1.0,0.6,270,0
0.5,-0.35,1.0,0.6,30,1
0.5,-0.35,1.0,0.6,330,1
0.5,-0.35,1.0,0.6,60,0
0.5,-0.35,1.0,0.6,300,1
0.5,-0.35,1.0,0.6,150,0
0.5,-0.35,1.0,0.6,210,0
0.5,-0.35,1.0,0.6,120,0
0.5,-0.35,1.0,0.6,240,1
0.5,-0.3,0.65,0.4,0,1
0.5,-0.3,0.65,0.4,180,0
0.5,-0.3,0.65,0.4,90,0
0.5,-0.3,0.65,0.4,270,0
0.5,-0.3,0.65,0.4,30,1
0.5,-0.3,0.65,0.4,330,1
0.5,-0.3,0.65,0.4,60,1
0.5,-0.3,0.65,0.4,300,1
0.5,-0.3,0.65,0.4,150,0
0.5,-0.3,0.65,0.4,210,1
0.5,-0.3,0.65,0.4,120,0
0.5,-0.3,0.65,0.4,240,0
0.5,-0.3,0.65,0.5,0,1
0.5,-0.3,0.65,0.5,180,0
0.5,-0.3,0.65,0.5,90,0
0.5,-0.3,0.65,0.5,270,0
0.5,-0.3,0.65,0.5,30,1
0.5,-0.3,0.65,0.5,330,1
0.5,-0.3,0.65,0.5,60,0
0.5,-0.3,0.65,0.5,300,0
0.5,-0.3,0.65,0.5,150,0
0.5,-0.3,0.65,0.5,210,0
0.5,-0.3,0.65,0.5,120,0
0.5,-0.3,0.65,0.5,240,1
0.5,-0.3,0.65,0.6,0,1
0.5,-0.3,0.65,0.6,180,0
0.5,-0.3,0.65,0.6,90,0
0.5,-0.3,0.65,0.6,270,0
0.5,-0.3,0.65,0.6,30,1
0.5,-0.3,0.65,0.6,330,1
0.5,-0.3,0.65,0.6,60,0
0.5,-0.3,0.65,0.6,300,0
0.5,-0.3,0.65,0.6,150,0
0.5,-0.3,0.65,0.6,210,0
0.5,-0.3,0.65,0.6,120,0
0.5,-0.3,0.65,0.6,240,1
0.5,-0.3,0.7,0.4,0,1
0.5,-0.3,0.7,0.4,180,0
0.5,-0.3,0.7,0.4,90,0
0.5,-0.3,0.7,0.4,270,1
0.5,-0.3,0.7,0.4,30,1
0.5,-0.3,0.7,0.4,330,1
0.5,-0.3,0.7,0.4,60,1
0.5,-0.3,0.7,0.4,300,1
0.5,-0.3,0.7,0.4,150,0
0.5,-0.3,0.7,0.4,210,0
0.5,-0.3,0.7,0.4,120,0
0.5,-0.3,0.7,0.4,240,1
0.5,-0.3,0.7,0.5,0,1
0.5,-0.3,0.7,0.5,180,0
0.5,-0.3,0.7,0.5,90,0
0.5,-0.3,0.7,0.5,270,0
0.5,-0.3,0.7,0.5,30,1
0.5,-0.3,0.7,0.5,330,1
0.5,-0.3,0.7,0.5,60,0
0.5,-0.3,0.7,0.5,300,0
0.5,-0.3,0.7,0.5,150,0
0.5,-0.3,0.7,0.5,210,0
0.5,-0.3,0.7,0.5,120,0
0.5,-0.3,0.7,0.5,240,0
0.5,-0.3,0.7,0.6,0,1
0.5,-0.3,0.7,0.6,180,0
0.5,-0.3,0.7,0.6,90,0
0.5,-0.3,0.7,0.6,270,1
0.5,-0.3,0.7,0.6,30,1
0.5,-0.3,0.7,0.6,330,0
0.5,-0.3,0.7,0.6,60,0
0.5,-0.3,0.7,0.6,300,0
0.5,-0.3,0.7,0.6,150,0
0.5,-0.3,0.7,0.6,210,0
0.5,-0.3,0.7,0.6,120,0
0.5,-0.3,0.75,0.4,0,1
0.5,-0.3,0.75,0.4,180,0
0.5,-0.3,0.75,0.4,90,0
0.5,-0.3,0.75,0.4,270,1
0.5,-0.3,0.75,0.4,30,1
0.5,-0.3,0.75,0.4,330,1
0.5,-0.3,0.75,0.4,60,1
0.5,-0.3,0.75,0.4,300,1
0.5,-0.3,0.75,0.4,150,0
0.5,-0.3,0.75,0.4,210,0
0.5,-0.3,0.75,0.4,120,0
0.5,-0.3,0.75,0.4,240,1
0.5,-0.3,0.75,0.5,0,1
0.5,-0.3,0.75,0.5,180,0
0.5,-0.3,0.75,0.5,90,0
0.5,-0.3,0.75,0.5,270,1
0.5,-0.3,0.75,0.5,30,1
0.5,-0.3,0.75,0.5,330,1
0.5,-0.3,0.75,0.5,60,0
0.5,-0.3,0.75,0.5,300,0
0.5,-0.3,0.75,0.5,150,0
0.5,-0.3,0.75,0.5,210,0
0.5,-0.3,0.75,0.5,120,0
0.5,-0.3,0.75,0.5,240,0
0.5,-0.3,0.75,0.6,0,1
0.5,-0.3,0.75,0.6,180,0
0.5,-0.3,0.75,0.6,90,0
0.5,-0.3,0.75,0.6,270,1
0.5,-0.3,0.75,0.6,30,1
0.5,-0.3,0.75,0.6,330,1
0.5,-0.3,0.75,0.6,60,0
0.5,-0.3,0.75,0.6,300,0
0.5,-0.3,0.75,0.6,150,0
0.5,-0.3,0.75,0.6,210,0
0.5,-0.3,0.75,0.6,120,0
0.5,-0.3,0.75,0.6,240,1
0.5,-0.3,0.8,0.4,0,1
0.5,-0.3,0.8,0.4,180,0
0.5,-0.3,0.8,0.4,90,0
0.5,-0.3,0.8,0.4,270,0
0.5,-0.3,0.8,0.4,30,1
0.5,-0.3,0.8,0.4,330,1
0.5,-0.3,0.8,0.4,60,1
0.5,-0.3,0.8,0.4,300,1
0.5,-0.3,0.8,0.4,150,0
0.5,-0.3,0.8,0.4,210,0
0.5,-0.3,0.8,0.4,120,0
0.5,-0.3,0.8,0.4,240,1
0.5,-0.3,0.8,0.5,0,1
0.5,-0.3,0.8,0.5,180,0
0.5,-0.3,0.8,0.5,90,0
0.5,-0.3,0.8,0.5,270,1
0.5,-0.3,0.8,0.5,30,1
0.5,-0.3,0.8,0.5,330,1
0.5,-0.3,0.8,0.5,60,0
0.5,-0.3,0.8,0.5,300,0
0.5,-0.3,0.8,0.5,150,0
0.5,-0.3,0.8,0.5,210,0
0.5,-0.3,0.8,0.5,120,0
0.5,-0.3,0.8,0.5,240,1
0.5,-0.3,0.8,0.6,0,1
0.5,-0.3,0.8,0.6,180,0
0.5,-0.3,0.8,0.6,90,0
0.5,-0.3,0.8,0.6,270,1
0.5,-0.3,0.8,0.6,30,1
0.5,-0.3,0.8,0.6,330,1
0.5,-0.3,0.8,0.6,60,0
0.5,-0.3,0.8,0.6,300,0
0.5,-0.3,0.8,0.6,150,0
0.5,-0.3,0.8,0.6,210,0
0.5,-0.3,0.8,0.6,120,0
0.5,-0.3,0.8,0.6,240,1
0.5,-0.3,0.85,0.4,0,1
0.5,-0.3,0.85,0.4,180,0
0.5,-0.3,0.85,0.4,90,0
0.5,-0.3,0.85,0.4,270,1
0.5,-0.3,0.85,0.4,30,1
0.5,-0.3,0.85,0.4,330,1
0.5,-0.3,0.85,0.4,60,1
0.5,-0.3,0.85,0.4,300,1
0.5,-0.3,0.85,0.4,150,0
0.5,-0.3,0.85,0.4,210,0
0.5,-0.3,0.85,0.4,120,0
0.5,-0.3,0.85,0.4,240,1
0.5,-0.3,0.85,0.5,0,1
0.5,-0.3,0.85,0.5,180,0
0.5,-0.3,0.85,0.5,90,0
0.5,-0.3,0.85,0.5,270,1
0.5,-0.3,0.85,0.5,30,1
0.5,-0.3,0.85,0.5,330,1
0.5,-0.3,0.85,0.5,60,0
0.5,-0.3,0.85,0.5,300,0
0.5,-0.3,0.85,0.5,150,0
0.5,-0.3,0.85,0.5,210,0
0.5,-0.3,0.85,0.5,120,0
0.5,-0.3,0.85,0.5,240,1
0.5,-0.3,0.85,0.6,0,1
0.5,-0.3,0.85,0.6,180,0
0.5,-0.3,0.85,0.6,90,0
0.5,-0.3,0.85,0.6,270,1
0.5,-0.3,0.85,0.6,30,1
0.5,-0.3,0.85,0.6,330,1
0.5,-0.3,0.85,0.6,60,0
0.5,-0.3,0.85,0.6,300,0
0.5,-0.3,0.85,0.6,150,0
0.5,-0.3,0.85,0.6,210,0
0.5,-0.3,0.85,0.6,120,0
0.5,-0.3,0.85,0.6,240,1
0.5,-0.3,0.9,0.4,0,1
0.5,-0.3,0.9,0.4,180,0
0.5,-0.3,0.9,0.4,90,0
0.5,-0.3,0.9,0.4,270,1
0.5,-0.3,0.9,0.4,30,1
0.5,-0.3,0.9,0.4,330,1
0.5,-0.3,0.9,0.4,60,1
0.5,-0.3,0.9,0.4,300,0
0.5,-0.3,0.9,0.4,150,0
0.5,-0.3,0.9,0.4,210,0
0.5,-0.3,0.9,0.4,120,0
0.5,-0.3,0.9,0.4,240,1
0.5,-0.3,0.9,0.5,0,1
0.5,-0.3,0.9,0.5,180,0
0.5,-0.3,0.9,0.5,90,0
0.5,-0.3,0.9,0.5,270,1
0.5,-0.3,0.9,0.5,30,1
0.5,-0.3,0.9,0.5,330,1
0.5,-0.3,0.9,0.5,60,0
0.5,-0.3,0.9,0.5,300,0
0.5,-0.3,0.9,0.5,150,0
0.5,-0.3,0.9,0.5,210,0
0.5,-0.3,0.9,0.5,120,0
0.5,-0.3,0.9,0.5,240,1
0.5,-0.3,0.9,0.6,0,1
0.5,-0.3,0.9,0.6,180,0
0.5,-0.3,0.9,0.6,90,0
0.5,-0.3,0.9,0.6,270,0
0.5,-0.3,0.9,0.6,30,1
0.5,-0.3,0.9,0.6,330,1
0.5,-0.3,0.9,0.6,60,0
0.5,-0.3,0.9,0.6,300,0
0.5,-0.3,0.9,0.6,150,0
0.5,-0.3,0.9,0.6,210,0
0.5,-0.3,0.9,0.6,120,0
0.5,-0.3,0.9,0.6,240,1
0.5,-0.3,0.95,0.4,0,1
0.5,-0.3,0.95,0.4,180,0
0.5,-0.3,0.95,0.4,90,0
0.5,-0.3,0.95,0.4,270,1
0.5,-0.3,0.95,0.4,30,1
0.5,-0.3,0.95,0.4,330,1
0.5,-0.3,0.95,0.4,60,1
0.5,-0.3,0.95,0.4,300,0
0.5,-0.3,0.95,0.4,150,0
0.5,-0.3,0.95,0.4,210,0
0.5,-0.3,0.95,0.4,120,0
0.5,-0.3,0.95,0.4,240,1
0.5,-0.3,0.95,0.5,0,1
0.5,-0.3,0.95,0.5,180,0
0.5,-0.3,0.95,0.5,90,0
0.5,-0.3,0.95,0.5,270,1
0.5,-0.3,0.95,0.5,30,1
0.5,-0.3,0.95,0.5,330,1
0.5,-0.3,0.95,0.5,60,0
0.5,-0.3,0.95,0.5,300,0
0.5,-0.3,0.95,0.5,150,0
0.5,-0.3,0.95,0.5,210,0
0.5,-0.3,0.95,0.5,120,0
0.5,-0.3,0.95,0.5,240,1
0.5,-0.3,0.95,0.6,0,1
0.5,-0.3,0.95,0.6,180,0
0.5,-0.3,0.95,0.6,90,0
0.5,-0.3,0.95,0.6,270,0
0.5,-0.3,0.95,0.6,30,1
0.5,-0.3,0.95,0.6,330,1
0.5,-0.3,0.95,0.6,60,0
0.5,-0.3,0.95,0.6,300,0
0.5,-0.3,0.95,0.6,150,0
0.5,-0.3,0.95,0.6,210,0
0.5,-0.3,0.95,0.6,120,0
0.5,-0.3,0.95,0.6,240,1
0.5,-0.3,1.0,0.4,0,1
0.5,-0.3,1.0,0.4,180,0
0.5,-0.3,1.0,0.4,90,0
0.5,-0.3,1.0,0.4,270,1
0.5,-0.3,1.0,0.4,30,1
0.5,-0.3,1.0,0.4,330,1
0.5,-0.3,1.0,0.4,60,0
0.5,-0.3,1.0,0.4,300,0
0.5,-0.3,1.0,0.4,150,0
0.5,-0.3,1.0,0.4,210,0
0.5,-0.3,1.0,0.4,120,0
0.5,-0.3,1.0,0.4,240,1
0.5,-0.3,1.0,0.5,0,1
0.5,-0.3,1.0,0.5,180,0
0.5,-0.3,1.0,0.5,90,0
0.5,-0.3,1.0,0.5,270,1
0.5,-0.3,1.0,0.5,30,1
0.5,-0.3,1.0,0.5,330,1
0.5,-0.3,1.0,0.5,60,0
0.5,-0.3,1.0,0.5,300,0
0.5,-0.3,1.0,0.5,150,0
0.5,-0.3,1.0,0.5,210,0
0.5,-0.3,1.0,0.5,120,0
0.5,-0.3,1.0,0.5,240,0
0.5,-0.3,1.0,0.6,0,1
0.5,-0.3,1.0,0.6,180,0
0.5,-0.3,1.0,0.6,90,0
0.5,-0.3,1.0,0.6,270,0
0.5,-0.3,1.0,0.6,30,1
0.5,-0.3,1.0,0.6,330,1
0.5,-0.3,1.0,0.6,60,0
0.5,-0.3,1.0,0.6,300,0
0.5,-0.3,1.0,0.6,150,0
0.5,-0.3,1.0,0.6,210,0
0.5,-0.3,1.0,0.6,120,0
0.5,-0.3,1.0,0.6,240,0
0.5,-0.25,0.65,0.4,0,1
0.5,-0.25,0.65,0.4,180,0
0.5,-0.25,0.65,0.4,90,0
0.5,-0.25,0.65,0.4,270,1
0.5,-0.25,0.65,0.4,30,1
0.5,-0.25,0.65,0.4,330,1
0.5,-0.25,0.65,0.4,60,1
0.5,-0.25,0.65,0.4,300,1
0.5,-0.25,0.65,0.4,150,0
0.5,-0.25,0.65,0.4,210,1
0.5,-0.25,0.65,0.4,120,0
0.5,-0.25,0.65,0.4,240,1
0.5,-0.25,0.65,0.5,0,1
0.5,-0.25,0.65,0.5,180,0
0.5,-0.25,0.65,0.5,90,0
0.5,-0.25,0.65,0.5,270,1
0.5,-0.25,0.65,0.5,30,1
0.5,-0.25,0.65,0.5,330,1
0.5,-0.25,0.65,0.5,60,0
0.5,-0.25,0.65,0.5,300,0
0.5,-0.25,0.65,0.5,150,0
0.5,-0.25,0.65,0.5,210,0
0.5,-0.25,0.65,0.5,120,0
0.5,-0.25,0.65,0.5,240,1
0.5,-0.25,0.65,0.6,0,1
0.5,-0.25,0.65,0.6,180,0
0.5,-0.25,0.65,0.6,90,0
0.5,-0.25,0.65,0.6,270,1
0.5,-0.25,0.65,0.6,30,1
0.5,-0.25,0.65,0.6,330,0
0.5,-0.25,0.65,0.6,60,0
0.5,-0.25,0.65,0.6,300,0
0.5,-0.25,0.65,0.6,150,0
0.5,-0.25,0.65,0.6,210,0
0.5,-0.25,0.65,0.6,120,0
0.5,-0.25,0.7,0.4,0,1
0.5,-0.25,0.7,0.4,180,0
0.5,-0.25,0.7,0.4,90,0
0.5,-0.25,0.7,0.4,270,1
0.5,-0.25,0.7,0.4,30,1
0.5,-0.25,0.7,0.4,330,1
0.5,-0.25,0.7,0.4,60,1
0.5,-0.25,0.7,0.4,300,1
0.5,-0.25,0.7,0.4,150,0
0.5,-0.25,0.7,0.4,210,1
0.5,-0.25,0.7,0.4,120,0
0.5,-0.25,0.7,0.4,240,0
0.5,-0.25,0.7,0.5,0,1
0.5,-0.25,0.7,0.5,180,0
0.5,-0.25,0.7,0.5,90,0
0.5,-0.25,0.7,0.5,270,1
0.5,-0.25,0.7,0.5,30,1
0.5,-0.25,0.7,0.5,330,1
0.5,-0.25,0.7,0.5,60,0
0.5,-0.25,0.7,0.5,300,0
0.5,-0.25,0.7,0.5,150,0
0.5,-0.25,0.7,0.5,210,0
0.5,-0.25,0.7,0.5,120,0
0.5,-0.25,0.7,0.5,240,1
0.5,-0.25,0.7,0.6,0,1
0.5,-0.25,0.7,0.6,180,0
0.5,-0.25,0.7,0.6,90,0
0.5,-0.25,0.7,0.6,270,1
0.5,-0.25,0.7,0.6,30,1
0.5,-0.25,0.7,0.6,330,1
0.5,-0.25,0.7,0.6,60,0
0.5,-0.25,0.7,0.6,300,0
0.5,-0.25,0.7,0.6,150,0
0.5,-0.25,0.7,0.6,210,0
0.5,-0.25,0.7,0.6,120,0
0.5,-0.25,0.7,0.6,240,1
0.5,-0.25,0.75,0.4,0,1
0.5,-0.25,0.75,0.4,180,0
0.5,-0.25,0.75,0.4,90,0
0.5,-0.25,0.75,0.4,270,1
0.5,-0.25,0.75,0.4,30,1
0.5,-0.25,0.75,0.4,330,1
0.5,-0.25,0.75,0.4,60,1
0.5,-0.25,0.75,0.4,300,1
0.5,-0.25,0.75,0.4,150,0
0.5,-0.25,0.75,0.4,210,1
0.5,-0.25,0.75,0.4,120,0
0.5,-0.25,0.75,0.4,240,1
0.5,-0.25,0.75,0.5,0,1
0.5,-0.25,0.75,0.5,180,0
0.5,-0.25,0.75,0.5,90,0
0.5,-0.25,0.75,0.5,270,1
0.5,-0.25,0.75,0.5,30,1
0.5,-0.25,0.75,0.5,330,1
0.5,-0.25,0.75,0.5,60,0
0.5,-0.25,0.75,0.5,300,0
0.5,-0.25,0.75,0.5,150,0
0.5,-0.25,0.75,0.5,210,1
0.5,-0.25,0.75,0.5,120,0
0.5,-0.25,0.75,0.5,240,0
0.5,-0.25,0.75,0.6,0,1
0.5,-0.25,0.75,0.6,180,0
0.5,-0.25,0.75,0.6,90,0
0.5,-0.25,0.75,0.6,270,1
0.5,-0.25,0.75,0.6,30,1
0.5,-0.25,0.75,0.6,330,1
0.5,-0.25,0.75,0.6,60,0
0.5,-0.25,0.75,0.6,300,0
0.5,-0.25,0.75,0.6,150,0
0.5,-0.25,0.75,0.6,210,0
0.5,-0.25,0.75,0.6,120,0
0.5,-0.25,0.75,0.6,240,1
0.5,-0.25,0.8,0.4,0,1
0.5,-0.25,0.8,0.4,180,0
0.5,-0.25,0.8,0.4,90,0
0.5,-0.25,0.8,0.4,270,1
0.5,-0.25,0.8,0.4,30,1
0.5,-0.25,0.8,0.4,330,1
0.5,-0.25,0.8,0.4,60,1
0.5,-0.25,0.8,0.4,300,1
0.5,-0.25,0.8,0.4,150,0
0.5,-0.25,0.8,0.4,210,1
0.5,-0.25,0.8,0.4,120,0
0.5,-0.25,0.8,0.4,240,1
0.5,-0.25,0.8,0.5,0,1
0.5,-0.25,0.8,0.5,180,0
0.5,-0.25,0.8,0.5,90,0
0.5,-0.25,0.8,0.5,270,1
0.5,-0.25,0.8,0.5,30,1
0.5,-0.25,0.8,0.5,330,1
0.5,-0.25,0.8,0.5,60,0
0.5,-0.25,0.8,0.5,300,0
0.5,-0.25,0.8,0.5,150,0
0.5,-0.25,0.8,0.5,210,1
0.5,-0.25,0.8,0.5,120,0
0.5,-0.25,0.8,0.5,240,1
0.5,-0.25,0.8,0.6,0,1
0.5,-0.25,0.8,0.6,180,0
0.5,-0.25,0.8,0.6,90,0
0.5,-0.25,0.8,0.6,270,1
0.5,-0.25,0.8,0.6,30,1
0.5,-0.25,0.8,0.6,330,1
0.5,-0.25,0.8,0.6,60,0
0.5,-0.25,0.8,0.6,300,0
0.5,-0.25,0.8,0.6,150,0
0.5,-0.25,0.8,0.6,210,0
0.5,-0.25,0.8,0.6,120,0
0.5,-0.25,0.8,0.6,240,1
0.5,-0.25,0.85,0.4,0,1
0.5,-0.25,0.85,0.4,180,0
0.5,-0.25,0.85,0.4,90,0
0.5,-0.25,0.85,0.4,270,1
0.5,-0.25,0.85,0.4,30,1
0.5,-0.25,0.85,0.4,330,1
0.5,-0.25,0.85,0.4,60,1
0.5,-0.25,0.85,0.4,300,1
0.5,-0.25,0.85,0.4,150,0
0.5,-0.25,0.85,0.4,210,0
0.5,-0.25,0.85,0.4,120,0
0.5,-0.25,0.85,0.4,240,1
0.5,-0.25,0.85,0.5,0,1
0.5,-0.25,0.85,0.5,180,0
0.5,-0.25,0.85,0.5,90,0
0.5,-0.25,0.85,0.5,270,0
0.5,-0.25,0.85,0.5,30,1
0.5,-0.25,0.85,0.5,330,1
0.5,-0.25,0.85,0.5,60,0
0.5,-0.25,0.85,0.5,300,0
0.5,-0.25,0.85,0.5,150,0
0.5,-0.25,0.85,0.5,210,0
0.5,-0.25,0.85,0.5,120,0
0.5,-0.25,0.85,0.5,240,0
0.5,-0.25,0.85,0.6,0,1
0.5,-0.25,0.85,0.6,180,0
0.5,-0.25,0.85,0.6,90,0
0.5,-0.25,0.85,0.6,270,1
0.5,-0.25,0.85,0.6,30,1
0.5,-0.25,0.85,0.6,330,1
0.5,-0.25,0.85,0.6,60,0
0.5,-0.25,0.85,0.6,300,0
0.5,-0.25,0.85,0.6,150,0
0.5,-0.25,0.85,0.6,210,0
0.5,-0.25,0.85,0.6,120,0
0.5,-0.25,0.85,0.6,240,1
0.5,-0.25,0.9,0.4,0,1
0.5,-0.25,0.9,0.4,180,0
0.5,-0.25,0.9,0.4,90,0
0.5,-0.25,0.9,0.4,270,1
0.5,-0.25,0.9,0.4,30,1
0.5,-0.25,0.9,0.4,330,1
0.5,-0.25,0.9,0.4,60,1
0.5,-0.25,0.9,0.4,300,1
0.5,-0.25,0.9,0.4,150,0
0.5,-0.25,0.9,0.4,210,1
0.5,-0.25,0.9,0.4,120,0
0.5,-0.25,0.9,0.4,240,1
0.5,-0.25,0.9,0.5,0,1
0.5,-0.25,0.9,0.5,180,0
0.5,-0.25,0.9,0.5,90,0
0.5,-0.25,0.9,0.5,270,1
0.5,-0.25,0.9,0.5,30,1
0.5,-0.25,0.9,0.5,330,1
0.5,-0.25,0.9,0.5,60,0
0.5,-0.25,0.9,0.5,300,0
0.5,-0.25,0.9,0.5,150,0
0.5,-0.25,0.9,0.5,210,0
0.5,-0.25,0.9,0.5,120,0
0.5,-0.25,0.9,0.5,240,1
0.5,-0.25,0.9,0.6,0,1
0.5,-0.25,0.9,0.6,180,0
0.5,-0.25,0.9,0.6,90,0
0.5,-0.25,0.9,0.6,270,0
0.5,-0.25,0.9,0.6,30,1
0.5,-0.25,0.9,0.6,330,1
0.5,-0.25,0.9,0.6,60,0
0.5,-0.25,0.9,0.6,300,0
0.5,-0.25,0.9,0.6,150,0
0.5,-0.25,0.9,0.6,210,0
0.5,-0.25,0.9,0.6,120,0
0.5,-0.25,0.9,0.6,240,1
0.5,-0.25,0.95,0.4,0,1
0.5,-0.25,0.95,0.4,180,0
0.5,-0.25,0.95,0.4,90,0
0.5,-0.25,0.95,0.4,270,0
0.5,-0.25,0.95,0.4,30,1
0.5,-0.25,0.95,0.4,330,1
0.5,-0.25,0.95,0.4,60,1
0.5,-0.25,0.95,0.4,300,0
0.5,-0.25,0.95,0.4,150,0
0.5,-0.25,0.95,0.4,210,0
0.5,-0.25,0.95,0.4,120,0
0.5,-0.25,0.95,0.4,240,0
0.5,-0.25,0.95,0.5,0,1
0.5,-0.25,0.95,0.5,180,0
0.5,-0.25,0.95,0.5,90,0
0.5,-0.25,0.95,0.5,270,1
0.5,-0.25,0.95,0.5,30,1
0.5,-0.25,0.95,0.5,330,1
0.5,-0.25,0.95,0.5,60,0
0.5,-0.25,0.95,0.5,300,0
0.5,-0.25,0.95,0.5,150,0
0.5,-0.25,0.95,0.5,210,0
0.5,-0.25,0.95,0.5,120,0
0.5,-0.25,0.95,0.5,240,1
0.5,-0.25,0.95,0.6,0,1
0.5,-0.25,0.95,0.6,180,0
0.5,-0.25,0.95,0.6,90,0
0.5,-0.25,0.95,0.6,270,0
0.5,-0.25,0.95,0.6,30,1
0.5,-0.25,0.95,0.6,330,1
0.5,-0.25,0.95,0.6,60,0
0.5,-0.25,0.95,0.6,300,0
0.5,-0.25,0.95,0.6,150,0
0.5,-0.25,0.95,0.6,210,0
0.5,-0.25,0.95,0.6,120,0
0.5,-0.25,0.95,0.6,240,1
0.5,-0.25,1.0,0.4,0,1
0.5,-0.25,1.0,0.4,180,0
0.5,-0.25,1.0,0.4,90,0
0.5,-0.25,1.0,0.4,270,1
0.5,-0.25,1.0,0.4,30,1
0.5,-0.25,1.0,0.4,330,1
0.5,-0.25,1.0,0.4,60,0
0.5,-0.25,1.0,0.4,300,1
0.5,-0.25,1.0,0.4,150,0
0.5,-0.25,1.0,0.4,210,0
0.5,-0.25,1.0,0.4,120,0
0.5,-0.25,1.0,0.4,240,1
0.5,-0.25,1.0,0.5,0,1
0.5,-0.25,1.0,0.5,180,0
0.5,-0.25,1.0,0.5,90,0
0.5,-0.25,1.0,0.5,270,0
0.5,-0.25,1.0,0.5,30,1
0.5,-0.25,1.0,0.5,330,1
0.5,-0.25,1.0,0.5,60,0
0.5,-0.25,1.0,0.5,300,0
0.5,-0.25,1.0,0.5,150,0
0.5,-0.25,1.0,0.5,210,0
0.5,-0.25,1.0,0.5,120,0
0.5,-0.25,1.0,0.5,240,1
0.5,-0.25,1.0,0.6,0,1
0.5,-0.25,1.0,0.6,180,0
0.5,-0.25,1.0,0.6,90,0
0.5,-0.25,1.0,0.6,270,0
0.5,-0.25,1.0,0.6,30,0
0.5,-0.25,1.0,0.6,330,1
0.5,-0.25,1.0,0.6,60,0
0.5,-0.25,1.0,0.6,300,0
0.5,-0.25,1.0,0.6,150,0
0.5,-0.25,1.0,0.6,210,0
0.5,-0.25,1.0,0.6,120,0
0.5,-0.25,1.0,0.6,240,0
0.5,-0.2,0.65,0.4,0,1
0.5,-0.2,0.65,0.4,180,0
0.5,-0.2,0.65,0.4,90,0
0.5,-0.2,0.65,0.4,270,1
0.5,-0.2,0.65,0.4,30,1
0.5,-0.2,0.65,0.4,330,1
0.5,-0.2,0.65,0.4,60,1
0.5,-0.2,0.65,0.4,300,0
0.5,-0.2,0.65,0.4,150,0
0.5,-0.2,0.65,0.4,210,1
0.5,-0.2,0.65,0.4,120,0
0.5,-0.2,0.65,0.4,240,1
0.5,-0.2,0.65,0.5,0,1
0.5,-0.2,0.65,0.5,180,0
0.5,-0.2,0.65,0.5,90,0
0.5,-0.2,0.65,0.5,270,0
0.5,-0.2,0.65,0.5,30,1
0.5,-0.2,0.65,0.5,330,1
0.5,-0.2,0.65,0.5,60,0
0.5,-0.2,0.65,0.5,300,0
0.5,-0.2,0.65,0.5,150,0
0.5,-0.2,0.65,0.5,210,1
0.5,-0.2,0.65,0.5,120,0
0.5,-0.2,0.65,0.5,240,0
0.5,-0.2,0.65,0.6,0,1
0.5,-0.2,0.65,0.6,180,0
0.5,-0.2,0.65,0.6,90,0
0.5,-0.2,0.65,0.6,270,1
0.5,-0.2,0.65,0.6,30,1
0.5,-0.2,0.65,0.6,330,1
0.5,-0.2,0.65,0.6,60,0
0.5,-0.2,0.65,0.6,300,0
0.5,-0.2,0.65,0.6,150,0
0.5,-0.2,0.65,0.6,210,1
0.5,-0.2,0.65,0.6,120,0
0.5,-0.2,0.65,0.6,240,1
0.5,-0.2,0.7,0.4,0,1
0.5,-0.2,0.7,0.4,180,0
0.5,-0.2,0.7,0.4,90,0
0.5,-0.2,0.7,0.4,270,1
0.5,-0.2,0.7,0.4,30,1
0.5,-0.2,0.7,0.4,330,1
0.5,-0.2,0.7,0.4,60,1
0.5,-0.2,0.7,0.4,300,0
0.5,-0.2,0.7,0.4,150,0
0.5,-0.2,0.7,0.4,210,0
0.5,-0.2,0.7,0.4,120,0
0.5,-0.2,0.7,0.4,240,1
0.5,-0.2,0.7,0.5,0,1
0.5,-0.2,0.7,0.5,180,0
0.5,-0.2,0.7,0.5,90,0
0.5,-0.2,0.7,0.5,270,0
0.5,-0.2,0.7,0.5,30,1
0.5,-0.2,0.7,0.5,330,1
0.5,-0.2,0.7,0.5,60,0
0.5,-0.2,0.7,0.5,300,0
0.5,-0.2,0.7,0.5,150,0
0.5,-0.2,0.7,0.5,210,1
0.5,-0.2,0.7,0.5,120,0
0.5,-0.2,0.7,0.5,240,1
0.5,-0.2,0.7,0.6,0,1
0.5,-0.2,0.7,0.6,180,0
0.5,-0.2,0.7,0.6,90,0
0.5,-0.2,0.7,0.6,270,1
0.5,-0.2,0.7,0.6,30,1
0.5,-0.2,0.7,0.6,330,1
0.5,-0.2,0.7,0.6,60,0
0.5,-0.2,0.7,0.6,300,0
0.5,-0.2,0.7,0.6,150,0
0.5,-0.2,0.7,0.6,210,0
0.5,-0.2,0.7,0.6,120,0
0.5,-0.2,0.7,0.6,240,1
0.5,-0.2,0.75,0.4,0,1
0.5,-0.2,0.75,0.4,180,0
0.5,-0.2,0.75,0.4,90,0
0.5,-0.2,0.75,0.4,270,1
0.5,-0.2,0.75,0.4,30,1
0.5,-0.2,0.75,0.4,330,1
0.5,-0.2,0.75,0.4,60,1
0.5,-0.2,0.75,0.4,300,0
0.5,-0.2,0.75,0.4,150,0
0.5,-0.2,0.75,0.4,210,1
0.5,-0.2,0.75,0.4,120,0
0.5,-0.2,0.75,0.4,240,1
0.5,-0.2,0.75,0.5,0,1
0.5,-0.2,0.75,0.5,180,0
0.5,-0.2,0.75,0.5,90,0
0.5,-0.2,0.75,0.5,270,1
0.5,-0.2,0.75,0.5,30,1
0.5,-0.2,0.75,0.5,330,0
0.5,-0.2,0.75,0.5,60,0
0.5,-0.2,0.75,0.5,300,0
0.5,-0.2,0.75,0.5,150,0
0.5,-0.2,0.75,0.5,210,1
0.5,-0.2,0.75,0.5,120,0
0.5,-0.2,0.75,0.5,240,1
0.5,-0.2,0.75,0.6,0,1
0.5,-0.2,0.75,0.6,180,0
0.5,-0.2,0.75,0.6,90,0
0.5,-0.2,0.75,0.6,270,1
0.5,-0.2,0.75,0.6,30,1
0.5,-0.2,0.75,0.6,330,1
0.5,-0.2,0.75,0.6,60,0
0.5,-0.2,0.75,0.6,300,0
0.5,-0.2,0.75,0.6,150,0
0.5,-0.2,0.75,0.6,210,0
0.5,-0.2,0.75,0.6,120,0
0.5,-0.2,0.75,0.6,240,1
0.5,-0.2,0.8,0.4,0,1
0.5,-0.2,0.8,0.4,180,0
0.5,-0.2,0.8,0.4,90,0
0.5,-0.2,0.8,0.4,270,1
0.5,-0.2,0.8,0.4,30,1
0.5,-0.2,0.8,0.4,330,1
0.5,-0.2,0.8,0.4,60,1
0.5,-0.2,0.8,0.4,300,0
0.5,-0.2,0.8,0.4,150,0
0.5,-0.2,0.8,0.4,210,1
0.5,-0.2,0.8,0.4,120,0
0.5,-0.2,0.8,0.4,240,1
0.5,-0.2,0.8,0.5,0,1
0.5,-0.2,0.8,0.5,180,0
0.5,-0.2,0.8,0.5,90,0
0.5,-0.2,0.8,0.5,270,1
0.5,-0.2,0.8,0.5,30,1
0.5,-0.2,0.8,0.5,330,0
0.5,-0.2,0.8,0.5,60,0
0.5,-0.2,0.8,0.5,300,0
0.5,-0.2,0.8,0.5,150,0
0.5,-0.2,0.8,0.5,210,1
0.5,-0.2,0.8,0.5,120,0
0.5,-0.2,0.8,0.5,240,1
0.5,-0.2,0.8,0.6,0,1
0.5,-0.2,0.8,0.6,180,0
0.5,-0.2,0.8,0.6,90,0
0.5,-0.2,0.8,0.6,270,1
0.5,-0.2,0.8,0.6,30,1
0.5,-0.2,0.8,0.6,330,1
0.5,-0.2,0.8,0.6,60,0
0.5,-0.2,0.8,0.6,300,0
0.5,-0.2,0.8,0.6,150,0
0.5,-0.2,0.8,0.6,210,0
0.5,-0.2,0.8,0.6,120,0
0.5,-0.2,0.8,0.6,240,1
0.5,-0.2,0.85,0.4,0,1
0.5,-0.2,0.85,0.4,180,0
0.5,-0.2,0.85,0.4,90,0
0.5,-0.2,0.85,0.4,270,1
0.5,-0.2,0.85,0.4,30,1
0.5,-0.2,0.85,0.4,330,1
0.5,-0.2,0.85,0.4,60,1
0.5,-0.2,0.85,0.4,300,0
0.5,-0.2,0.85,0.4,150,0
0.5,-0.2,0.85,0.4,210,1
0.5,-0.2,0.85,0.4,120,0
0.5,-0.2,0.85,0.4,240,1
0.5,-0.2,0.85,0.5,0,1
0.5,-0.2,0.85,0.5,180,0
0.5,-0.2,0.85,0.5,90,0
0.5,-0.2,0.85,0.5,270,0
0.5,-0.2,0.85,0.5,30,1
0.5,-0.2,0.85,0.5,330,1
0.5,-0.2,0.85,0.5,60,0
0.5,-0.2,0.85,0.5,300,0
0.5,-0.2,0.85,0.5,150,0
0.5,-0.2,0.85,0.5,210,1
0.5,-0.2,0.85,0.5,120,0
0.5,-0.2,0.85,0.5,240,1
0.5,-0.2,0.85,0.6,0,1
0.5,-0.2,0.85,0.6,180,0
0.5,-0.2,0.85,0.6,90,0
0.5,-0.2,0.85,0.6,270,0
0.5,-0.2,0.85,0.6,30,1
0.5,-0.2,0.85,0.6,330,1
0.5,-0.2,0.85,0.6,60,0
0.5,-0.2,0.85,0.6,300,0
0.5,-0.2,0.85,0.6,150,0
0.5,-0.2,0.85,0.6,210,0
0.5,-0.2,0.85,0.6,120,0
0.5,-0.2,0.85,0.6,240,1
0.5,-0.2,0.9,0.4,0,1
0.5,-0.2,0.9,0.4,180,0
0.5,-0.2,0.9,0.4,90,0
0.5,-0.2,0.9,0.4,270,1
0.5,-0.2,0.9,0.4,30,1
0.5,-0.2,0.9,0.4,330,1
0.5,-0.2,0.9,0.4,60,1
0.5,-0.2,0.9,0.4,300,0
0.5,-0.2,0.9,0.4,150,0
0.5,-0.2,0.9,0.4,210,0
0.5,-0.2,0.9,0.4,120,0
0.5,-0.2,0.9,0.4,240,1
0.5,-0.2,0.9,0.5,0,1
0.5,-0.2,0.9,0.5,180,0
0.5,-0.2,0.9,0.5,90,0
0.5,-0.2,0.9,0.5,270,1
0.5,-0.2,0.9,0.5,30,1
0.5,-0.2,0.9,0.5,330,1
0.5,-0.2,0.9,0.5,60,0
0.5,-0.2,0.9,0.5,300,0
0.5,-0.2,0.9,0.5,150,0
0.5,-0.2,0.9,0.5,210,1
0.5,-0.2,0.9,0.5,120,0
0.5,-0.2,0.9,0.5,240,1
0.5,-0.2,0.9,0.6,0,1
0.5,-0.2,0.9,0.6,180,0
0.5,-0.2,0.9,0.6,90,0
0.5,-0.2,0.9,0.6,270,1
0.5,-0.2,0.9,0.6,30,1
0.5,-0.2,0.9,0.6,330,1
0.5,-0.2,0.9,0.6,60,0
0.5,-0.2,0.9,0.6,300,0
0.5,-0.2,0.9,0.6,150,0
0.5,-0.2,0.9,0.6,210,0
0.5,-0.2,0.9,0.6,120,0
0.5,-0.2,0.9,0.6,240,1
0.5,-0.2,0.95,0.4,0,1
0.5,-0.2,0.95,0.4,180,0
0.5,-0.2,0.95,0.4,90,0
0.5,-0.2,0.95,0.4,270,1
0.5,-0.2,0.95,0.4,30,1
0.5,-0.2,0.95,0.4,330,1
0.5,-0.2,0.95,0.4,60,1
0.5,-0.2,0.95,0.4,300,0
0.5,-0.2,0.95,0.4,150,0
0.5,-0.2,0.95,0.4,210,0
0.5,-0.2,0.95,0.4,120,0
0.5,-0.2,0.95,0.4,240,1
0.5,-0.2,0.95,0.5,0,1
0.5,-0.2,0.95,0.5,180,0
0.5,-0.2,0.95,0.5,90,0
0.5,-0.2,0.95,0.5,270,0
0.5,-0.2,0.95,0.5,30,1
0.5,-0.2,0.95,0.5,330,1
0.5,-0.2,0.95,0.5,60,0
0.5,-0.2,0.95,0.5,300,0
0.5,-0.2,0.95,0.5,150,0
0.5,-0.2,0.95,0.5,210,1
0.5,-0.2,0.95,0.5,120,0
0.5,-0.2,0.95,0.5,240,1
0.5,-0.2,0.95,0.6,0,1
0.5,-0.2,0.95,0.6,180,0
0.5,-0.2,0.95,0.6,90,0
0.5,-0.2,0.95,0.6,270,1
0.5,-0.2,0.95,0.6,30,0
0.5,-0.2,0.95,0.6,330,0
0.5,-0.2,0.95,0.6,60,0
0.5,-0.2,0.95,0.6,300,0
0.5,-0.2,0.95,0.6,150,0
0.5,-0.2,0.95,0.6,210,0
0.5,-0.2,1.0,0.4,0,1
0.5,-0.2,1.0,0.4,180,0
0.5,-0.2,1.0,0.4,90,0
0.5,-0.2,1.0,0.4,270,0
0.5,-0.2,1.0,0.4,30,1
0.5,-0.2,1.0,0.4,330,1
0.5,-0.2,1.0,0.4,60,0
0.5,-0.2,1.0,0.4,300,0
0.5,-0.2,1.0,0.4,150,0
0.5,-0.2,1.0,0.4,210,0
0.5,-0.2,1.0,0.4,120,0
0.5,-0.2,1.0,0.4,240,1
0.5,-0.2,1.0,0.5,0,1
0.5,-0.2,1.0,0.5,180,0
0.5,-0.2,1.0,0.5,90,0
0.5,-0.2,1.0,0.5,270,0
0.5,-0.2,1.0,0.5,30,1
0.5,-0.2,1.0,0.5,330,1
0.5,-0.2,1.0,0.5,60,0
0.5,-0.2,1.0,0.5,300,0
0.5,-0.2,1.0,0.5,150,0
0.5,-0.2,1.0,0.5,210,0
0.5,-0.2,1.0,0.5,120,0
0.5,-0.2,1.0,0.5,240,0
0.5,-0.2,1.0,0.6,0,1
0.5,-0.2,1.0,0.6,180,0
0.5,-0.2,1.0,0.6,90,0
0.5,-0.2,1.0,0.6,270,0
0.5,-0.2,1.0,0.6,30,0
0.5,-0.2,1.0,0.6,330,1
0.5,-0.2,1.0,0.6,60,0
0.5,-0.2,1.0,0.6,300,0
0.5,-0.2,1.0,0.6,150,0
0.5,-0.2,1.0,0.6,210,0
0.5,-0.2,1.0,0.6,120,0
0.5,-0.2,1.0,0.6,240,1
0.5,-0.15,0.65,0.4,0,1
0.5,-0.15,0.65,0.4,180,0
0.5,-0.15,0.65,0.4,90,0
0.5,-0.15,0.65,0.4,270,1
0.5,-0.15,0.65,0.4,30,1
0.5,-0.15,0.65,0.4,330,1
0.5,-0.15,0.65,0.4,60,1
0.5,-0.15,0.65,0.4,300,0
0.5,-0.15,0.65,0.4,150,0
0.5,-0.15,0.65,0.4,210,0
0.5,-0.15,0.65,0.4,120,0
0.5,-0.15,0.65,0.4,240,0
0.5,-0.15,0.65,0.5,0,1
0.5,-0.15,0.65,0.5,180,0
0.5,-0.15,0.65,0.5,90,0
0.5,-0.15,0.65,0.5,270,0
0.5,-0.15,0.65,0.5,30,1
0.5,-0.15,0.65,0.5,330,1
0.5,-0.15,0.65,0.5,60,0
0.5,-0.15,0.65,0.5,300,0
0.5,-0.15,0.65,0.5,150,0
0.5,-0.15,0.65,0.5,210,1
0.5,-0.15,0.65,0.5,120,0
0.5,-0.15,0.65,0.5,240,1
0.5,-0.15,0.65,0.6,0,1
0.5,-0.15,0.65,0.6,180,0
0.5,-0.15,0.65,0.6,90,0
0.5,-0.15,0.65,0.6,270,1
0.5,-0.15,0.65,0.6,30,1
0.5,-0.15,0.65,0.6,330,1
0.5,-0.15,0.65,0.6,60,0
0.5,-0.15,0.65,0.6,300,0
0.5,-0.15,0.65,0.6,150,0
0.5,-0.15,0.65,0.6,210,1
0.5,-0.15,0.65,0.6,120,0
0.5,-0.15,0.65,0.6,240,1
0.5,-0.15,0.7,0.4,0,1
0.5,-0.15,0.7,0.4,180,1
0.5,-0.15,0.7,0.4,90,0
0.5,-0.15,0.7,0.4,270,0
0.5,-0.15,0.7,0.4,30,1
0.5,-0.15,0.7,0.4,330,1
0.5,-0.15,0.7,0.4,60,1
0.5,-0.15,0.7,0.4,300,0
0.5,-0.15,0.7,0.4,150,0
0.5,-0.15,0.7,0.4,210,1
0.5,-0.15,0.7,0.4,120,0
0.5,-0.15,0.7,0.4,240,1
0.5,-0.15,0.7,0.5,0,1
0.5,-0.15,0.7,0.5,180,0
0.5,-0.15,0.7,0.5,90,0
0.5,-0.15,0.7,0.5,270,0
0.5,-0.15,0.7,0.5,30,1
0.5,-0.15,0.7,0.5,330,0
0.5,-0.15,0.7,0.5,60,0
0.5,-0.15,0.7,0.5,300,0
0.5,-0.15,0.7,0.5,150,0
0.5,-0.15,0.7,0.5,210,1
0.5,-0.15,0.7,0.5,120,0
0.5,-0.15,0.7,0.5,240,0
0.5,-0.15,0.7,0.6,0,1
0.5,-0.15,0.7,0.6,180,0
0.5,-0.15,0.7,0.6,90,0
0.5,-0.15,0.7,0.6,270,0
0.5,-0.15,0.7,0.6,30,1
0.5,-0.15,0.7,0.6,330,1
0.5,-0.15,0.7,0.6,60,0
0.5,-0.15,0.7,0.6,300,0
0.5,-0.15,0.7,0.6,150,0
0.5,-0.15,0.7,0.6,210,1
0.5,-0.15,0.7,0.6,120,0
0.5,-0.15,0.7,0.6,240,1
0.5,-0.15,0.75,0.4,0,1
0.5,-0.15,0.75,0.4,180,1
0.5,-0.15,0.75,0.4,90,0
0.5,-0.15,0.75,0.4,270,1
0.5,-0.15,0.75,0.4,30,1
0.5,-0.15,0.75,0.4,330,1
0.5,-0.15,0.75,0.4,60,1
0.5,-0.15,0.75,0.4,300,0
0.5,-0.15,0.75,0.4,150,0
0.5,-0.15,0.75,0.4,210,0
0.5,-0.15,0.75,0.4,120,0
0.5,-0.15,0.75,0.4,240,0
0.5,-0.15,0.75,0.5,0,1
0.5,-0.15,0.75,0.5,180,0
0.5,-0.15,0.75,0.5,90,0
0.5,-0.15,0.75,0.5,270,1
0.5,-0.15,0.75,0.5,30,1
0.5,-0.15,0.75,0.5,330,0
0.5,-0.15,0.75,0.5,60,0
0.5,-0.15,0.75,0.5,300,0
0.5,-0.15,0.75,0.5,150,0
0.5,-0.15,0.75,0.5,210,1
0.5,-0.15,0.75,0.5,120,0
0.5,-0.15,0.75,0.5,240,0
0.5,-0.15,0.75,0.6,0,1
0.5,-0.15,0.75,0.6,180,0
0.5,-0.15,0.75,0.6,90,0
0.5,-0.15,0.75,0.6,270,1
0.5,-0.15,0.75,0.6,30,1
0.5,-0.15,0.75,0.6,330,1
0.5,-0.15,0.75,0.6,60,0
0.5,-0.15,0.75,0.6,300,0
0.5,-0.15,0.75,0.6,150,0
0.5,-0.15,0.75,0.6,210,1
0.5,-0.15,0.75,0.6,120,0
0.5,-0.15,0.75,0.6,240,1
0.5,-0.15,0.8,0.4,0,1
0.5,-0.15,0.8,0.4,180,1
0.5,-0.15,0.8,0.4,90,0
0.5,-0.15,0.8,0.4,270,0
0.5,-0.15,0.8,0.4,30,1
0.5,-0.15,0.8,0.4,330,1
0.5,-0.15,0.8,0.4,60,1
0.5,-0.15,0.8,0.4,300,0
0.5,-0.15,0.8,0.4,150,0
0.5,-0.15,0.8,0.4,210,1
0.5,-0.15,0.8,0.4,120,0
0.5,-0.15,0.8,0.4,240,1
0.5,-0.15,0.8,0.5,0,1
0.5,-0.15,0.8,0.5,180,0
0.5,-0.15,0.8,0.5,90,0
0.5,-0.15,0.8,0.5,270,1
0.5,-0.15,0.8,0.5,30,1
0.5,-0.15,0.8,0.5,330,1
0.5,-0.15,0.8,0.5,60,0
0.5,-0.15,0.8,0.5,300,0
0.5,-0.15,0.8,0.5,150,0
0.5,-0.15,0.8,0.5,210,1
0.5,-0.15,0.8,0.5,120,0
0.5,-0.15,0.8,0.5,240,0
0.5,-0.15,0.8,0.6,0,1
0.5,-0.15,0.8,0.6,180,0
0.5,-0.15,0.8,0.6,90,0
0.5,-0.15,0.8,0.6,270,0
0.5,-0.15,0.8,0.6,30,1
0.5,-0.15,0.8,0.6,330,1
0.5,-0.15,0.8,0.6,60,0
0.5,-0.15,0.8,0.6,300,0
0.5,-0.15,0.8,0.6,150,0
0.5,-0.15,0.8,0.6,210,1
0.5,-0.15,0.8,0.6,120,0
0.5,-0.15,0.8,0.6,240,0
0.5,-0.15,0.85,0.4,0,1
0.5,-0.15,0.85,0.4,180,0
0.5,-0.15,0.85,0.4,90,0
0.5,-0.15,0.85,0.4,270,1
0.5,-0.15,0.85,0.4,30,1
0.5,-0.15,0.85,0.4,330,1
0.5,-0.15,0.85,0.4,60,1
0.5,-0.15,0.85,0.4,300,0
0.5,-0.15,0.85,0.4,150,0
0.5,-0.15,0.85,0.4,210,1
0.5,-0.15,0.85,0.4,120,0
0.5,-0.15,0.85,0.4,240,1
0.5,-0.15,0.85,0.5,0,1
0.5,-0.15,0.85,0.5,180,0
0.5,-0.15,0.85,0.5,90,0
0.5,-0.15,0.85,0.5,270,0
0.5,-0.15,0.85,0.5,30,1
0.5,-0.15,0.85,0.5,330,1
0.5,-0.15,0.85,0.5,60,0
0.5,-0.15,0.85,0.5,300,0
0.5,-0.15,0.85,0.5,150,0
0.5,-0.15,0.85,0.5,210,1
0.5,-0.15,0.85,0.5,120,0
0.5,-0.15,0.85,0.5,240,0
0.5,-0.15,0.85,0.6,0,1
0.5,-0.15,0.85,0.6,180,0
0.5,-0.15,0.85,0.6,90,0
0.5,-0.15,0.85,0.6,270,1
0.5,-0.15,0.85,0.6,30,1
0.5,-0.15,0.85,0.6,330,1
0.5,-0.15,0.85,0.6,60,0
0.5,-0.15,0.85,0.6,300,0
0.5,-0.15,0.85,0.6,150,0
0.5,-0.15,0.85,0.6,210,1
0.5,-0.15,0.85,0.6,120,0
0.5,-0.15,0.85,0.6,240,0
0.5,-0.15,0.9,0.4,0,1
0.5,-0.15,0.9,0.4,180,0
0.5,-0.15,0.9,0.4,90,0
0.5,-0.15,0.9,0.4,270,1
0.5,-0.15,0.9,0.4,30,1
0.5,-0.15,0.9,0.4,330,1
0.5,-0.15,0.9,0.4,60,1
0.5,-0.15,0.9,0.4,300,0
0.5,-0.15,0.9,0.4,150,0
0.5,-0.15,0.9,0.4,210,1
0.5,-0.15,0.9,0.4,120,0
0.5,-0.15,0.9,0.4,240,0
0.5,-0.15,0.9,0.5,0,1
0.5,-0.15,0.9,0.5,180,0
0.5,-0.15,0.9,0.5,90,0
0.5,-0.15,0.9,0.5,270,0
0.5,-0.15,0.9,0.5,30,1
0.5,-0.15,0.9,0.5,330,1
0.5,-0.15,0.9,0.5,60,0
0.5,-0.15,0.9,0.5,300,0
0.5,-0.15,0.9,0.5,150,0
0.5,-0.15,0.9,0.5,210,0
0.5,-0.15,0.9,0.5,120,0
0.5,-0.15,0.9,0.5,240,0
0.5,-0.15,0.9,0.6,0,1
0.5,-0.15,0.9,0.6,180,0
0.5,-0.15,0.9,0.6,90,0
0.5,-0.15,0.9,0.6,270,1
0.5,-0.15,0.9,0.6,30,0
0.5,-0.15,0.9,0.6,330,1
0.5,-0.15,0.9,0.6,60,0
0.5,-0.15,0.9,0.6,300,0
0.5,-0.15,0.9,0.6,150,0
0.5,-0.15,0.9,0.6,210,1
0.5,-0.15,0.9,0.6,120,0
0.5,-0.15,0.9,0.6,240,1
0.5,-0.15,0.95,0.4,0,1
0.5,-0.15,0.95,0.4,180,0
0.5,-0.15,0.95,0.4,90,0
0.5,-0.15,0.95,0.4,270,1
0.5,-0.15,0.95,0.4,30,1
0.5,-0.15,0.95,0.4,330,1
0.5,-0.15,0.95,0.4,60,1
0.5,-0.15,0.95,0.4,300,0
0.5,-0.15,0.95,0.4,150,0
0.5,-0.15,0.95,0.4,210,0
0.5,-0.15,0.95,0.4,120,0
0.5,-0.15,0.95,0.4,240,1
0.5,-0.15,0.95,0.5,0,1
0.5,-0.15,0.95,0.5,180,0
0.5,-0.15,0.95,0.5,90,0
0.5,-0.15,0.95,0.5,270,1
0.5,-0.15,0.95,0.5,30,1
0.5,-0.15,0.95,0.5,330,1
0.5,-0.15,0.95,0.5,60,0
0.5,-0.15,0.95,0.5,300,0
0.5,-0.15,0.95,0.5,150,0
0.5,-0.15,0.95,0.5,210,1
0.5,-0.15,0.95,0.5,120,0
0.5,-0.15,0.95,0.5,240,1
0.5,-0.15,0.95,0.6,0,1
0.5,-0.15,0.95,0.6,180,0
0.5,-0.15,0.95,0.6,90,0
0.5,-0.15,0.95,0.6,270,1
0.5,-0.15,0.95,0.6,30,0
0.5,-0.15,0.95,0.6,330,1
0.5,-0.15,0.95,0.6,60,0
0.5,-0.15,0.95,0.6,300,0
0.5,-0.15,0.95,0.6,150,0
0.5,-0.15,0.95,0.6,210,1
0.5,-0.15,0.95,0.6,120,0
0.5,-0.15,0.95,0.6,240,1
0.5,-0.15,1.0,0.4,0,1
0.5,-0.15,1.0,0.4,180,0
0.5,-0.15,1.0,0.4,90,0
0.5,-0.15,1.0,0.4,270,1
0.5,-0.15,1.0,0.4,30,1
0.5,-0.15,1.0,0.4,330,1
0.5,-0.15,1.0,0.4,60,0
0.5,-0.15,1.0,0.4,300,0
0.5,-0.15,1.0,0.4,150,0
0.5,-0.15,1.0,0.4,210,0
0.5,-0.15,1.0,0.4,120,0
0.5,-0.15,1.0,0.4,240,1
0.5,-0.15,1.0,0.5,0,1
0.5,-0.15,1.0,0.5,180,0
0.5,-0.15,1.0,0.5,90,0
0.5,-0.15,1.0,0.5,270,1
0.5,-0.15,1.0,0.5,30,1
0.5,-0.15,1.0,0.5,330,1
0.5,-0.15,1.0,0.5,60,0
0.5,-0.15,1.0,0.5,300,0
0.5,-0.15,1.0,0.5,150,0
0.5,-0.15,1.0,0.5,210,0
0.5,-0.15,1.0,0.5,120,0
0.5,-0.15,1.0,0.5,240,1
0.5,-0.15,1.0,0.6,0,1
0.5,-0.15,1.0,0.6,180,0
0.5,-0.15,1.0,0.6,90,0
0.5,-0.15,1.0,0.6,270,1
0.5,-0.15,1.0,0.6,30,0
0.5,-0.15,1.0,0.6,330,1
0.5,-0.15,1.0,0.6,60,0
0.5,-0.15,1.0,0.6,300,0
0.5,-0.15,1.0,0.6,150,0
0.5,-0.15,1.0,0.6,210,0
0.5,-0.15,1.0,0.6,120,0
0.5,-0.15,1.0,0.6,240,0
0.5,-0.1,0.65,0.4,0,1
0.5,-0.1,0.65,0.4,180,1
0.5,-0.1,0.65,0.4,90,0
0.5,-0.1,0.65,0.4,270,1
0.5,-0.1,0.65,0.4,30,1
0.5,-0.1,0.65,0.4,330,1
0.5,-0.1,0.65,0.4,60,1
0.5,-0.1,0.65,0.4,300,0
0.5,-0.1,0.65,0.4,150,0
0.5,-0.1,0.65,0.4,210,1
0.5,-0.1,0.65,0.4,120,0
0.5,-0.1,0.65,0.4,240,0
0.5,-0.1,0.65,0.5,0,1
0.5,-0.1,0.65,0.5,180,0
0.5,-0.1,0.65,0.5,90,0
0.5,-0.1,0.65,0.5,270,1
0.5,-0.1,0.65,0.5,30,1
0.5,-0.1,0.65,0.5,330,1
0.5,-0.1,0.65,0.5,60,0
0.5,-0.1,0.65,0.5,300,0
0.5,-0.1,0.65,0.5,150,0
0.5,-0.1,0.65,0.5,210,1
0.5,-0.1,0.65,0.5,120,0
0.5,-0.1,0.65,0.5,240,1
0.5,-0.1,0.65,0.6,0,1
0.5,-0.1,0.65,0.6,180,0
0.5,-0.1,0.65,0.6,90,0
0.5,-0.1,0.65,0.6,270,1
0.5,-0.1,0.65,0.6,30,1
0.5,-0.1,0.65,0.6,330,0
0.5,-0.1,0.65,0.6,60,0
0.5,-0.1,0.65,0.6,300,0
0.5,-0.1,0.65,0.6,150,0
0.5,-0.1,0.65,0.6,210,1
0.5,-0.1,0.65,0.6,120,0
0.5,-0.1,0.65,0.6,240,1
0.5,-0.1,0.7,0.4,0,1
0.5,-0.1,0.7,0.4,180,0
0.5,-0.1,0.7,0.4,90,0
0.5,-0.1,0.7,0.4,270,1
0.5,-0.1,0.7,0.4,30,1
0.5,-0.1,0.7,0.4,330,1
0.5,-0.1,0.7,0.4,60,1
0.5,-0.1,0.7,0.4,300,0
0.5,-0.1,0.7,0.4,150,0
0.5,-0.1,0.7,0.4,210,1
0.5,-0.1,0.7,0.4,120,0
0.5,-0.1,0.7,0.4,240,1
0.5,-0.1,0.7,0.5,0,1
0.5,-0.1,0.7,0.5,180,0
0.5,-0.1,0.7,0.5,90,0
0.5,-0.1,0.7,0.5,270,1
0.5,-0.1,0.7,0.5,30,1
0.5,-0.1,0.7,0.5,330,1
0.5,-0.1,0.7,0.5,60,0
0.5,-0.1,0.7,0.5,300,0
0.5,-0.1,0.7,0.5,150,0
0.5,-0.1,0.7,0.5,210,1
0.5,-0.1,0.7,0.5,120,0
0.5,-0.1,0.7,0.5,240,0
0.5,-0.1,0.7,0.6,0,1
0.5,-0.1,0.7,0.6,180,0
0.5,-0.1,0.7,0.6,90,0
0.5,-0.1,0.7,0.6,270,0
0.5,-0.1,0.7,0.6,30,1
0.5,-0.1,0.7,0.6,330,0
0.5,-0.1,0.7,0.6,60,0
0.5,-0.1,0.7,0.6,300,0
0.5,-0.1,0.7,0.6,150,0
0.5,-0.1,0.7,0.6,210,1
0.5,-0.1,0.7,0.6,120,0
0.5,-0.1,0.7,0.6,240,1
0.5,-0.1,0.75,0.4,0,1
0.5,-0.1,0.75,0.4,180,1
0.5,-0.1,0.75,0.4,90,0
0.5,-0.1,0.75,0.4,270,1
0.5,-0.1,0.75,0.4,30,1
0.5,-0.1,0.75,0.4,330,1
0.5,-0.1,0.75,0.4,60,1
0.5,-0.1,0.75,0.4,300,0
0.5,-0.1,0.75,0.4,150,0
0.5,-0.1,0.75,0.4,210,1
0.5,-0.1,0.75,0.4,120,0
0.5,-0.1,0.75,0.4,240,1
0.5,-0.1,0.75,0.5,0,1
0.5,-0.1,0.75,0.5,180,0
0.5,-0.1,0.75,0.5,90,0
0.5,-0.1,0.75,0.5,270,1
0.5,-0.1,0.75,0.5,30,1
0.5,-0.1,0.75,0.5,330,0
0.5,-0.1,0.75,0.5,60,0
0.5,-0.1,0.75,0.5,300,0
0.5,-0.1,0.75,0.5,150,0
0.5,-0.1,0.75,0.5,210,1
0.5,-0.1,0.75,0.5,120,0
0.5,-0.1,0.75,0.5,240,1
0.5,-0.1,0.75,0.6,0,1
0.5,-0.1,0.75,0.6,180,0
0.5,-0.1,0.75,0.6,90,0
0.5,-0.1,0.75,0.6,270,0
0.5,-0.1,0.75,0.6,30,0
0.5,-0.1,0.75,0.6,330,0
0.5,-0.1,0.75,0.6,60,0
0.5,-0.1,0.8,0.4,0,1
0.5,-0.1,0.8,0.4,180,0
0.5,-0.1,0.8,0.4,90,0
0.5,-0.1,0.8,0.4,270,1
0.5,-0.1,0.8,0.4,30,1
0.5,-0.1,0.8,0.4,330,1
0.5,-0.1,0.8,0.4,60,1
0.5,-0.1,0.8,0.4,300,0
0.5,-0.1,0.8,0.4,150,0
0.5,-0.1,0.8,0.4,210,1
0.5,-0.1,0.8,0.4,120,0
0.5,-0.1,0.8,0.4,240,1
0.5,-0.1,0.8,0.5,0,1
0.5,-0.1,0.8,0.5,180,0
0.5,-0.1,0.8,0.5,90,0
0.5,-0.1,0.8,0.5,270,1
0.5,-0.1,0.8,0.5,30,1
0.5,-0.1,0.8,0.5,330,1
0.5,-0.1,0.8,0.5,60,0
0.5,-0.1,0.8,0.5,300,0
0.5,-0.1,0.8,0.5,150,0
0.5,-0.1,0.8,0.5,210,1
0.5,-0.1,0.8,0.5,120,0
0.5,-0.1,0.8,0.5,240,1
0.5,-0.1,0.8,0.6,0,1
0.5,-0.1,0.8,0.6,180,0
0.5,-0.1,0.8,0.6,90,0
0.5,-0.1,0.8,0.6,270,1
0.5,-0.1,0.8,0.6,30,0
0.5,-0.1,0.8,0.6,330,1
0.5,-0.1,0.8,0.6,60,0
0.5,-0.1,0.8,0.6,300,1
0.5,-0.1,0.8,0.6,150,0
0.5,-0.1,0.8,0.6,210,1
0.5,-0.1,0.8,0.6,120,0
0.5,-0.1,0.8,0.6,240,1
0.5,-0.1,0.85,0.4,0,1
0.5,-0.1,0.85,0.4,180,1
0.5,-0.1,0.85,0.4,90,0
0.5,-0.1,0.85,0.4,270,1
0.5,-0.1,0.85,0.4,30,1
0.5,-0.1,0.85,0.4,330,1
0.5,-0.1,0.85,0.4,60,1
0.5,-0.1,0.85,0.4,300,0
0.5,-0.1,0.85,0.4,150,0
0.5,-0.1,0.85,0.4,210,1
0.5,-0.1,0.85,0.4,120,0
0.5,-0.1,0.85,0.4,240,1
0.5,-0.1,0.85,0.5,0,1
0.5,-0.1,0.85,0.5,180,0
0.5,-0.1,0.85,0.5,90,0
0.5,-0.1,0.85,0.5,270,0
0.5,-0.1,0.85,0.5,30,1
0.5,-0.1,0.85,0.5,330,1
0.5,-0.1,0.85,0.5,60,0
0.5,-0.1,0.85,0.5,300,0
0.5,-0.1,0.85,0.5,150,0
0.5,-0.1,0.85,0.5,210,1
0.5,-0.1,0.85,0.5,120,0
0.5,-0.1,0.85,0.5,240,0
0.5,-0.1,0.85,0.6,0,1
0.5,-0.1,0.85,0.6,180,0
0.5,-0.1,0.85,0.6,90,0
0.5,-0.1,0.85,0.6,270,1
0.5,-0.1,0.85,0.6,30,0
0.5,-0.1,0.85,0.6,330,1
0.5,-0.1,0.85,0.6,60,0
0.5,-0.1,0.85,0.6,300,0
0.5,-0.1,0.85,0.6,150,0
0.5,-0.1,0.85,0.6,210,1
0.5,-0.1,0.85,0.6,120,0
0.5,-0.1,0.85,0.6,240,0
0.5,-0.1,0.9,0.4,0,1
0.5,-0.1,0.9,0.4,180,1
0.5,-0.1,0.9,0.4,90,0
0.5,-0.1,0.9,0.4,270,1
0.5,-0.1,0.9,0.4,30,1
0.5,-0.1,0.9,0.4,330,1
0.5,-0.1,0.9,0.4,60,1
0.5,-0.1,0.9,0.4,300,0
0.5,-0.1,0.9,0.4,150,0
0.5,-0.1,0.9,0.4,210,1
0.5,-0.1,0.9,0.4,120,0
0.5,-0.1,0.9,0.4,240,1
0.5,-0.1,0.9,0.5,0,1
0.5,-0.1,0.9,0.5,180,0
0.5,-0.1,0.9,0.5,90,0
0.5,-0.1,0.9,0.5,270,1
0.5,-0.1,0.9,0.5,30,1
0.5,-0.1,0.9,0.5,330,1
0.5,-0.1,0.9,0.5,60,0
0.5,-0.1,0.9,0.5,300,0
0.5,-0.1,0.9,0.5,150,0
0.5,-0.1,0.9,0.5,210,1
0.5,-0.1,0.9,0.5,120,0
0.5,-0.1,0.9,0.5,240,1
0.5,-0.1,0.9,0.6,0,1
0.5,-0.1,0.9,0.6,180,0
0.5,-0.1,0.9,0.6,90,0
0.5,-0.1,0.9,0.6,270,0
0.5,-0.1,0.9,0.6,30,0
0.5,-0.1,0.9,0.6,330,1
0.5,-0.1,0.9,0.6,60,0
0.5,-0.1,0.9,0.6,300,0
0.5,-0.1,0.9,0.6,150,0
0.5,-0.1,0.9,0.6,210,1
0.5,-0.1,0.9,0.6,120,0
0.5,-0.1,0.9,0.6,240,1
0.5,-0.1,0.95,0.4,0,1
0.5,-0.1,0.95,0.4,180,1
0.5,-0.1,0.95,0.4,90,0
0.5,-0.1,0.95,0.4,270,1
0.5,-0.1,0.95,0.4,30,1
0.5,-0.1,0.95,0.4,330,1
0.5,-0.1,0.95,0.4,60,1
0.5,-0.1,0.95,0.4,300,0
0.5,-0.1,0.95,0.4,150,0
0.5,-0.1,0.95,0.4,210,1
0.5,-0.1,0.95,0.4,120,0
0.5,-0.1,0.95,0.4,240,1
0.5,-0.1,0.95,0.5,0,1
0.5,-0.1,0.95,0.5,180,0
0.5,-0.1,0.95,0.5,90,0
0.5,-0.1,0.95,0.5,270,0
0.5,-0.1,0.95,0.5,30,1
0.5,-0.1,0.95,0.5,330,1
0.5,-0.1,0.95,0.5,60,0
0.5,-0.1,0.95,0.5,300,0
0.5,-0.1,0.95,0.5,150,0
0.5,-0.1,0.95,0.5,210,0
0.5,-0.1,0.95,0.5,120,0
0.5,-0.1,0.95,0.5,240,1
0.5,-0.1,0.95,0.6,0,1
0.5,-0.1,0.95,0.6,180,0
0.5,-0.1,0.95,0.6,90,0
0.5,-0.1,0.95,0.6,270,0
0.5,-0.1,0.95,0.6,30,0
0.5,-0.1,0.95,0.6,330,1
0.5,-0.1,0.95,0.6,60,0
0.5,-0.1,0.95,0.6,300,1
0.5,-0.1,0.95,0.6,150,0
0.5,-0.1,0.95,0.6,210,0
0.5,-0.1,0.95,0.6,120,0
0.5,-0.1,0.95,0.6,240,0
0.5,-0.1,1.0,0.4,0,1
0.5,-0.1,1.0,0.4,180,0
0.5,-0.1,1.0,0.4,90,0
0.5,-0.1,1.0,0.4,270,1
0.5,-0.1,1.0,0.4,30,1
0.5,-0.1,1.0,0.4,330,1
0.5,-0.1,1.0,0.4,60,0
0.5,-0.1,1.0,0.4,300,0
0.5,-0.1,1.0,0.4,150,0
0.5,-0.1,1.0,0.4,210,1
0.5,-0.1,1.0,0.4,120,0
0.5,-0.1,1.0,0.4,240,1
0.5,-0.1,1.0,0.5,0,1
0.5,-0.1,1.0,0.5,180,0
0.5,-0.1,1.0,0.5,90,0
0.5,-0.1,1.0,0.5,270,1
0.5,-0.1,1.0,0.5,30,1
0.5,-0.1,1.0,0.5,330,1
0.5,-0.1,1.0,0.5,60,0
0.5,-0.1,1.0,0.5,300,0
0.5,-0.1,1.0,0.5,150,0
0.5,-0.1,1.0,0.5,210,0
0.5,-0.1,1.0,0.5,120,0
0.5,-0.1,1.0,0.5,240,1
0.5,-0.1,1.0,0.6,0,1
0.5,-0.1,1.0,0.6,180,0
0.5,-0.1,1.0,0.6,90,0
0.5,-0.1,1.0,0.6,270,1
0.5,-0.1,1.0,0.6,30,0
0.5,-0.1,1.0,0.6,330,1
0.5,-0.1,1.0,0.6,60,0
0.5,-0.1,1.0,0.6,300,1
0.5,-0.1,1.0,0.6,150,0
0.5,-0.1,1.0,0.6,210,1
0.5,-0.1,1.0,0.6,120,0
0.5,-0.1,1.0,0.6,240,1
0.55,-0.45,0.65,0.4,0,1
0.55,-0.45,0.65,0.4,180,0
0.55,-0.45,0.65,0.4,90,0
0.55,-0.45,0.65,0.4,270,1
0.55,-0.45,0.65,0.4,30,1
0.55,-0.45,0.65,0.4,330,1
0.55,-0.45,0.65,0.4,60,1
0.55,-0.45,0.65,0.4,300,1
0.55,-0.45,0.65,0.4,150,0
0.55,-0.45,0.65,0.4,210,0
0.55,-0.45,0.65,0.4,120,0
0.55,-0.45,0.65,0.4,240,1
0.55,-0.45,0.65,0.5,0,1
0.55,-0.45,0.65,0.5,180,0
0.55,-0.45,0.65,0.5,90,0
0.55,-0.45,0.65,0.5,270,1
0.55,-0.45,0.65,0.5,30,1
0.55,-0.45,0.65,0.5,330,1
0.55,-0.45,0.65,0.5,60,0
0.55,-0.45,0.65,0.5,300,1
0.55,-0.45,0.65,0.5,150,0
0.55,-0.45,0.65,0.5,210,0
0.55,-0.45,0.65,0.5,120,0
0.55,-0.45,0.65,0.5,240,1
0.55,-0.45,0.65,0.6,0,1
0.55,-0.45,0.65,0.6,180,0
0.55,-0.45,0.65,0.6,90,0
0.55,-0.45,0.65,0.6,270,1
0.55,-0.45,0.65,0.6,30,1
0.55,-0.45,0.65,0.6,330,1
0.55,-0.45,0.65,0.6,60,0
0.55,-0.45,0.65,0.6,300,1
0.55,-0.45,0.65,0.6,150,0
0.55,-0.45,0.65,0.6,210,0
0.55,-0.45,0.65,0.6,120,0
0.55,-0.45,0.65,0.6,240,0
0.55,-0.45,0.7,0.4,0,1
0.55,-0.45,0.7,0.4,180,0
0.55,-0.45,0.7,0.4,90,0
0.55,-0.45,0.7,0.4,270,1
0.55,-0.45,0.7,0.4,30,1
0.55,-0.45,0.7,0.4,330,1
0.55,-0.45,0.7,0.4,60,0
0.55,-0.45,0.7,0.4,300,0
0.55,-0.45,0.7,0.4,150,0
0.55,-0.45,0.7,0.4,210,0
0.55,-0.45,0.7,0.4,120,0
0.55,-0.45,0.7,0.4,240,1
0.55,-0.45,0.7,0.5,0,1
0.55,-0.45,0.7,0.5,180,0
0.55,-0.45,0.7,0.5,90,0
0.55,-0.45,0.7,0.5,270,1
0.55,-0.45,0.7,0.5,30,1
0.55,-0.45,0.7,0.5,330,1
0.55,-0.45,0.7,0.5,60,0
0.55,-0.45,0.7,0.5,300,1
0.55,-0.45,0.7,0.5,150,0
0.55,-0.45,0.7,0.5,210,0
0.55,-0.45,0.7,0.5,120,0
0.55,-0.45,0.7,0.5,240,1
0.55,-0.45,0.7,0.6,0,1
0.55,-0.45,0.7,0.6,180,0
0.55,-0.45,0.7,0.6,90,0
0.55,-0.45,0.7,0.6,270,0
0.55,-0.45,0.7,0.6,30,1
0.55,-0.45,0.7,0.6,330,1
0.55,-0.45,0.7,0.6,60,0
0.55,-0.45,0.7,0.6,300,1
0.55,-0.45,0.7,0.6,150,0
0.55,-0.45,0.7,0.6,210,0
0.55,-0.45,0.7,0.6,120,0
0.55,-0.45,0.7,0.6,240,0
0.55,-0.45,0.75,0.4,0,1
0.55,-0.45,0.75,0.4,180,0
0.55,-0.45,0.75,0.4,90,0
0.55,-0.45,0.75,0.4,270,1
0.55,-0.45,0.75,0.4,30,1
0.55,-0.45,0.75,0.4,330,1
0.55,-0.45,0.75,0.4,60,0
0.55,-0.45,0.75,0.4,300,0
0.55,-0.45,0.75,0.4,150,0
0.55,-0.45,0.75,0.4,210,0
0.55,-0.45,0.75,0.4,120,0
0.55,-0.45,0.75,0.4,240,1
0.55,-0.45,0.75,0.5,0,1
0.55,-0.45,0.75,0.5,180,0
0.55,-0.45,0.75,0.5,90,0
0.55,-0.45,0.75,0.5,270,1
0.55,-0.45,0.75,0.5,30,1
0.55,-0.45,0.75,0.5,330,1
0.55,-0.45,0.75,0.5,60,0
0.55,-0.45,0.75,0.5,300,1
0.55,-0.45,0.75,0.5,150,0
0.55,-0.45,0.75,0.5,210,0
0.55,-0.45,0.75,0.5,120,0
0.55,-0.45,0.75,0.5,240,1
0.55,-0.45,0.75,0.6,0,1
0.55,-0.45,0.75,0.6,180,0
0.55,-0.45,0.75,0.6,90,0
0.55,-0.45,0.75,0.6,270,0
0.55,-0.45,0.75,0.6,30,1
0.55,-0.45,0.75,0.6,330,1
0.55,-0.45,0.75,0.6,60,0
0.55,-0.45,0.75,0.6,300,0
0.55,-0.45,0.75,0.6,150,0
0.55,-0.45,0.75,0.6,210,0
0.55,-0.45,0.75,0.6,120,0
0.55,-0.45,0.75,0.6,240,0
0.55,-0.45,0.8,0.4,0,1
0.55,-0.45,0.8,0.4,180,0
0.55,-0.45,0.8,0.4,90,0
0.55,-0.45,0.8,0.4,270,0
0.55,-0.45,0.8,0.4,30,1
0.55,-0.45,0.8,0.4,330,1
0.55,-0.45,0.8,0.4,60,0
0.55,-0.45,0.8,0.4,300,1
0.55,-0.45,0.8,0.4,150,0
0.55,-0.45,0.8,0.4,210,0
0.55,-0.45,0.8,0.4,120,0
0.55,-0.45,0.8,0.4,240,0
0.55,-0.45,0.8,0.5,0,1
0.55,-0.45,0.8,0.5,180,0
0.55,-0.45,0.8,0.5,90,0
0.55,-0.45,0.8,0.5,270,1
0.55,-0.45,0.8,0.5,30,1
0.55,-0.45,0.8,0.5,330,1
0.55,-0.45,0.8,0.5,60,0
0.55,-0.45,0.8,0.5,300,1
0.55,-0.45,0.8,0.5,150,0
0.55,-0.45,0.8,0.5,210,0
0.55,-0.45,0.8,0.5,120,0
0.55,-0.45,0.8,0.5,240,1
0.55,-0.45,0.8,0.6,0,1
0.55,-0.45,0.8,0.6,180,0
0.55,-0.45,0.8,0.6,90,0
0.55,-0.45,0.8,0.6,270,0
0.55,-0.45,0.8,0.6,30,1
0.55,-0.45,0.8,0.6,330,1
0.55,-0.45,0.8,0.6,60,0
0.55,-0.45,0.8,0.6,300,1
0.55,-0.45,0.8,0.6,150,0
0.55,-0.45,0.8,0.6,210,0
0.55,-0.45,0.8,0.6,120,0
0.55,-0.45,0.8,0.6,240,0
0.55,-0.45,0.85,0.4,0,1
0.55,-0.45,0.85,0.4,180,0
0.55,-0.45,0.85,0.4,90,0
0.55,-0.45,0.85,0.4,270,0
0.55,-0.45,0.85,0.4,30,1
0.55,-0.45,0.85,0.4,330,1
0.55,-0.45,0.85,0.4,60,0
0.55,-0.45,0.85,0.4,300,1
0.55,-0.45,0.85,0.4,150,0
0.55,-0.45,0.85,0.4,210,0
0.55,-0.45,0.85,0.4,120,0
0.55,-0.45,0.85,0.4,240,1
0.55,-0.45,0.85,0.5,0,1
0.55,-0.45,0.85,0.5,180,0
0.55,-0.45,0.85,0.5,90,0
0.55,-0.45,0.85,0.5,270,1
0.55,-0.45,0.85,0.5,30,1
0.55,-0.45,0.85,0.5,330,1
0.55,-0.45,0.85,0.5,60,0
0.55,-0.45,0.85,0.5,300,0
0.55,-0.45,0.85,0.5,150,0
0.55,-0.45,0.85,0.5,210,0
0.55,-0.45,0.85,0.5,120,0
0.55,-0.45,0.85,0.5,240,1
0.55,-0.45,0.85,0.6,0,1
0.55,-0.45,0.85,0.6,180,0
0.55,-0.45,0.85,0.6,90,0
0.55,-0.45,0.85,0.6,270,1
0.55,-0.45,0.85,0.6,30,1
0.55,-0.45,0.85,0.6,330,1
0.55,-0.45,0.85,0.6,60,0
0.55,-0.45,0.85,0.6,300,1
0.55,-0.45,0.85,0.6,150,0
0.55,-0.45,0.85,0.6,210,0
0.55,-0.45,0.85,0.6,120,0
0.55,-0.45,0.85,0.6,240,0
0.55,-0.45,0.9,0.4,0,1
0.55,-0.45,0.9,0.4,180,0
0.55,-0.45,0.9,0.4,90,0
0.55,-0.45,0.9,0.4,270,1
0.55,-0.45,0.9,0.4,30,1
0.55,-0.45,0.9,0.4,330,1
0.55,-0.45,0.9,0.4,60,0
0.55,-0.45,0.9,0.4,300,1
0.55,-0.45,0.9,0.4,150,0
0.55,-0.45,0.9,0.4,210,0
0.55,-0.45,0.9,0.4,120,0
0.55,-0.45,0.9,0.4,240,1
0.55,-0.45,0.9,0.5,0,1
0.55,-0.45,0.9,0.5,180,0
0.55,-0.45,0.9,0.5,90,0
0.55,-0.45,0.9,0.5,270,1
0.55,-0.45,0.9,0.5,30,1
0.55,-0.45,0.9,0.5,330,1
0.55,-0.45,0.9,0.5,60,0
0.55,-0.45,0.9,0.5,300,0
0.55,-0.45,0.9,0.5,150,0
0.55,-0.45,0.9,0.5,210,0
0.55,-0.45,0.9,0.5,120,0
0.55,-0.45,0.9,0.5,240,0
0.55,-0.45,0.9,0.6,0,1
0.55,-0.45,0.9,0.6,180,0
0.55,-0.45,0.9,0.6,90,0
0.55,-0.45,0.9,0.6,270,0
0.55,-0.45,0.9,0.6,30,1
0.55,-0.45,0.9,0.6,330,1
0.55,-0.45,0.9,0.6,60,0
0.55,-0.45,0.9,0.6,300,1
0.55,-0.45,0.9,0.6,150,0
0.55,-0.45,0.9,0.6,210,0
0.55,-0.45,0.9,0.6,120,0
0.55,-0.45,0.9,0.6,240,0
0.55,-0.45,0.95,0.4,0,1
0.55,-0.45,0.95,0.4,180,0
0.55,-0.45,0.95,0.4,90,0
0.55,-0.45,0.95,0.4,270,1
0.55,-0.45,0.95,0.4,30,1
0.55,-0.45,0.95,0.4,330,1
0.55,-0.45,0.95,0.4,60,0
0.55,-0.45,0.95,0.4,300,1
0.55,-0.45,0.95,0.4,150,0
0.55,-0.45,0.95,0.4,210,0
0.55,-0.45,0.95,0.4,120,0
0.55,-0.45,0.95,0.4,240,0
0.55,-0.45,0.95,0.5,0,1
0.55,-0.45,0.95,0.5,180,0
0.55,-0.45,0.95,0.5,90,0
0.55,-0.45,0.95,0.5,270,1
0.55,-0.45,0.95,0.5,30,1
0.55,-0.45,0.95,0.5,330,1
0.55,-0.45,0.95,0.5,60,0
0.55,-0.45,0.95,0.5,300,0
0.55,-0.45,0.95,0.5,150,0
0.55,-0.45,0.95,0.5,210,0
0.55,-0.45,0.95,0.5,120,0
0.55,-0.45,0.95,0.5,240,0
0.55,-0.45,0.95,0.6,0,1
0.55,-0.45,0.95,0.6,180,0
0.55,-0.45,0.95,0.6,90,0
0.55,-0.45,0.95,0.6,270,1
0.55,-0.45,0.95,0.6,30,1
0.55,-0.45,0.95,0.6,330,1
0.55,-0.45,0.95,0.6,60,0
0.55,-0.45,0.95,0.6,300,1
0.55,-0.45,0.95,0.6,150,0
0.55,-0.45,0.95,0.6,210,0
0.55,-0.45,0.95,0.6,120,0
0.55,-0.45,0.95,0.6,240,0
0.55,-0.45,1.0,0.4,0,1
0.55,-0.45,1.0,0.4,180,0
0.55,-0.45,1.0,0.4,90,0
0.55,-0.45,1.0,0.4,270,1
0.55,-0.45,1.0,0.4,30,1
0.55,-0.45,1.0,0.4,330,1
0.55,-0.45,1.0,0.4,60,0
0.55,-0.45,1.0,0.4,300,1
0.55,-0.45,1.0,0.4,150,0
0.55,-0.45,1.0,0.4,210,0
0.55,-0.45,1.0,0.4,120,0
0.55,-0.45,1.0,0.4,240,0
0.55,-0.45,1.0,0.5,0,1
0.55,-0.45,1.0,0.5,180,0
0.55,-0.45,1.0,0.5,90,0
0.55,-0.45,1.0,0.5,270,0
0.55,-0.45,1.0,0.5,30,1
0.55,-0.45,1.0,0.5,330,1
0.55,-0.45,1.0,0.5,60,0
0.55,-0.45,1.0,0.5,300,1
0.55,-0.45,1.0,0.5,150,0
0.55,-0.45,1.0,0.5,210,0
0.55,-0.45,1.0,0.5,120,0
0.55,-0.45,1.0,0.5,240,0
0.55,-0.45,1.0,0.6,0,1
0.55,-0.45,1.0,0.6,180,0
0.55,-0.45,1.0,0.6,90,0
0.55,-0.45,1.0,0.6,270,0
0.55,-0.45,1.0,0.6,30,0
0.55,-0.45,1.0,0.6,330,1
0.55,-0.45,1.0,0.6,60,0
0.55,-0.45,1.0,0.6,300,0
0.55,-0.45,1.0,0.6,150,0
0.55,-0.45,1.0,0.6,210,0
0.55,-0.45,1.0,0.6,120,0
0.55,-0.45,1.0,0.6,240,0
0.55,-0.4,0.65,0.4,0,1
0.55,-0.4,0.65,0.4,180,0
0.55,-0.4,0.65,0.4,90,0
0.55,-0.4,0.65,0.4,270,1
0.55,-0.4,0.65,0.4,30,1
0.55,-0.4,0.65,0.4,330,1
0.55,-0.4,0.65,0.4,60,1
0.55,-0.4,0.65,0.4,300,1
0.55,-0.4,0.65,0.4,150,0
0.55,-0.4,0.65,0.4,210,0
0.55,-0.4,0.65,0.4,120,0
0.55,-0.4,0.65,0.4,240,1
0.55,-0.4,0.65,0.5,0,1
0.55,-0.4,0.65,0.5,180,0
0.55,-0.4,0.65,0.5,90,0
0.55,-0.4,0.65,0.5,270,1
0.55,-0.4,0.65,0.5,30,1
0.55,-0.4,0.65,0.5,330,1
0.55,-0.4,0.65,0.5,60,0
0.55,-0.4,0.65,0.5,300,1
0.55,-0.4,0.65,0.5,150,0
0.55,-0.4,0.65,0.5,210,0
0.55,-0.4,0.65,0.5,120,0
0.55,-0.4,0.65,0.5,240,1
0.55,-0.4,0.65,0.6,0,1
0.55,-0.4,0.65,0.6,180,0
0.55,-0.4,0.65,0.6,90,0
0.55,-0.4,0.65,0.6,270,1
0.55,-0.4,0.65,0.6,30,1
0.55,-0.4,0.65,0.6,330,1
0.55,-0.4,0.65,0.6,60,0
0.55,-0.4,0.65,0.6,300,1
0.55,-0.4,0.65,0.6,150,0
0.55,-0.4,0.65,0.6,210,0
0.55,-0.4,0.65,0.6,120,0
0.55,-0.4,0.65,0.6,240,1
0.55,-0.4,0.7,0.4,0,1
0.55,-0.4,0.7,0.4,180,0
0.55,-0.4,0.7,0.4,90,0
0.55,-0.4,0.7,0.4,270,1
0.55,-0.4,0.7,0.4,30,1
0.55,-0.4,0.7,0.4,330,1
0.55,-0.4,0.7,0.4,60,1
0.55,-0.4,0.7,0.4,300,1
0.55,-0.4,0.7,0.4,150,0
0.55,-0.4,0.7,0.4,210,0
0.55,-0.4,0.7,0.4,120,0
0.55,-0.4,0.7,0.4,240,1
0.55,-0.4,0.7,0.5,0,1
0.55,-0.4,0.7,0.5,180,0
0.55,-0.4,0.7,0.5,90,0
0.55,-0.4,0.7,0.5,270,1
0.55,-0.4,0.7,0.5,30,1
0.55,-0.4,0.7,0.5,330,1
0.55,-0.4,0.7,0.5,60,0
0.55,-0.4,0.7,0.5,300,0
0.55,-0.4,0.7,0.5,150,0
0.55,-0.4,0.7,0.5,210,0
0.55,-0.4,0.7,0.5,120,0
0.55,-0.4,0.7,0.5,240,1
0.55,-0.4,0.7,0.6,0,1
0.55,-0.4,0.7,0.6,180,0
0.55,-0.4,0.7,0.6,90,0
0.55,-0.4,0.7,0.6,270,1
0.55,-0.4,0.7,0.6,30,1
0.55,-0.4,0.7,0.6,330,1
0.55,-0.4,0.7,0.6,60,0
0.55,-0.4,0.7,0.6,300,1
0.55,-0.4,0.7,0.6,150,0
0.55,-0.4,0.7,0.6,210,0
0.55,-0.4,0.7,0.6,120,0
0.55,-0.4,0.7,0.6,240,1
0.55,-0.4,0.75,0.4,0,1
0.55,-0.4,0.75,0.4,180,0
0.55,-0.4,0.75,0.4,90,0
0.55,-0.4,0.75,0.4,270,1
0.55,-0.4,0.75,0.4,30,1
0.55,-0.4,0.75,0.4,330,1
0.55,-0.4,0.75,0.4,60,1
0.55,-0.4,0.75,0.4,300,1
0.55,-0.4,0.75,0.4,150,0
0.55,-0.4,0.75,0.4,210,0
0.55,-0.4,0.75,0.4,120,0
0.55,-0.4,0.75,0.4,240,1
0.55,-0.4,0.75,0.5,0,1
0.55,-0.4,0.75,0.5,180,0
0.55,-0.4,0.75,0.5,90,0
0.55,-0.4,0.75,0.5,270,0
0.55,-0.4,0.75,0.5,30,1
0.55,-0.4,0.75,0.5,330,1
0.55,-0.4,0.75,0.5,60,0
0.55,-0.4,0.75,0.5,300,0
0.55,-0.4,0.75,0.5,150,0
0.55,-0.4,0.75,0.5,210,0
0.55,-0.4,0.75,0.5,120,0
0.55,-0.4,0.75,0.5,240,1
0.55,-0.4,0.75,0.6,0,1
0.55,-0.4,0.75,0.6,180,0
0.55,-0.4,0.75,0.6,90,0
0.55,-0.4,0.75,0.6,270,1
0.55,-0.4,0.75,0.6,30,1
0.55,-0.4,0.75,0.6,330,1
0.55,-0.4,0.75,0.6,60,0
0.55,-0.4,0.75,0.6,300,1
0.55,-0.4,0.75,0.6,150,0
0.55,-0.4,0.75,0.6,210,0
0.55,-0.4,0.75,0.6,120,0
0.55,-0.4,0.75,0.6,240,1
0.55,-0.4,0.8,0.4,0,1
0.55,-0.4,0.8,0.4,180,0
0.55,-0.4,0.8,0.4,90,0
0.55,-0.4,0.8,0.4,270,0
0.55,-0.4,0.8,0.4,30,1
0.55,-0.4,0.8,0.4,330,1
0.55,-0.4,0.8,0.4,60,0
0.55,-0.4,0.8,0.4,300,1
0.55,-0.4,0.8,0.4,150,0
0.55,-0.4,0.8,0.4,210,0
0.55,-0.4,0.8,0.4,120,0
0.55,-0.4,0.8,0.4,240,1
0.55,-0.4,0.8,0.5,0,1
0.55,-0.4,0.8,0.5,180,0
0.55,-0.4,0.8,0.5,90,0
0.55,-0.4,0.8,0.5,270,1
0.55,-0.4,0.8,0.5,30,1
0.55,-0.4,0.8,0.5,330,1
0.55,-0.4,0.8,0.5,60,0
0.55,-0.4,0.8,0.5,300,1
0.55,-0.4,0.8,0.5,150,0
0.55,-0.4,0.8,0.5,210,0
0.55,-0.4,0.8,0.5,120,0
0.55,-0.4,0.8,0.5,240,1
0.55,-0.4,0.8,0.6,0,1
0.55,-0.4,0.8,0.6,180,0
0.55,-0.4,0.8,0.6,90,0
0.55,-0.4,0.8,0.6,270,0
0.55,-0.4,0.8,0.6,30,1
0.55,-0.4,0.8,0.6,330,1
0.55,-0.4,0.8,0.6,60,0
0.55,-0.4,0.8,0.6,300,1
0.55,-0.4,0.8,0.6,150,0
0.55,-0.4,0.8,0.6,210,0
0.55,-0.4,0.8,0.6,120,0
0.55,-0.4,0.8,0.6,240,1
0.55,-0.4,0.85,0.4,0,1
0.55,-0.4,0.85,0.4,180,0
0.55,-0.4,0.85,0.4,90,0
0.55,-0.4,0.85,0.4,270,0
0.55,-0.4,0.85,0.4,30,1
0.55,-0.4,0.85,0.4,330,1
0.55,-0.4,0.85,0.4,60,0
0.55,-0.4,0.85,0.4,300,1
0.55,-0.4,0.85,0.4,150,0
0.55,-0.4,0.85,0.4,210,0
0.55,-0.4,0.85,0.4,120,0
0.55,-0.4,0.85,0.4,240,1
0.55,-0.4,0.85,0.5,0,1
0.55,-0.4,0.85,0.5,180,0
0.55,-0.4,0.85,0.5,90,0
0.55,-0.4,0.85,0.5,270,1
0.55,-0.4,0.85,0.5,30,1
0.55,-0.4,0.85,0.5,330,1
0.55,-0.4,0.85,0.5,60,0
0.55,-0.4,0.85,0.5,300,0
0.55,-0.4,0.85,0.5,150,0
0.55,-0.4,0.85,0.5,210,0
0.55,-0.4,0.85,0.5,120,0
0.55,-0.4,0.85,0.5,240,1
0.55,-0.4,0.85,0.6,0,1
0.55,-0.4,0.85,0.6,180,0
0.55,-0.4,0.85,0.6,90,0
0.55,-0.4,0.85,0.6,270,0
0.55,-0.4,0.85,0.6,30,1
0.55,-0.4,0.85,0.6,330,1
0.55,-0.4,0.85,0.6,60,0
0.55,-0.4,0.85,0.6,300,1
0.55,-0.4,0.85,0.6,150,0
0.55,-0.4,0.85,0.6,210,0
0.55,-0.4,0.85,0.6,120,0
0.55,-0.4,0.85,0.6,240,1
0.55,-0.4,0.9,0.4,0,1
0.55,-0.4,0.9,0.4,180,0
0.55,-0.4,0.9,0.4,90,0
0.55,-0.4,0.9,0.4,270,1
0.55,-0.4,0.9,0.4,30,1
0.55,-0.4,0.9,0.4,330,1
0.55,-0.4,0.9,0.4,60,0
0.55,-0.4,0.9,0.4,300,1
0.55,-0.4,0.9,0.4,150,0
0.55,-0.4,0.9,0.4,210,0
0.55,-0.4,0.9,0.4,120,0
0.55,-0.4,0.9,0.4,240,0
0.55,-0.4,0.9,0.5,0,1
0.55,-0.4,0.9,0.5,180,0
0.55,-0.4,0.9,0.5,90,0
0.55,-0.4,0.9,0.5,270,1
0.55,-0.4,0.9,0.5,30,1
0.55,-0.4,0.9,0.5,330,1
0.55,-0.4,0.9,0.5,60,0
0.55,-0.4,0.9,0.5,300,1
0.55,-0.4,0.9,0.5,150,0
0.55,-0.4,0.9,0.5,210,0
0.55,-0.4,0.9,0.5,120,0
0.55,-0.4,0.9,0.5,240,1
0.55,-0.4,0.9,0.6,0,1
0.55,-0.4,0.9,0.6,180,0
0.55,-0.4,0.9,0.6,90,0
0.55,-0.4,0.9,0.6,270,0
0.55,-0.4,0.9,0.6,30,1
0.55,-0.4,0.9,0.6,330,0
0.55,-0.4,0.9,0.6,60,0
0.55,-0.4,0.9,0.6,300,1
0.55,-0.4,0.9,0.6,150,0
0.55,-0.4,0.9,0.6,210,0
0.55,-0.4,0.9,0.6,120,0
0.55,-0.4,0.9,0.6,240,1
0.55,-0.4,0.95,0.4,0,1
0.55,-0.4,0.95,0.4,180,0
0.55,-0.4,0.95,0.4,90,0
0.55,-0.4,0.95,0.4,270,1
0.55,-0.4,0.95,0.4,30,1
0.55,-0.4,0.95,0.4,330,1
0.55,-0.4,0.95,0.4,60,0
0.55,-0.4,0.95,0.4,300,1
0.55,-0.4,0.95,0.4,150,0
0.55,-0.4,0.95,0.4,210,0
0.55,-0.4,0.95,0.4,120,0
0.55,-0.4,0.95,0.4,240,1
0.55,-0.4,0.95,0.5,0,1
0.55,-0.4,0.95,0.5,180,0
0.55,-0.4,0.95,0.5,90,0
0.55,-0.4,0.95,0.5,270,1
0.55,-0.4,0.95,0.5,30,1
0.55,-0.4,0.95,0.5,330,1
0.55,-0.4,0.95,0.5,60,0
0.55,-0.4,0.95,0.5,300,1
0.55,-0.4,0.95,0.5,150,0
0.55,-0.4,0.95,0.5,210,0
0.55,-0.4,0.95,0.5,120,0
0.55,-0.4,0.95,0.5,240,1
0.55,-0.4,0.95,0.6,0,1
0.55,-0.4,0.95,0.6,180,0
0.55,-0.4,0.95,0.6,90,0
0.55,-0.4,0.95,0.6,270,0
0.55,-0.4,0.95,0.6,30,1
0.55,-0.4,0.95,0.6,330,1
0.55,-0.4,0.95,0.6,60,0
0.55,-0.4,0.95,0.6,300,1
0.55,-0.4,0.95,0.6,150,0
0.55,-0.4,0.95,0.6,210,0
0.55,-0.4,0.95,0.6,120,0
0.55,-0.4,0.95,0.6,240,0
0.55,-0.4,1.0,0.4,0,1
0.55,-0.4,1.0,0.4,180,0
0.55,-0.4,1.0,0.4,90,0
0.55,-0.4,1.0,0.4,270,1
0.55,-0.4,1.0,0.4,30,1
0.55,-0.4,1.0,0.4,330,1
0.55,-0.4,1.0,0.4,60,0
0.55,-0.4,1.0,0.4,300,1
0.55,-0.4,1.0,0.4,150,0
0.55,-0.4,1.0,0.4,210,0
0.55,-0.4,1.0,0.4,120,0
0.55,-0.4,1.0,0.4,240,1
0.55,-0.4,1.0,0.5,0,1
0.55,-0.4,1.0,0.5,180,0
0.55,-0.4,1.0,0.5,90,0
0.55,-0.4,1.0,0.5,270,1
0.55,-0.4,1.0,0.5,30,1
0.55,-0.4,1.0,0.5,330,1
0.55,-0.4,1.0,0.5,60,0
0.55,-0.4,1.0,0.5,300,1
0.55,-0.4,1.0,0.5,150,0
0.55,-0.4,1.0,0.5,210,0
0.55,-0.4,1.0,0.5,120,0
0.55,-0.4,1.0,0.5,240,1
0.55,-0.4,1.0,0.6,0,1
0.55,-0.4,1.0,0.6,180,0
0.55,-0.4,1.0,0.6,90,0
0.55,-0.4,1.0,0.6,270,1
0.55,-0.4,1.0,0.6,30,0
0.55,-0.4,1.0,0.6,330,1
0.55,-0.4,1.0,0.6,60,0
0.55,-0.4,1.0,0.6,300,1
0.55,-0.4,1.0,0.6,150,0
0.55,-0.4,1.0,0.6,210,0
0.55,-0.4,1.0,0.6,120,0
0.55,-0.4,1.0,0.6,240,0
0.55,-0.35,0.65,0.4,0,1
0.55,-0.35,0.65,0.4,180,0
0.55,-0.35,0.65,0.4,90,0
0.55,-0.35,0.65,0.4,270,1
0.55,-0.35,0.65,0.4,30,1
0.55,-0.35,0.65,0.4,330,1
0.55,-0.35,0.65,0.4,60,1
0.55,-0.35,0.65,0.4,300,1
0.55,-0.35,0.65,0.4,150,0
0.55,-0.35,0.65,0.4,210,0
0.55,-0.35,0.65,0.4,120,0
0.55,-0.35,0.65,0.4,240,1
0.55,-0.35,0.65,0.5,0,1
0.55,-0.35,0.65,0.5,180,0
0.55,-0.35,0.65,0.5,90,0
0.55,-0.35,0.65,0.5,270,1
0.55,-0.35,0.65,0.5,30,1
0.55,-0.35,0.65,0.5,330,1
0.55,-0.35,0.65,0.5,60,0
0.55,-0.35,0.65,0.5,300,1
0.55,-0.35,0.65,0.5,150,0
0.55,-0.35,0.65,0.5,210,0
0.55,-0.35,0.65,0.5,120,0
0.55,-0.35,0.65,0.5,240,1
0.55,-0.35,0.65,0.6,0,1
0.55,-0.35,0.65,0.6,180,0
0.55,-0.35,0.65,0.6,90,0
0.55,-0.35,0.65,0.6,270,1
0.55,-0.35,0.65,0.6,30,1
0.55,-0.35,0.65,0.6,330,1
0.55,-0.35,0.65,0.6,60,0
0.55,-0.35,0.65,0.6,300,0
0.55,-0.35,0.65,0.6,150,0
0.55,-0.35,0.65,0.6,210,0
0.55,-0.35,0.65,0.6,120,0
0.55,-0.35,0.65,0.6,240,1
0.55,-0.35,0.7,0.4,0,1
0.55,-0.35,0.7,0.4,180,0
0.55,-0.35,0.7,0.4,90,0
0.55,-0.35,0.7,0.4,270,1
0.55,-0.35,0.7,0.4,30,1
0.55,-0.35,0.7,0.4,330,1
0.55,-0.35,0.7,0.4,60,1
0.55,-0.35,0.7,0.4,300,1
0.55,-0.35,0.7,0.4,150,0
0.55,-0.35,0.7,0.4,210,0
0.55,-0.35,0.7,0.4,120,0
0.55,-0.35,0.7,0.4,240,1
0.55,-0.35,0.7,0.5,0,1
0.55,-0.35,0.7,0.5,180,0
0.55,-0.35,0.7,0.5,90,0
0.55,-0.35,0.7,0.5,270,1
0.55,-0.35,0.7,0.5,30,1
0.55,-0.35,0.7,0.5,330,1
0.55,-0.35,0.7,0.5,60,0
0.55,-0.35,0.7,0.5,300,1
0.55,-0.35,0.7,0.5,150,0
0.55,-0.35,0.7,0.5,210,0
0.55,-0.35,0.7,0.5,120,0
0.55,-0.35,0.7,0.5,240,1
0.55,-0.35,0.7,0.6,0,1
0.55,-0.35,0.7,0.6,180,0
0.55,-0.35,0.7,0.6,90,0
0.55,-0.35,0.7,0.6,270,1
0.55,-0.35,0.7,0.6,30,1
0.55,-0.35,0.7,0.6,330,1
0.55,-0.35,0.7,0.6,60,0
0.55,-0.35,0.7,0.6,300,1
0.55,-0.35,0.7,0.6,150,0
0.55,-0.35,0.7,0.6,210,0
0.55,-0.35,0.7,0.6,120,0
0.55,-0.35,0.7,0.6,240,1
0.55,-0.35,0.75,0.4,0,1
0.55,-0.35,0.75,0.4,180,0
0.55,-0.35,0.75,0.4,90,0
0.55,-0.35,0.75,0.4,270,1
0.55,-0.35,0.75,0.4,30,1
0.55,-0.35,0.75,0.4,330,1
0.55,-0.35,0.75,0.4,60,1
0.55,-0.35,0.75,0.4,300,1
0.55,-0.35,0.75,0.4,150,0
0.55,-0.35,0.75,0.4,210,0
0.55,-0.35,0.75,0.4,120,0
0.55,-0.35,0.75,0.4,240,1
0.55,-0.35,0.75,0.5,0,1
0.55,-0.35,0.75,0.5,180,0
0.55,-0.35,0.75,0.5,90,0
0.55,-0.35,0.75,0.5,270,0
0.55,-0.35,0.75,0.5,30,1
0.55,-0.35,0.75,0.5,330,1
0.55,-0.35,0.75,0.5,60,0
0.55,-0.35,0.75,0.5,300,1
0.55,-0.35,0.75,0.5,150,0
0.55,-0.35,0.75,0.5,210,0
0.55,-0.35,0.75,0.5,120,0
0.55,-0.35,0.75,0.5,240,1
0.55,-0.35,0.75,0.6,0,1
0.55,-0.35,0.75,0.6,180,0
0.55,-0.35,0.75,0.6,90,0
0.55,-0.35,0.75,0.6,270,0
0.55,-0.35,0.75,0.6,30,1
0.55,-0.35,0.75,0.6,330,1
0.55,-0.35,0.75,0.6,60,0
0.55,-0.35,0.75,0.6,300,1
0.55,-0.35,0.75,0.6,150,0
0.55,-0.35,0.75,0.6,210,0
0.55,-0.35,0.75,0.6,120,0
0.55,-0.35,0.75,0.6,240,1
0.55,-0.35,0.8,0.4,0,1
0.55,-0.35,0.8,0.4,180,0
0.55,-0.35,0.8,0.4,90,0
0.55,-0.35,0.8,0.4,270,0
0.55,-0.35,0.8,0.4,30,1
0.55,-0.35,0.8,0.4,330,1
0.55,-0.35,0.8,0.4,60,1
0.55,-0.35,0.8,0.4,300,1
0.55,-0.35,0.8,0.4,150,0
0.55,-0.35,0.8,0.4,210,0
0.55,-0.35,0.8,0.4,120,0
0.55,-0.35,0.8,0.4,240,1
0.55,-0.35,0.8,0.5,0,1
0.55,-0.35,0.8,0.5,180,0
0.55,-0.35,0.8,0.5,90,0
0.55,-0.35,0.8,0.5,270,1
0.55,-0.35,0.8,0.5,30,1
0.55,-0.35,0.8,0.5,330,1
0.55,-0.35,0.8,0.5,60,0
0.55,-0.35,0.8,0.5,300,1
0.55,-0.35,0.8,0.5,150,0
0.55,-0.35,0.8,0.5,210,0
0.55,-0.35,0.8,0.5,120,0
0.55,-0.35,0.8,0.5,240,1
0.55,-0.35,0.8,0.6,0,1
0.55,-0.35,0.8,0.6,180,0
0.55,-0.35,0.8,0.6,90,0
0.55,-0.35,0.8,0.6,270,1
0.55,-0.35,0.8,0.6,30,1
0.55,-0.35,0.8,0.6,330,1
0.55,-0.35,0.8,0.6,60,0
0.55,-0.35,0.8,0.6,300,0
0.55,-0.35,0.8,0.6,150,0
0.55,-0.35,0.8,0.6,210,0
0.55,-0.35,0.8,0.6,120,0
0.55,-0.35,0.8,0.6,240,1
0.55,-0.35,0.85,0.4,0,1
0.55,-0.35,0.85,0.4,180,0
0.55,-0.35,0.85,0.4,90,0
0.55,-0.35,0.85,0.4,270,1
0.55,-0.35,0.85,0.4,30,1
0.55,-0.35,0.85,0.4,330,1
0.55,-0.35,0.85,0.4,60,0
0.55,-0.35,0.85,0.4,300,1
0.55,-0.35,0.85,0.4,150,0
0.55,-0.35,0.85,0.4,210,0
0.55,-0.35,0.85,0.4,120,0
0.55,-0.35,0.85,0.4,240,1
0.55,-0.35,0.85,0.5,0,1
0.55,-0.35,0.85,0.5,180,0
0.55,-0.35,0.85,0.5,90,0
0.55,-0.35,0.85,0.5,270,1
0.55,-0.35,0.85,0.5,30,1
0.55,-0.35,0.85,0.5,330,1
0.55,-0.35,0.85,0.5,60,0
0.55,-0.35,0.85,0.5,300,1
0.55,-0.35,0.85,0.5,150,0
0.55,-0.35,0.85,0.5,210,0
0.55,-0.35,0.85,0.5,120,0
0.55,-0.35,0.85,0.5,240,1
0.55,-0.35,0.85,0.6,0,1
0.55,-0.35,0.85,0.6,180,0
0.55,-0.35,0.85,0.6,90,0
0.55,-0.35,0.85,0.6,270,1
0.55,-0.35,0.85,0.6,30,1
0.55,-0.35,0.85,0.6,330,1
0.55,-0.35,0.85,0.6,60,0
0.55,-0.35,0.85,0.6,300,1
0.55,-0.35,0.85,0.6,150,0
0.55,-0.35,0.85,0.6,210,0
0.55,-0.35,0.85,0.6,120,0
0.55,-0.35,0.85,0.6,240,1
0.55,-0.35,0.9,0.4,0,1
0.55,-0.35,0.9,0.4,180,0
0.55,-0.35,0.9,0.4,90,0
0.55,-0.35,0.9,0.4,270,0
0.55,-0.35,0.9,0.4,30,1
0.55,-0.35,0.9,0.4,330,1
0.55,-0.35,0.9,0.4,60,0
0.55,-0.35,0.9,0.4,300,1
0.55,-0.35,0.9,0.4,150,0
0.55,-0.35,0.9,0.4,210,0
0.55,-0.35,0.9,0.4,120,0
0.55,-0.35,0.9,0.4,240,0
0.55,-0.35,0.9,0.5,0,1
0.55,-0.35,0.9,0.5,180,0
0.55,-0.35,0.9,0.5,90,0
0.55,-0.35,0.9,0.5,270,0
0.55,-0.35,0.9,0.5,30,1
0.55,-0.35,0.9,0.5,330,1
0.55,-0.35,0.9,0.5,60,0
0.55,-0.35,0.9,0.5,300,1
0.55,-0.35,0.9,0.5,150,0
0.55,-0.35,0.9,0.5,210,0
0.55,-0.35,0.9,0.5,120,0
0.55,-0.35,0.9,0.5,240,0
0.55,-0.35,0.9,0.6,0,1
0.55,-0.35,0.9,0.6,180,0
0.55,-0.35,0.9,0.6,90,0
0.55,-0.35,0.9,0.6,270,1
0.55,-0.35,0.9,0.6,30,1
0.55,-0.35,0.9,0.6,330,1
0.55,-0.35,0.9,0.6,60,0
0.55,-0.35,0.9,0.6,300,0
0.55,-0.35,0.9,0.6,150,0
0.55,-0.35,0.9,0.6,210,0
0.55,-0.35,0.9,0.6,120,0
0.55,-0.35,0.9,0.6,240,1
0.55,-0.35,0.95,0.4,0,1
0.55,-0.35,0.95,0.4,180,0
0.55,-0.35,0.95,0.4,90,0
0.55,-0.35,0.95,0.4,270,0
0.55,-0.35,0.95,0.4,30,1
0.55,-0.35,0.95,0.4,330,1
0.55,-0.35,0.95,0.4,60,0
0.55,-0.35,0.95,0.4,300,1
0.55,-0.35,0.95,0.4,150,0
0.55,-0.35,0.95,0.4,210,0
0.55,-0.35,0.95,0.4,120,0
0.55,-0.35,0.95,0.4,240,0
0.55,-0.35,0.95,0.5,0,1
0.55,-0.35,0.95,0.5,180,0
0.55,-0.35,0.95,0.5,90,0
0.55,-0.35,0.95,0.5,270,1
0.55,-0.35,0.95,0.5,30,1
0.55,-0.35,0.95,0.5,330,1
0.55,-0.35,0.95,0.5,60,0
0.55,-0.35,0.95,0.5,300,1
0.55,-0.35,0.95,0.5,150,0
0.55,-0.35,0.95,0.5,210,0
0.55,-0.35,0.95,0.5,120,0
0.55,-0.35,0.95,0.5,240,1
0.55,-0.35,0.95,0.6,0,1
0.55,-0.35,0.95,0.6,180,0
0.55,-0.35,0.95,0.6,90,0
0.55,-0.35,0.95,0.6,270,0
0.55,-0.35,0.95,0.6,30,0
0.55,-0.35,0.95,0.6,330,1
0.55,-0.35,0.95,0.6,60,0
0.55,-0.35,0.95,0.6,300,1
0.55,-0.35,0.95,0.6,150,0
0.55,-0.35,0.95,0.6,210,0
0.55,-0.35,0.95,0.6,120,0
0.55,-0.35,0.95,0.6,240,1
0.55,-0.35,1.0,0.4,0,1
0.55,-0.35,1.0,0.4,180,0
0.55,-0.35,1.0,0.4,90,0
0.55,-0.35,1.0,0.4,270,0
0.55,-0.35,1.0,0.4,30,1
0.55,-0.35,1.0,0.4,330,1
0.55,-0.35,1.0,0.4,60,0
0.55,-0.35,1.0,0.4,300,1
0.55,-0.35,1.0,0.4,150,0
0.55,-0.35,1.0,0.4,210,0
0.55,-0.35,1.0,0.4,120,0
0.55,-0.35,1.0,0.4,240,1
0.55,-0.35,1.0,0.5,0,1
0.55,-0.35,1.0,0.5,180,0
0.55,-0.35,1.0,0.5,90,0
0.55,-0.35,1.0,0.5,270,1
0.55,-0.35,1.0,0.5,30,1
0.55,-0.35,1.0,0.5,330,1
0.55,-0.35,1.0,0.5,60,0
0.55,-0.35,1.0,0.5,300,1
0.55,-0.35,1.0,0.5,150,0
0.55,-0.35,1.0,0.5,210,0
0.55,-0.35,1.0,0.5,120,0
0.55,-0.35,1.0,0.5,240,0
0.55,-0.35,1.0,0.6,0,1
0.55,-0.35,1.0,0.6,180,0
0.55,-0.35,1.0,0.6,90,0
0.55,-0.35,1.0,0.6,270,0
0.55,-0.35,1.0,0.6,30,0
0.55,-0.35,1.0,0.6,330,1
0.55,-0.35,1.0,0.6,60,0
0.55,-0.35,1.0,0.6,300,0
0.55,-0.35,1.0,0.6,150,0
0.55,-0.35,1.0,0.6,210,0
0.55,-0.35,1.0,0.6,120,0
0.55,-0.35,1.0,0.6,240,1
0.55,-0.3,0.65,0.4,0,1
0.55,-0.3,0.65,0.4,180,0
0.55,-0.3,0.65,0.4,90,0
0.55,-0.3,0.65,0.4,270,1
0.55,-0.3,0.65,0.4,30,1
0.55,-0.3,0.65,0.4,330,1
0.55,-0.3,0.65,0.4,60,1
0.55,-0.3,0.65,0.4,300,1
0.55,-0.3,0.65,0.4,150,0
0.55,-0.3,0.65,0.4,210,1
0.55,-0.3,0.65,0.4,120,0
0.55,-0.3,0.65,0.4,240,1
0.55,-0.3,0.65,0.5,0,1
0.55,-0.3,0.65,0.5,180,0
0.55,-0.3,0.65,0.5,90,0
0.55,-0.3,0.65,0.5,270,1
0.55,-0.3,0.65,0.5,30,1
0.55,-0.3,0.65,0.5,330,1
0.55,-0.3,0.65,0.5,60,0
0.55,-0.3,0.65,0.5,300,0
0.55,-0.3,0.65,0.5,150,0
0.55,-0.3,0.65,0.5,210,0
0.55,-0.3,0.65,0.5,120,0
0.55,-0.3,0.65,0.5,240,1
0.55,-0.3,0.65,0.6,0,1
0.55,-0.3,0.65,0.6,180,0
0.55,-0.3,0.65,0.6,90,0
0.55,-0.3,0.65,0.6,270,1
0.55,-0.3,0.65,0.6,30,1
0.55,-0.3,0.65,0.6,330,1
0.55,-0.3,0.65,0.6,60,0
0.55,-0.3,0.65,0.6,300,0
0.55,-0.3,0.65,0.6,150,0
0.55,-0.3,0.65,0.6,210,0
0.55,-0.3,0.65,0.6,120,0
0.55,-0.3,0.65,0.6,240,1
0.55,-0.3,0.7,0.4,0,1
0.55,-0.3,0.7,0.4,180,0
0.55,-0.3,0.7,0.4,90,0
0.55,-0.3,0.7,0.4,270,1
0.55,-0.3,0.7,0.4,30,1
0.55,-0.3,0.7,0.4,330,1
0.55,-0.3,0.7,0.4,60,1
0.55,-0.3,0.7,0.4,300,0
0.55,-0.3,0.7,0.4,150,0
0.55,-0.3,0.7,0.4,210,1
0.55,-0.3,0.7,0.4,120,0
0.55,-0.3,0.7,0.4,240,1
0.55,-0.3,0.7,0.5,0,1
0.55,-0.3,0.7,0.5,180,0
0.55,-0.3,0.7,0.5,90,0
0.55,-0.3,0.7,0.5,270,0
0.55,-0.3,0.7,0.5,30,1
0.55,-0.3,0.7,0.5,330,1
0.55,-0.3,0.7,0.5,60,0
0.55,-0.3,0.7,0.5,300,0
0.55,-0.3,0.7,0.5,150,0
0.55,-0.3,0.7,0.5,210,0
0.55,-0.3,0.7,0.5,120,0
0.55,-0.3,0.7,0.5,240,1
0.55,-0.3,0.7,0.6,0,1
0.55,-0.3,0.7,0.6,180,0
0.55,-0.3,0.7,0.6,90,0
0.55,-0.3,0.7,0.6,270,1
0.55,-0.3,0.7,0.6,30,1
0.55,-0.3,0.7,0.6,330,1
0.55,-0.3,0.7,0.6,60,0
0.55,-0.3,0.7,0.6,300,0
0.55,-0.3,0.7,0.6,150,0
0.55,-0.3,0.7,0.6,210,0
0.55,-0.3,0.7,0.6,120,0
0.55,-0.3,0.7,0.6,240,1
0.55,-0.3,0.75,0.4,0,1
0.55,-0.3,0.75,0.4,180,0
0.55,-0.3,0.75,0.4,90,0
0.55,-0.3,0.75,0.4,270,1
0.55,-0.3,0.75,0.4,30,1
0.55,-0.3,0.75,0.4,330,0
0.55,-0.3,0.75,0.4,60,1
0.55,-0.3,0.75,0.4,300,1
0.55,-0.3,0.75,0.4,150,0
0.55,-0.3,0.75,0.4,210,0
0.55,-0.3,0.75,0.4,120,0
0.55,-0.3,0.75,0.4,240,0
0.55,-0.3,0.75,0.5,0,1
0.55,-0.3,0.75,0.5,180,0
0.55,-0.3,0.75,0.5,90,0
0.55,-0.3,0.75,0.5,270,0
0.55,-0.3,0.75,0.5,30,1
0.55,-0.3,0.75,0.5,330,1
0.55,-0.3,0.75,0.5,60,0
0.55,-0.3,0.75,0.5,300,1
0.55,-0.3,0.75,0.5,150,0
0.55,-0.3,0.75,0.5,210,0
0.55,-0.3,0.75,0.5,120,0
0.55,-0.3,0.75,0.5,240,1
0.55,-0.3,0.75,0.6,0,1
0.55,-0.3,0.75,0.6,180,0
0.55,-0.3,0.75,0.6,90,0
0.55,-0.3,0.75,0.6,270,1
0.55,-0.3,0.75,0.6,30,1
0.55,-0.3,0.75,0.6,330,1
0.55,-0.3,0.75,0.6,60,0
0.55,-0.3,0.75,0.6,300,0
0.55,-0.3,0.75,0.6,150,0
0.55,-0.3,0.75,0.6,210,0
0.55,-0.3,0.75,0.6,120,0
0.55,-0.3,0.75,0.6,240,1
0.55,-0.3,0.8,0.4,0,1
0.55,-0.3,0.8,0.4,180,0
0.55,-0.3,0.8,0.4,90,0
0.55,-0.3,0.8,0.4,270,1
0.55,-0.3,0.8,0.4,30,1
0.55,-0.3,0.8,0.4,330,1
0.55,-0.3,0.8,0.4,60,1
0.55,-0.3,0.8,0.4,300,1
0.55,-0.3,0.8,0.4,150,0
0.55,-0.3,0.8,0.4,210,1
0.55,-0.3,0.8,0.4,120,0
0.55,-0.3,0.8,0.4,240,1
0.55,-0.3,0.8,0.5,0,1
0.55,-0.3,0.8,0.5,180,0
0.55,-0.3,0.8,0.5,90,0
0.55,-0.3,0.8,0.5,270,1
0.55,-0.3,0.8,0.5,30,1
0.55,-0.3,0.8,0.5,330,1
0.55,-0.3,0.8,0.5,60,0
0.55,-0.3,0.8,0.5,300,1
0.55,-0.3,0.8,0.5,150,0
0.55,-0.3,0.8,0.5,210,0
0.55,-0.3,0.8,0.5,120,0
0.55,-0.3,0.8,0.5,240,1
0.55,-0.3,0.8,0.6,0,1
0.55,-0.3,0.8,0.6,180,0
0.55,-0.3,0.8,0.6,90,0
0.55,-0.3,0.8,0.6,270,1
0.55,-0.3,0.8,0.6,30,1
0.55,-0.3,0.8,0.6,330,1
0.55,-0.3,0.8,0.6,60,0
0.55,-0.3,0.8,0.6,300,0
0.55,-0.3,0.8,0.6,150,0
0.55,-0.3,0.8,0.6,210,0
0.55,-0.3,0.8,0.6,120,0
0.55,-0.3,0.8,0.6,240,1
0.55,-0.3,0.85,0.4,0,1
0.55,-0.3,0.85,0.4,180,0
0.55,-0.3,0.85,0.4,90,0
0.55,-0.3,0.85,0.4,270,1
0.55,-0.3,0.85,0.4,30,1
0.55,-0.3,0.85,0.4,330,1
0.55,-0.3,0.85,0.4,60,0
0.55,-0.3,0.85,0.4,300,1
0.55,-0.3,0.85,0.4,150,0
0.55,-0.3,0.85,0.4,210,0
0.55,-0.3,0.85,0.4,120,0
0.55,-0.3,0.85,0.4,240,0
0.55,-0.3,0.85,0.5,0,1
0.55,-0.3,0.85,0.5,180,0
0.55,-0.3,0.85,0.5,90,0
0.55,-0.3,0.85,0.5,270,1
0.55,-0.3,0.85,0.5,30,1
0.55,-0.3,0.85,0.5,330,1
0.55,-0.3,0.85,0.5,60,0
0.55,-0.3,0.85,0.5,300,1
0.55,-0.3,0.85,0.5,150,0
0.55,-0.3,0.85,0.5,210,0
0.55,-0.3,0.85,0.5,120,0
0.55,-0.3,0.85,0.5,240,1
0.55,-0.3,0.85,0.6,0,1
0.55,-0.3,0.85,0.6,180,0
0.55,-0.3,0.85,0.6,90,0
0.55,-0.3,0.85,0.6,270,1
0.55,-0.3,0.85,0.6,30,1
0.55,-0.3,0.85,0.6,330,1
0.55,-0.3,0.85,0.6,60,0
0.55,-0.3,0.85,0.6,300,0
0.55,-0.3,0.85,0.6,150,0
0.55,-0.3,0.85,0.6,210,0
0.55,-0.3,0.85,0.6,120,0
0.55,-0.3,0.85,0.6,240,1
0.55,-0.3,0.9,0.4,0,1
0.55,-0.3,0.9,0.4,180,0
0.55,-0.3,0.9,0.4,90,0
0.55,-0.3,0.9,0.4,270,1
0.55,-0.3,0.9,0.4,30,1
0.55,-0.3,0.9,0.4,330,1
0.55,-0.3,0.9,0.4,60,0
0.55,-0.3,0.9,0.4,300,1
0.55,-0.3,0.9,0.4,150,0
0.55,-0.3,0.9,0.4,210,0
0.55,-0.3,0.9,0.4,120,0
0.55,-0.3,0.9,0.4,240,1
0.55,-0.3,0.9,0.5,0,1
0.55,-0.3,0.9,0.5,180,0
0.55,-0.3,0.9,0.5,90,0
0.55,-0.3,0.9,0.5,270,1
0.55,-0.3,0.9,0.5,30,1
0.55,-0.3,0.9,0.5,330,1
0.55,-0.3,0.9,0.5,60,0
0.55,-0.3,0.9,0.5,300,1
0.55,-0.3,0.9,0.5,150,0
0.55,-0.3,0.9,0.5,210,0
0.55,-0.3,0.9,0.5,120,0
0.55,-0.3,0.9,0.5,240,1
0.55,-0.3,0.9,0.6,0,1
0.55,-0.3,0.9,0.6,180,0
0.55,-0.3,0.9,0.6,90,0
0.55,-0.3,0.9,0.6,270,0
0.55,-0.3,0.9,0.6,30,0
0.55,-0.3,0.9,0.6,330,1
0.55,-0.3,0.9,0.6,60,0
0.55,-0.3,0.9,0.6,300,0
0.55,-0.3,0.9,0.6,150,0
0.55,-0.3,0.9,0.6,210,0
0.55,-0.3,0.9,0.6,120,0
0.55,-0.3,0.9,0.6,240,1
0.55,-0.3,0.95,0.4,0,1
0.55,-0.3,0.95,0.4,180,0
0.55,-0.3,0.95,0.4,90,0
0.55,-0.3,0.95,0.4,270,0
0.55,-0.3,0.95,0.4,30,1
0.55,-0.3,0.95,0.4,330,1
0.55,-0.3,0.95,0.4,60,0
0.55,-0.3,0.95,0.4,300,1
0.55,-0.3,0.95,0.4,150,0
0.55,-0.3,0.95,0.4,210,0
0.55,-0.3,0.95,0.4,120,0
0.55,-0.3,0.95,0.4,240,1
0.55,-0.3,0.95,0.5,0,1
0.55,-0.3,0.95,0.5,180,0
0.55,-0.3,0.95,0.5,90,0
0.55,-0.3,0.95,0.5,270,1
0.55,-0.3,0.95,0.5,30,1
0.55,-0.3,0.95,0.5,330,1
0.55,-0.3,0.95,0.5,60,0
0.55,-0.3,0.95,0.5,300,1
0.55,-0.3,0.95,0.5,150,0
0.55,-0.3,0.95,0.5,210,0
0.55,-0.3,0.95,0.5,120,0
0.55,-0.3,0.95,0.5,240,1
0.55,-0.3,0.95,0.6,0,1
0.55,-0.3,0.95,0.6,180,0
0.55,-0.3,0.95,0.6,90,0
0.55,-0.3,0.95,0.6,270,1
0.55,-0.3,0.95,0.6,30,0
0.55,-0.3,0.95,0.6,330,1
0.55,-0.3,0.95,0.6,60,0
0.55,-0.3,0.95,0.6,300,0
0.55,-0.3,0.95,0.6,150,0
0.55,-0.3,0.95,0.6,210,0
0.55,-0.3,0.95,0.6,120,0
0.55,-0.3,0.95,0.6,240,1
0.55,-0.3,1.0,0.4,0,1
0.55,-0.3,1.0,0.4,180,0
0.55,-0.3,1.0,0.4,90,0
0.55,-0.3,1.0,0.4,270,1
0.55,-0.3,1.0,0.4,30,1
0.55,-0.3,1.0,0.4,330,1
0.55,-0.3,1.0,0.4,60,0
0.55,-0.3,1.0,0.4,300,0
0.55,-0.3,1.0,0.4,150,0
0.55,-0.3,1.0,0.4,210,0
0.55,-0.3,1.0,0.4,120,0
0.55,-0.3,1.0,0.4,240,1
0.55,-0.3,1.0,0.5,0,1
0.55,-0.3,1.0,0.5,180,0
0.55,-0.3,1.0,0.5,90,0
0.55,-0.3,1.0,0.5,270,1
0.55,-0.3,1.0,0.5,30,1
0.55,-0.3,1.0,0.5,330,1
0.55,-0.3,1.0,0.5,60,0
0.55,-0.3,1.0,0.5,300,1
0.55,-0.3,1.0,0.5,150,0
0.55,-0.3,1.0,0.5,210,0
0.55,-0.3,1.0,0.5,120,0
0.55,-0.3,1.0,0.5,240,1
0.55,-0.3,1.0,0.6,0,1
0.55,-0.3,1.0,0.6,180,0
0.55,-0.3,1.0,0.6,90,0
0.55,-0.3,1.0,0.6,270,1
0.55,-0.3,1.0,0.6,30,0
0.55,-0.3,1.0,0.6,330,1
0.55,-0.3,1.0,0.6,60,0
0.55,-0.3,1.0,0.6,300,0
0.55,-0.3,1.0,0.6,150,0
0.55,-0.3,1.0,0.6,210,0
0.55,-0.3,1.0,0.6,120,0
0.55,-0.3,1.0,0.6,240,0
0.55,-0.25,0.65,0.4,0,1
0.55,-0.25,0.65,0.4,180,0
0.55,-0.25,0.65,0.4,90,0
0.55,-0.25,0.65,0.4,270,1
0.55,-0.25,0.65,0.4,30,1
0.55,-0.25,0.65,0.4,330,1
0.55,-0.25,0.65,0.4,60,1
0.55,-0.25,0.65,0.4,300,1
0.55,-0.25,0.65,0.4,150,0
0.55,-0.25,0.65,0.4,210,1
0.55,-0.25,0.65,0.4,120,0
0.55,-0.25,0.65,0.4,240,1
0.55,-0.25,0.65,0.5,0,1
0.55,-0.25,0.65,0.5,180,0
0.55,-0.25,0.65,0.5,90,0
0.55,-0.25,0.65,0.5,270,1
0.55,-0.25,0.65,0.5,30,1
0.55,-0.25,0.65,0.5,330,1
0.55,-0.25,0.65,0.5,60,0
0.55,-0.25,0.65,0.5,300,0
0.55,-0.25,0.65,0.5,150,0
0.55,-0.25,0.65,0.5,210,0
0.55,-0.25,0.65,0.5,120,0
0.55,-0.25,0.65,0.5,240,0
0.55,-0.25,0.65,0.6,0,1
0.55,-0.25,0.65,0.6,180,0
0.55,-0.25,0.65,0.6,90,0
0.55,-0.25,0.65,0.6,270,0
0.55,-0.25,0.65,0.6,30,1
0.55,-0.25,0.65,0.6,330,1
0.55,-0.25,0.65,0.6,60,0
0.55,-0.25,0.65,0.6,300,0
0.55,-0.25,0.65,0.6,150,0
0.55,-0.25,0.65,0.6,210,0
0.55,-0.25,0.65,0.6,120,0
0.55,-0.25,0.65,0.6,240,1
0.55,-0.25,0.7,0.4,0,1
0.55,-0.25,0.7,0.4,180,0
0.55,-0.25,0.7,0.4,90,0
0.55,-0.25,0.7,0.4,270,1
0.55,-0.25,0.7,0.4,30,1
0.55,-0.25,0.7,0.4,330,1
0.55,-0.25,0.7,0.4,60,1
0.55,-0.25,0.7,0.4,300,1
0.55,-0.25,0.7,0.4,150,0
0.55,-0.25,0.7,0.4,210,0
0.55,-0.25,0.7,0.4,120,0
0.55,-0.25,0.7,0.4,240,0
0.55,-0.25,0.7,0.5,0,1
0.55,-0.25,0.7,0.5,180,0
0.55,-0.25,0.7,0.5,90,0
0.55,-0.25,0.7,0.5,270,1
0.55,-0.25,0.7,0.5,30,1
0.55,-0.25,0.7,0.5,330,1
0.55,-0.25,0.7,0.5,60,0
0.55,-0.25,0.7,0.5,300,0
0.55,-0.25,0.7,0.5,150,0
0.55,-0.25,0.7,0.5,210,0
0.55,-0.25,0.7,0.5,120,0
0.55,-0.25,0.7,0.5,240,0
0.55,-0.25,0.7,0.6,0,1
0.55,-0.25,0.7,0.6,180,0
0.55,-0.25,0.7,0.6,90,0
0.55,-0.25,0.7,0.6,270,1
0.55,-0.25,0.7,0.6,30,1
0.55,-0.25,0.7,0.6,330,0
0.55,-0.25,0.7,0.6,60,0
0.55,-0.25,0.7,0.6,300,0
0.55,-0.25,0.7,0.6,150,0
0.55,-0.25,0.7,0.6,210,0
0.55,-0.25,0.7,0.6,120,0
0.55,-0.25,0.75,0.4,0,1
0.55,-0.25,0.75,0.4,180,0
0.55,-0.25,0.75,0.4,90,0
0.55,-0.25,0.75,0.4,270,1
0.55,-0.25,0.75,0.4,30,1
0.55,-0.25,0.75,0.4,330,1
0.55,-0.25,0.75,0.4,60,1
0.55,-0.25,0.75,0.4,300,1
0.55,-0.25,0.75,0.4,150,0
0.55,-0.25,0.75,0.4,210,0
0.55,-0.25,0.75,0.4,120,0
0.55,-0.25,0.75,0.4,240,1
0.55,-0.25,0.75,0.5,0,1
0.55,-0.25,0.75,0.5,180,0
0.55,-0.25,0.75,0.5,90,0
0.55,-0.25,0.75,0.5,270,1
0.55,-0.25,0.75,0.5,30,1
0.55,-0.25,0.75,0.5,330,1
0.55,-0.25,0.75,0.5,60,0
0.55,-0.25,0.75,0.5,300,0
0.55,-0.25,0.75,0.5,150,0
0.55,-0.25,0.75,0.5,210,0
0.55,-0.25,0.75,0.5,120,0
0.55,-0.25,0.75,0.5,240,1
0.55,-0.25,0.75,0.6,0,1
0.55,-0.25,0.75,0.6,180,0
0.55,-0.25,0.75,0.6,90,0
0.55,-0.25,0.75,0.6,270,1
0.55,-0.25,0.75,0.6,30,1
0.55,-0.25,0.75,0.6,330,1
0.55,-0.25,0.75,0.6,60,0
0.55,-0.25,0.75,0.6,300,0
0.55,-0.25,0.75,0.6,150,0
0.55,-0.25,0.75,0.6,210,0
0.55,-0.25,0.75,0.6,120,0
0.55,-0.25,0.75,0.6,240,1
0.55,-0.25,0.8,0.4,0,1
0.55,-0.25,0.8,0.4,180,0
0.55,-0.25,0.8,0.4,90,0
0.55,-0.25,0.8,0.4,270,1
0.55,-0.25,0.8,0.4,30,1
0.55,-0.25,0.8,0.4,330,1
0.55,-0.25,0.8,0.4,60,1
0.55,-0.25,0.8,0.4,300,1
0.55,-0.25,0.8,0.4,150,0
0.55,-0.25,0.8,0.4,210,1
0.55,-0.25,0.8,0.4,120,0
0.55,-0.25,0.8,0.4,240,0
0.55,-0.25,0.8,0.5,0,1
0.55,-0.25,0.8,0.5,180,0
0.55,-0.25,0.8,0.5,90,0
0.55,-0.25,0.8,0.5,270,0
0.55,-0.25,0.8,0.5,30,1
0.55,-0.25,0.8,0.5,330,1
0.55,-0.25,0.8,0.5,60,0
0.55,-0.25,0.8,0.5,300,0
0.55,-0.25,0.8,0.5,150,0
0.55,-0.25,0.8,0.5,210,0
0.55,-0.25,0.8,0.5,120,0
0.55,-0.25,0.8,0.5,240,0
0.55,-0.25,0.8,0.6,0,1
0.55,-0.25,0.8,0.6,180,0
0.55,-0.25,0.8,0.6,90,0
0.55,-0.25,0.8,0.6,270,1
0.55,-0.25,0.8,0.6,30,1
0.55,-0.25,0.8,0.6,330,0
0.55,-0.25,0.8,0.6,60,0
0.55,-0.25,0.8,0.6,300,0
0.55,-0.25,0.8,0.6,150,0
0.55,-0.25,0.8,0.6,210,0
0.55,-0.25,0.8,0.6,120,0
0.55,-0.25,0.85,0.4,0,1
0.55,-0.25,0.85,0.4,180,0
0.55,-0.25,0.85,0.4,90,0
0.55,-0.25,0.85,0.4,270,1
0.55,-0.25,0.85,0.4,30,1
0.55,-0.25,0.85,0.4,330,1
0.55,-0.25,0.85,0.4,60,0
0.55,-0.25,0.85,0.4,300,1
0.55,-0.25,0.85,0.4,150,0
0.55,-0.25,0.85,0.4,210,0
0.55,-0.25,0.85,0.4,120,0
0.55,-0.25,0.85,0.4,240,0
0.55,-0.25,0.85,0.5,0,1
0.55,-0.25,0.85,0.5,180,0
0.55,-0.25,0.85,0.5,90,0
0.55,-0.25,0.85,0.5,270,0
0.55,-0.25,0.85,0.5,30,1
0.55,-0.25,0.85,0.5,330,1
0.55,-0.25,0.85,0.5,60,0
0.55,-0.25,0.85,0.5,300,0
0.55,-0.25,0.85,0.5,150,0
0.55,-0.25,0.85,0.5,210,0
0.55,-0.25,0.85,0.5,120,0
0.55,-0.25,0.85,0.5,240,0
0.55,-0.25,0.85,0.6,0,1
0.55,-0.25,0.85,0.6,180,0
0.55,-0.25,0.85,0.6,90,0
0.55,-0.25,0.85,0.6,270,0
0.55,-0.25,0.85,0.6,30,0
0.55,-0.25,0.85,0.6,330,0
0.55,-0.25,0.85,0.6,60,0
0.55,-0.25,0.9,0.4,0,1
0.55,-0.25,0.9,0.4,180,0
0.55,-0.25,0.9,0.4,90,0
0.55,-0.25,0.9,0.4,270,1
0.55,-0.25,0.9,0.4,30,1
0.55,-0.25,0.9,0.4,330,1
0.55,-0.25,0.9,0.4,60,0
0.55,-0.25,0.9,0.4,300,1
0.55,-0.25,0.9,0.4,150,0
0.55,-0.25,0.9,0.4,210,0
0.55,-0.25,0.9,0.4,120,0
0.55,-0.25,0.9,0.4,240,1
0.55,-0.25,0.9,0.5,0,1
0.55,-0.25,0.9,0.5,180,0
0.55,-0.25,0.9,0.5,90,0
0.55,-0.25,0.9,0.5,270,1
0.55,-0.25,0.9,0.5,30,1
0.55,-0.25,0.9,0.5,330,1
0.55,-0.25,0.9,0.5,60,0
0.55,-0.25,0.9,0.5,300,0
0.55,-0.25,0.9,0.5,150,0
0.55,-0.25,0.9,0.5,210,0
0.55,-0.25,0.9,0.5,120,0
0.55,-0.25,0.9,0.5,240,1
0.55,-0.25,0.9,0.6,0,1
0.55,-0.25,0.9,0.6,180,0
0.55,-0.25,0.9,0.6,90,0
0.55,-0.25,0.9,0.6,270,1
0.55,-0.25,0.9,0.6,30,0
0.55,-0.25,0.9,0.6,330,1
0.55,-0.25,0.9,0.6,60,0
0.55,-0.25,0.9,0.6,300,0
0.55,-0.25,0.9,0.6,150,0
0.55,-0.25,0.9,0.6,210,0
0.55,-0.25,0.9,0.6,120,0
0.55,-0.25,0.9,0.6,240,1
0.55,-0.25,0.95,0.4,0,1
0.55,-0.25,0.95,0.4,180,0
0.55,-0.25,0.95,0.4,90,0
0.55,-0.25,0.95,0.4,270,1
0.55,-0.25,0.95,0.4,30,1
0.55,-0.25,0.95,0.4,330,1
0.55,-0.25,0.95,0.4,60,0
0.55,-0.25,0.95,0.4,300,1
0.55,-0.25,0.95,0.4,150,0
0.55,-0.25,0.95,0.4,210,1
0.55,-0.25,0.95,0.4,120,0
0.55,-0.25,0.95,0.4,240,1
0.55,-0.25,0.95,0.5,0,1
0.55,-0.25,0.95,0.5,180,0
0.55,-0.25,0.95,0.5,90,0
0.55,-0.25,0.95,0.5,270,1
0.55,-0.25,0.95,0.5,30,1
0.55,-0.25,0.95,0.5,330,1
0.55,-0.25,0.95,0.5,60,0
0.55,-0.25,0.95,0.5,300,0
0.55,-0.25,0.95,0.5,150,0
0.55,-0.25,0.95,0.5,210,0
0.55,-0.25,0.95,0.5,120,0
0.55,-0.25,0.95,0.5,240,1
0.55,-0.25,0.95,0.6,0,1
0.55,-0.25,0.95,0.6,180,0
0.55,-0.25,0.95,0.6,90,0
0.55,-0.25,0.95,0.6,270,0
0.55,-0.25,0.95,0.6,30,0
0.55,-0.25,0.95,0.6,330,1
0.55,-0.25,0.95,0.6,60,0
0.55,-0.25,0.95,0.6,300,0
0.55,-0.25,0.95,0.6,150,0
0.55,-0.25,0.95,0.6,210,0
0.55,-0.25,0.95,0.6,120,0
0.55,-0.25,0.95,0.6,240,1
0.55,-0.25,1.0,0.4,0,1
0.55,-0.25,1.0,0.4,180,0
0.55,-0.25,1.0,0.4,90,0
0.55,-0.25,1.0,0.4,270,1
0.55,-0.25,1.0,0.4,30,1
0.55,-0.25,1.0,0.4,330,1
0.55,-0.25,1.0,0.4,60,0
0.55,-0.25,1.0,0.4,300,1
0.55,-0.25,1.0,0.4,150,0
0.55,-0.25,1.0,0.4,210,0
0.55,-0.25,1.0,0.4,120,0
0.55,-0.25,1.0,0.4,240,1
0.55,-0.25,1.0,0.5,0,1
0.55,-0.25,1.0,0.5,180,0
0.55,-0.25,1.0,0.5,90,0
0.55,-0.25,1.0,0.5,270,1
0.55,-0.25,1.0,0.5,30,1
0.55,-0.25,1.0,0.5,330,1
0.55,-0.25,1.0,0.5,60,0
0.55,-0.25,1.0,0.5,300,0
0.55,-0.25,1.0,0.5,150,0
0.55,-0.25,1.0,0.5,210,0
0.55,-0.25,1.0,0.5,120,0
0.55,-0.25,1.0,0.5,240,1
0.55,-0.25,1.0,0.6,0,1
0.55,-0.25,1.0,0.6,180,0
0.55,-0.25,1.0,0.6,90,0
0.55,-0.25,1.0,0.6,270,1
0.55,-0.25,1.0,0.6,30,0
0.55,-0.25,1.0,0.6,330,1
0.55,-0.25,1.0,0.6,60,0
0.55,-0.25,1.0,0.6,300,0
0.55,-0.25,1.0,0.6,150,0
0.55,-0.25,1.0,0.6,210,0
0.55,-0.25,1.0,0.6,120,0
0.55,-0.25,1.0,0.6,240,1
0.55,-0.2,0.65,0.4,0,1
0.55,-0.2,0.65,0.4,180,0
0.55,-0.2,0.65,0.4,90,0
0.55,-0.2,0.65,0.4,270,1
0.55,-0.2,0.65,0.4,30,1
0.55,-0.2,0.65,0.4,330,1
0.55,-0.2,0.65,0.4,60,1
0.55,-0.2,0.65,0.4,300,1
0.55,-0.2,0.65,0.4,150,0
0.55,-0.2,0.65,0.4,210,1
0.55,-0.2,0.65,0.4,120,0
0.55,-0.2,0.65,0.4,240,0
0.55,-0.2,0.65,0.5,0,1
0.55,-0.2,0.65,0.5,180,0
0.55,-0.2,0.65,0.5,90,0
0.55,-0.2,0.65,0.5,270,1
0.55,-0.2,0.65,0.5,30,1
0.55,-0.2,0.65,0.5,330,1
0.55,-0.2,0.65,0.5,60,0
0.55,-0.2,0.65,0.5,300,0
0.55,-0.2,0.65,0.5,150,0
0.55,-0.2,0.65,0.5,210,0
0.55,-0.2,0.65,0.5,120,0
0.55,-0.2,0.65,0.5,240,1
0.55,-0.2,0.65,0.6,0,1
0.55,-0.2,0.65,0.6,180,0
0.55,-0.2,0.65,0.6,90,0
0.55,-0.2,0.65,0.6,270,0
0.55,-0.2,0.65,0.6,30,1
0.55,-0.2,0.65,0.6,330,1
0.55,-0.2,0.65,0.6,60,0
0.55,-0.2,0.65,0.6,300,0
0.55,-0.2,0.65,0.6,150,0
0.55,-0.2,0.65,0.6,210,0
0.55,-0.2,0.65,0.6,120,0
0.55,-0.2,0.65,0.6,240,1
0.55,-0.2,0.7,0.4,0,1
0.55,-0.2,0.7,0.4,180,0
0.55,-0.2,0.7,0.4,90,0
0.55,-0.2,0.7,0.4,270,1
0.55,-0.2,0.7,0.4,30,1
0.55,-0.2,0.7,0.4,330,1
0.55,-0.2,0.7,0.4,60,1
0.55,-0.2,0.7,0.4,300,1
0.55,-0.2,0.7,0.4,150,0
0.55,-0.2,0.7,0.4,210,1
0.55,-0.2,0.7,0.4,120,0
0.55,-0.2,0.7,0.4,240,1
0.55,-0.2,0.7,0.5,0,1
0.55,-0.2,0.7,0.5,180,0
0.55,-0.2,0.7,0.5,90,0
0.55,-0.2,0.7,0.5,270,0
0.55,-0.2,0.7,0.5,30,1
0.55,-0.2,0.7,0.5,330,1
0.55,-0.2,0.7,0.5,60,0
0.55,-0.2,0.7,0.5,300,0
0.55,-0.2,0.7,0.5,150,0
0.55,-0.2,0.7,0.5,210,1
0.55,-0.2,0.7,0.5,120,0
0.55,-0.2,0.7,0.5,240,1
0.55,-0.2,0.7,0.6,0,1
0.55,-0.2,0.7,0.6,180,0
0.55,-0.2,0.7,0.6,90,0
0.55,-0.2,0.7,0.6,270,1
0.55,-0.2,0.7,0.6,30,0
0.55,-0.2,0.7,0.6,330,0
0.55,-0.2,0.7,0.6,60,0
0.55,-0.2,0.7,0.6,300,0
0.55,-0.2,0.7,0.6,150,0
0.55,-0.2,0.7,0.6,210,0
0.55,-0.2,0.75,0.4,0,1
0.55,-0.2,0.75,0.4,180,0
0.55,-0.2,0.75,0.4,90,0
0.55,-0.2,0.75,0.4,270,1
0.55,-0.2,0.75,0.4,30,1
0.55,-0.2,0.75,0.4,330,1
0.55,-0.2,0.75,0.4,60,1
0.55,-0.2,0.75,0.4,300,1
0.55,-0.2,0.75,0.4,150,0
0.55,-0.2,0.75,0.4,210,1
0.55,-0.2,0.75,0.4,120,0
0.55,-0.2,0.75,0.4,240,0
0.55,-0.2,0.75,0.5,0,1
0.55,-0.2,0.75,0.5,180,0
0.55,-0.2,0.75,0.5,90,0
0.55,-0.2,0.75,0.5,270,1
0.55,-0.2,0.75,0.5,30,1
0.55,-0.2,0.75,0.5,330,1
0.55,-0.2,0.75,0.5,60,0
0.55,-0.2,0.75,0.5,300,0
0.55,-0.2,0.75,0.5,150,0
0.55,-0.2,0.75,0.5,210,0
0.55,-0.2,0.75,0.5,120,0
0.55,-0.2,0.75,0.5,240,0
0.55,-0.2,0.75,0.6,0,1
0.55,-0.2,0.75,0.6,180,0
0.55,-0.2,0.75,0.6,90,0
0.55,-0.2,0.75,0.6,270,0
0.55,-0.2,0.75,0.6,30,0
0.55,-0.2,0.75,0.6,330,1
0.55,-0.2,0.75,0.6,60,0
0.55,-0.2,0.75,0.6,300,0
0.55,-0.2,0.75,0.6,150,0
0.55,-0.2,0.75,0.6,210,0
0.55,-0.2,0.75,0.6,120,0
0.55,-0.2,0.75,0.6,240,1
0.55,-0.2,0.8,0.4,0,1
0.55,-0.2,0.8,0.4,180,0
0.55,-0.2,0.8,0.4,90,0
0.55,-0.2,0.8,0.4,270,1
0.55,-0.2,0.8,0.4,30,1
0.55,-0.2,0.8,0.4,330,1
0.55,-0.2,0.8,0.4,60,1
0.55,-0.2,0.8,0.4,300,1
0.55,-0.2,0.8,0.4,150,0
0.55,-0.2,0.8,0.4,210,1
0.55,-0.2,0.8,0.4,120,0
0.55,-0.2,0.8,0.4,240,1
0.55,-0.2,0.8,0.5,0,1
0.55,-0.2,0.8,0.5,180,0
0.55,-0.2,0.8,0.5,90,0
0.55,-0.2,0.8,0.5,270,0
0.55,-0.2,0.8,0.5,30,1
0.55,-0.2,0.8,0.5,330,1
0.55,-0.2,0.8,0.5,60,0
0.55,-0.2,0.8,0.5,300,0
0.55,-0.2,0.8,0.5,150,0
0.55,-0.2,0.8,0.5,210,0
0.55,-0.2,0.8,0.5,120,0
0.55,-0.2,0.8,0.5,240,1
0.55,-0.2,0.8,0.6,0,1
0.55,-0.2,0.8,0.6,180,0
0.55,-0.2,0.8,0.6,90,0
0.55,-0.2,0.8,0.6,270,0
0.55,-0.2,0.8,0.6,30,0
0.55,-0.2,0.8,0.6,330,1
0.55,-0.2,0.8,0.6,60,0
0.55,-0.2,0.8,0.6,300,0
0.55,-0.2,0.8,0.6,150,0
0.55,-0.2,0.8,0.6,210,0
0.55,-0.2,0.8,0.6,120,0
0.55,-0.2,0.8,0.6,240,1
0.55,-0.2,0.85,0.4,0,1
0.55,-0.2,0.85,0.4,180,0
0.55,-0.2,0.85,0.4,90,0
0.55,-0.2,0.85,0.4,270,1
0.55,-0.2,0.85,0.4,30,1
0.55,-0.2,0.85,0.4,330,1
0.55,-0.2,0.85,0.4,60,1
0.55,-0.2,0.85,0.4,300,1
0.55,-0.2,0.85,0.4,150,0
0.55,-0.2,0.85,0.4,210,0
0.55,-0.2,0.85,0.4,120,0
0.55,-0.2,0.85,0.4,240,1
0.55,-0.2,0.85,0.5,0,1
0.55,-0.2,0.85,0.5,180,0
0.55,-0.2,0.85,0.5,90,0
0.55,-0.2,0.85,0.5,270,1
0.55,-0.2,0.85,0.5,30,1
0.55,-0.2,0.85,0.5,330,1
0.55,-0.2,0.85,0.5,60,0
0.55,-0.2,0.85,0.5,300,0
0.55,-0.2,0.85,0.5,150,0
0.55,-0.2,0.85,0.5,210,0
0.55,-0.2,0.85,0.5,120,0
0.55,-0.2,0.85,0.5,240,1
0.55,-0.2,0.85,0.6,0,1
0.55,-0.2,0.85,0.6,180,0
0.55,-0.2,0.85,0.6,90,0
0.55,-0.2,0.85,0.6,270,0
0.55,-0.2,0.85,0.6,30,0
0.55,-0.2,0.85,0.6,330,1
0.55,-0.2,0.85,0.6,60,0
0.55,-0.2,0.85,0.6,300,0
0.55,-0.2,0.85,0.6,150,0
0.55,-0.2,0.85,0.6,210,0
0.55,-0.2,0.85,0.6,120,0
0.55,-0.2,0.85,0.6,240,1
0.55,-0.2,0.9,0.4,0,1
0.55,-0.2,0.9,0.4,180,0
0.55,-0.2,0.9,0.4,90,0
0.55,-0.2,0.9,0.4,270,0
0.55,-0.2,0.9,0.4,30,1
0.55,-0.2,0.9,0.4,330,1
0.55,-0.2,0.9,0.4,60,0
0.55,-0.2,0.9,0.4,300,1
0.55,-0.2,0.9,0.4,150,0
0.55,-0.2,0.9,0.4,210,1
0.55,-0.2,0.9,0.4,120,0
0.55,-0.2,0.9,0.4,240,1
0.55,-0.2,0.9,0.5,0,1
0.55,-0.2,0.9,0.5,180,0
0.55,-0.2,0.9,0.5,90,0
0.55,-0.2,0.9,0.5,270,1
0.55,-0.2,0.9,0.5,30,1
0.55,-0.2,0.9,0.5,330,1
0.55,-0.2,0.9,0.5,60,0
0.55,-0.2,0.9,0.5,300,0
0.55,-0.2,0.9,0.5,150,0
0.55,-0.2,0.9,0.5,210,0
0.55,-0.2,0.9,0.5,120,0
0.55,-0.2,0.9,0.5,240,1
0.55,-0.2,0.9,0.6,0,1
0.55,-0.2,0.9,0.6,180,0
0.55,-0.2,0.9,0.6,90,0
0.55,-0.2,0.9,0.6,270,1
0.55,-0.2,0.9,0.6,30,0
0.55,-0.2,0.9,0.6,330,1
0.55,-0.2,0.9,0.6,60,0
0.55,-0.2,0.9,0.6,300,0
0.55,-0.2,0.9,0.6,150,0
0.55,-0.2,0.9,0.6,210,0
0.55,-0.2,0.9,0.6,120,0
0.55,-0.2,0.9,0.6,240,0
0.55,-0.2,0.95,0.4,0,1
0.55,-0.2,0.95,0.4,180,0
0.55,-0.2,0.95,0.4,90,0
0.55,-0.2,0.95,0.4,270,1
0.55,-0.2,0.95,0.4,30,1
0.55,-0.2,0.95,0.4,330,1
0.55,-0.2,0.95,0.4,60,0
0.55,-0.2,0.95,0.4,300,1
0.55,-0.2,0.95,0.4,150,0
0.55,-0.2,0.95,0.4,210,1
0.55,-0.2,0.95,0.4,120,0
0.55,-0.2,0.95,0.4,240,1
0.55,-0.2,0.95,0.5,0,1
0.55,-0.2,0.95,0.5,180,0
0.55,-0.2,0.95,0.5,90,0
0.55,-0.2,0.95,0.5,270,1
0.55,-0.2,0.95,0.5,30,1
0.55,-0.2,0.95,0.5,330,1
0.55,-0.2,0.95,0.5,60,0
0.55,-0.2,0.95,0.5,300,0
0.55,-0.2,0.95,0.5,150,0
0.55,-0.2,0.95,0.5,210,0
0.55,-0.2,0.95,0.5,120,0
0.55,-0.2,0.95,0.5,240,1
0.55,-0.2,0.95,0.6,0,1
0.55,-0.2,0.95,0.6,180,0
0.55,-0.2,0.95,0.6,90,0
0.55,-0.2,0.95,0.6,270,1
0.55,-0.2,0.95,0.6,30,0
0.55,-0.2,0.95,0.6,330,1
0.55,-0.2,0.95,0.6,60,0
0.55,-0.2,0.95,0.6,300,0
0.55,-0.2,0.95,0.6,150,0
0.55,-0.2,0.95,0.6,210,0
0.55,-0.2,0.95,0.6,120,0
0.55,-0.2,0.95,0.6,240,1
0.55,-0.2,1.0,0.4,0,1
0.55,-0.2,1.0,0.4,180,0
0.55,-0.2,1.0,0.4,90,0
0.55,-0.2,1.0,0.4,270,1
0.55,-0.2,1.0,0.4,30,1
0.55,-0.2,1.0,0.4,330,1
0.55,-0.2,1.0,0.4,60,0
0.55,-0.2,1.0,0.4,300,1
0.55,-0.2,1.0,0.4,150,0
0.55,-0.2,1.0,0.4,210,0
0.55,-0.2,1.0,0.4,120,0
0.55,-0.2,1.0,0.4,240,1
0.55,-0.2,1.0,0.5,0,1
0.55,-0.2,1.0,0.5,180,0
0.55,-0.2,1.0,0.5,90,0
0.55,-0.2,1.0,0.5,270,0
0.55,-0.2,1.0,0.5,30,1
0.55,-0.2,1.0,0.5,330,1
0.55,-0.2,1.0,0.5,60,0
0.55,-0.2,1.0,0.5,300,0
0.55,-0.2,1.0,0.5,150,0
0.55,-0.2,1.0,0.5,210,0
0.55,-0.2,1.0,0.5,120,0
0.55,-0.2,1.0,0.5,240,1
0.55,-0.2,1.0,0.6,0,1
0.55,-0.2,1.0,0.6,180,0
0.55,-0.2,1.0,0.6,90,0
0.55,-0.2,1.0,0.6,270,1
0.55,-0.2,1.0,0.6,30,0
0.55,-0.2,1.0,0.6,330,1
0.55,-0.2,1.0,0.6,60,0
0.55,-0.2,1.0,0.6,300,0
0.55,-0.2,1.0,0.6,150,0
0.55,-0.2,1.0,0.6,210,0
0.55,-0.2,1.0,0.6,120,0
0.55,-0.2,1.0,0.6,240,0
0.55,-0.15,0.65,0.4,0,1
0.55,-0.15,0.65,0.4,180,0
0.55,-0.15,0.65,0.4,90,0
0.55,-0.15,0.65,0.4,270,0
0.55,-0.15,0.65,0.4,30,1
0.55,-0.15,0.65,0.4,330,1
0.55,-0.15,0.65,0.4,60,1
0.55,-0.15,0.65,0.4,300,1
0.55,-0.15,0.65,0.4,150,0
0.55,-0.15,0.65,0.4,210,1
0.55,-0.15,0.65,0.4,120,0
0.55,-0.15,0.65,0.4,240,1
0.55,-0.15,0.65,0.5,0,1
0.55,-0.15,0.65,0.5,180,0
0.55,-0.15,0.65,0.5,90,0
0.55,-0.15,0.65,0.5,270,1
0.55,-0.15,0.65,0.5,30,1
0.55,-0.15,0.65,0.5,330,1
0.55,-0.15,0.65,0.5,60,0
0.55,-0.15,0.65,0.5,300,0
0.55,-0.15,0.65,0.5,150,0
0.55,-0.15,0.65,0.5,210,1
0.55,-0.15,0.65,0.5,120,0
0.55,-0.15,0.65,0.5,240,0
0.55,-0.15,0.65,0.6,0,1
0.55,-0.15,0.65,0.6,180,0
0.55,-0.15,0.65,0.6,90,0
0.55,-0.15,0.65,0.6,270,1
0.55,-0.15,0.65,0.6,30,0
0.55,-0.15,0.65,0.6,330,1
0.55,-0.15,0.65,0.6,60,0
0.55,-0.15,0.65,0.6,300,0
0.55,-0.15,0.65,0.6,150,0
0.55,-0.15,0.65,0.6,210,0
0.55,-0.15,0.65,0.6,120,0
0.55,-0.15,0.65,0.6,240,1
0.55,-0.15,0.7,0.4,0,1
0.55,-0.15,0.7,0.4,180,0
0.55,-0.15,0.7,0.4,90,0
0.55,-0.15,0.7,0.4,270,1
0.55,-0.15,0.7,0.4,30,1
0.55,-0.15,0.7,0.4,330,1
0.55,-0.15,0.7,0.4,60,1
0.55,-0.15,0.7,0.4,300,1
0.55,-0.15,0.7,0.4,150,0
0.55,-0.15,0.7,0.4,210,0
0.55,-0.15,0.7,0.4,120,0
0.55,-0.15,0.7,0.4,240,0
0.55,-0.15,0.7,0.5,0,1
0.55,-0.15,0.7,0.5,180,0
0.55,-0.15,0.7,0.5,90,0
0.55,-0.15,0.7,0.5,270,1
0.55,-0.15,0.7,0.5,30,1
0.55,-0.15,0.7,0.5,330,1
0.55,-0.15,0.7,0.5,60,0
0.55,-0.15,0.7,0.5,300,0
0.55,-0.15,0.7,0.5,150,0
0.55,-0.15,0.7,0.5,210,1
0.55,-0.15,0.7,0.5,120,0
0.55,-0.15,0.7,0.5,240,1
0.55,-0.15,0.7,0.6,0,1
0.55,-0.15,0.7,0.6,180,0
0.55,-0.15,0.7,0.6,90,0
0.55,-0.15,0.7,0.6,270,0
0.55,-0.15,0.7,0.6,30,0
0.55,-0.15,0.7,0.6,330,1
0.55,-0.15,0.7,0.6,60,0
0.55,-0.15,0.7,0.6,300,0
0.55,-0.15,0.7,0.6,150,0
0.55,-0.15,0.7,0.6,210,0
0.55,-0.15,0.7,0.6,120,0
0.55,-0.15,0.7,0.6,240,1
0.55,-0.15,0.75,0.4,0,1
0.55,-0.15,0.75,0.4,180,0
0.55,-0.15,0.75,0.4,90,0
0.55,-0.15,0.75,0.4,270,1
0.55,-0.15,0.75,0.4,30,1
0.55,-0.15,0.75,0.4,330,1
0.55,-0.15,0.75,0.4,60,1
0.55,-0.15,0.75,0.4,300,1
0.55,-0.15,0.75,0.4,150,0
0.55,-0.15,0.75,0.4,210,1
0.55,-0.15,0.75,0.4,120,0
0.55,-0.15,0.75,0.4,240,1
0.55,-0.15,0.75,0.5,0,1
0.55,-0.15,0.75,0.5,180,0
0.55,-0.15,0.75,0.5,90,0
0.55,-0.15,0.75,0.5,270,1
0.55,-0.15,0.75,0.5,30,1
0.55,-0.15,0.75,0.5,330,1
0.55,-0.15,0.75,0.5,60,0
0.55,-0.15,0.75,0.5,300,0
0.55,-0.15,0.75,0.5,150,0
0.55,-0.15,0.75,0.5,210,1
0.55,-0.15,0.75,0.5,120,0
0.55,-0.15,0.75,0.5,240,1
0.55,-0.15,0.75,0.6,0,1
0.55,-0.15,0.75,0.6,180,0
0.55,-0.15,0.75,0.6,90,0
0.55,-0.15,0.75,0.6,270,0
0.55,-0.15,0.75,0.6,30,0
0.55,-0.15,0.75,0.6,330,1
0.55,-0.15,0.75,0.6,60,0
0.55,-0.15,0.75,0.6,300,0
0.55,-0.15,0.75,0.6,150,0
0.55,-0.15,0.75,0.6,210,1
0.55,-0.15,0.75,0.6,120,0
0.55,-0.15,0.75,0.6,240,1
0.55,-0.15,0.8,0.4,0,1
0.55,-0.15,0.8,0.4,180,0
0.55,-0.15,0.8,0.4,90,0
0.55,-0.15,0.8,0.4,270,1
0.55,-0.15,0.8,0.4,30,1
0.55,-0.15,0.8,0.4,330,1
0.55,-0.15,0.8,0.4,60,1
0.55,-0.15,0.8,0.4,300,1
0.55,-0.15,0.8,0.4,150,0
0.55,-0.15,0.8,0.4,210,1
0.55,-0.15,0.8,0.4,120,0
0.55,-0.15,0.8,0.4,240,1
0.55,-0.15,0.8,0.5,0,1
0.55,-0.15,0.8,0.5,180,0
0.55,-0.15,0.8,0.5,90,0
0.55,-0.15,0.8,0.5,270,1
0.55,-0.15,0.8,0.5,30,1
0.55,-0.15,0.8,0.5,330,1
0.55,-0.15,0.8,0.5,60,0
0.55,-0.15,0.8,0.5,300,0
0.55,-0.15,0.8,0.5,150,0
0.55,-0.15,0.8,0.5,210,0
0.55,-0.15,0.8,0.5,120,0
0.55,-0.15,0.8,0.5,240,1
0.55,-0.15,0.8,0.6,0,1
0.55,-0.15,0.8,0.6,180,0
0.55,-0.15,0.8,0.6,90,0
0.55,-0.15,0.8,0.6,270,1
0.55,-0.15,0.8,0.6,30,0
0.55,-0.15,0.8,0.6,330,1
0.55,-0.15,0.8,0.6,60,0
0.55,-0.15,0.8,0.6,300,0
0.55,-0.15,0.8,0.6,150,0
0.55,-0.15,0.8,0.6,210,1
0.55,-0.15,0.8,0.6,120,0
0.55,-0.15,0.8,0.6,240,1
0.55,-0.15,0.85,0.4,0,1
0.55,-0.15,0.85,0.4,180,0
0.55,-0.15,0.85,0.4,90,0
0.55,-0.15,0.85,0.4,270,1
0.55,-0.15,0.85,0.4,30,1
0.55,-0.15,0.85,0.4,330,1
0.55,-0.15,0.85,0.4,60,0
0.55,-0.15,0.85,0.4,300,1
0.55,-0.15,0.85,0.4,150,0
0.55,-0.15,0.85,0.4,210,0
0.55,-0.15,0.85,0.4,120,0
0.55,-0.15,0.85,0.4,240,1
0.55,-0.15,0.85,0.5,0,1
0.55,-0.15,0.85,0.5,180,0
0.55,-0.15,0.85,0.5,90,0
0.55,-0.15,0.85,0.5,270,0
0.55,-0.15,0.85,0.5,30,1
0.55,-0.15,0.85,0.5,330,1
0.55,-0.15,0.85,0.5,60,0
0.55,-0.15,0.85,0.5,300,0
0.55,-0.15,0.85,0.5,150,0
0.55,-0.15,0.85,0.5,210,0
0.55,-0.15,0.85,0.5,120,0
0.55,-0.15,0.85,0.5,240,1
0.55,-0.15,0.85,0.6,0,1
0.55,-0.15,0.85,0.6,180,0
0.55,-0.15,0.85,0.6,90,0
0.55,-0.15,0.85,0.6,270,0
0.55,-0.15,0.85,0.6,30,0
0.55,-0.15,0.85,0.6,330,1
0.55,-0.15,0.85,0.6,60,0
0.55,-0.15,0.85,0.6,300,0
0.55,-0.15,0.85,0.6,150,0
0.55,-0.15,0.85,0.6,210,0
0.55,-0.15,0.85,0.6,120,0
0.55,-0.15,0.85,0.6,240,1
0.55,-0.15,0.9,0.4,0,1
0.55,-0.15,0.9,0.4,180,0
0.55,-0.15,0.9,0.4,90,0
0.55,-0.15,0.9,0.4,270,1
0.55,-0.15,0.9,0.4,30,1
0.55,-0.15,0.9,0.4,330,1
0.55,-0.15,0.9,0.4,60,0
0.55,-0.15,0.9,0.4,300,1
0.55,-0.15,0.9,0.4,150,0
0.55,-0.15,0.9,0.4,210,1
0.55,-0.15,0.9,0.4,120,0
0.55,-0.15,0.9,0.4,240,0
0.55,-0.15,0.9,0.5,0,1
0.55,-0.15,0.9,0.5,180,0
0.55,-0.15,0.9,0.5,90,0
0.55,-0.15,0.9,0.5,270,1
0.55,-0.15,0.9,0.5,30,1
0.55,-0.15,0.9,0.5,330,1
0.55,-0.15,0.9,0.5,60,0
0.55,-0.15,0.9,0.5,300,0
0.55,-0.15,0.9,0.5,150,0
0.55,-0.15,0.9,0.5,210,1
0.55,-0.15,0.9,0.5,120,0
0.55,-0.15,0.9,0.5,240,1
0.55,-0.15,0.9,0.6,0,1
0.55,-0.15,0.9,0.6,180,0
0.55,-0.15,0.9,0.6,90,0
0.55,-0.15,0.9,0.6,270,0
0.55,-0.15,0.9,0.6,30,0
0.55,-0.15,0.9,0.6,330,1
0.55,-0.15,0.9,0.6,60,0
0.55,-0.15,0.9,0.6,300,0
0.55,-0.15,0.9,0.6,150,0
0.55,-0.15,0.9,0.6,210,1
0.55,-0.15,0.9,0.6,120,0
0.55,-0.15,0.9,0.6,240,1
0.55,-0.15,0.95,0.4,0,1
0.55,-0.15,0.95,0.4,180,0
0.55,-0.15,0.95,0.4,90,0
0.55,-0.15,0.95,0.4,270,1
0.55,-0.15,0.95,0.4,30,1
0.55,-0.15,0.95,0.4,330,1
0.55,-0.15,0.95,0.4,60,0
0.55,-0.15,0.95,0.4,300,0
0.55,-0.15,0.95,0.4,150,0
0.55,-0.15,0.95,0.4,210,1
0.55,-0.15,0.95,0.4,120,0
0.55,-0.15,0.95,0.4,240,1
0.55,-0.15,0.95,0.5,0,1
0.55,-0.15,0.95,0.5,180,0
0.55,-0.15,0.95,0.5,90,0
0.55,-0.15,0.95,0.5,270,0
0.55,-0.15,0.95,0.5,30,1
0.55,-0.15,0.95,0.5,330,1
0.55,-0.15,0.95,0.5,60,0
0.55,-0.15,0.95,0.5,300,0
0.55,-0.15,0.95,0.5,150,0
0.55,-0.15,0.95,0.5,210,0
0.55,-0.15,0.95,0.5,120,0
0.55,-0.15,0.95,0.5,240,1
0.55,-0.15,0.95,0.6,0,1
0.55,-0.15,0.95,0.6,180,0
0.55,-0.15,0.95,0.6,90,0
0.55,-0.15,0.95,0.6,270,1
0.55,-0.15,0.95,0.6,30,0
0.55,-0.15,0.95,0.6,330,1
0.55,-0.15,0.95,0.6,60,0
0.55,-0.15,0.95,0.6,300,0
0.55,-0.15,0.95,0.6,150,0
0.55,-0.15,0.95,0.6,210,0
0.55,-0.15,0.95,0.6,120,0
0.55,-0.15,0.95,0.6,240,1
0.55,-0.15,1.0,0.4,0,1
0.55,-0.15,1.0,0.4,180,0
0.55,-0.15,1.0,0.4,90,0
0.55,-0.15,1.0,0.4,270,0
0.55,-0.15,1.0,0.4,30,1
0.55,-0.15,1.0,0.4,330,1
0.55,-0.15,1.0,0.4,60,0
0.55,-0.15,1.0,0.4,300,1
0.55,-0.15,1.0,0.4,150,0
0.55,-0.15,1.0,0.4,210,1
0.55,-0.15,1.0,0.4,120,0
0.55,-0.15,1.0,0.4,240,0
0.55,-0.15,1.0,0.5,0,1
0.55,-0.15,1.0,0.5,180,0
0.55,-0.15,1.0,0.5,90,0
0.55,-0.15,1.0,0.5,270,0
0.55,-0.15,1.0,0.5,30,0
0.55,-0.15,1.0,0.5,330,1
0.55,-0.15,1.0,0.5,60,0
0.55,-0.15,1.0,0.5,300,0
0.55,-0.15,1.0,0.5,150,0
0.55,-0.15,1.0,0.5,210,1
0.55,-0.15,1.0,0.5,120,0
0.55,-0.15,1.0,0.5,240,1
0.55,-0.15,1.0,0.6,0,1
0.55,-0.15,1.0,0.6,180,0
0.55,-0.15,1.0,0.6,90,0
0.55,-0.15,1.0,0.6,270,1
0.55,-0.15,1.0,0.6,30,0
0.55,-0.15,1.0,0.6,330,1
0.55,-0.15,1.0,0.6,60,0
0.55,-0.15,1.0,0.6,300,0
0.55,-0.15,1.0,0.6,150,0
0.55,-0.15,1.0,0.6,210,0
0.55,-0.15,1.0,0.6,120,0
0.55,-0.15,1.0,0.6,240,1
0.55,-0.1,0.65,0.4,0,1
0.55,-0.1,0.65,0.4,180,1
0.55,-0.1,0.65,0.4,90,0
0.55,-0.1,0.65,0.4,270,0
0.55,-0.1,0.65,0.4,30,1
0.55,-0.1,0.65,0.4,330,1
0.55,-0.1,0.65,0.4,60,1
0.55,-0.1,0.65,0.4,300,1
0.55,-0.1,0.65,0.4,150,0
0.55,-0.1,0.65,0.4,210,0
0.55,-0.1,0.65,0.4,120,0
0.55,-0.1,0.65,0.4,240,0
0.55,-0.1,0.65,0.5,0,1
0.55,-0.1,0.65,0.5,180,0
0.55,-0.1,0.65,0.5,90,0
0.55,-0.1,0.65,0.5,270,0
0.55,-0.1,0.65,0.5,30,1
0.55,-0.1,0.65,0.5,330,1
0.55,-0.1,0.65,0.5,60,0
0.55,-0.1,0.65,0.5,300,0
0.55,-0.1,0.65,0.5,150,0
0.55,-0.1,0.65,0.5,210,1
0.55,-0.1,0.65,0.5,120,0
0.55,-0.1,0.65,0.5,240,0
0.55,-0.1,0.65,0.6,0,1
0.55,-0.1,0.65,0.6,180,0
0.55,-0.1,0.65,0.6,90,0
0.55,-0.1,0.65,0.6,270,1
0.55,-0.1,0.65,0.6,30,0
0.55,-0.1,0.65,0.6,330,1
0.55,-0.1,0.65,0.6,60,0
0.55,-0.1,0.65,0.6,300,0
0.55,-0.1,0.65,0.6,150,0
0.55,-0.1,0.65,0.6,210,0
0.55,-0.1,0.65,0.6,120,0
0.55,-0.1,0.65,0.6,240,1
0.55,-0.1,0.7,0.4,0,1
0.55,-0.1,0.7,0.4,180,1
0.55,-0.1,0.7,0.4,90,0
0.55,-0.1,0.7,0.4,270,1
0.55,-0.1,0.7,0.4,30,1
0.55,-0.1,0.7,0.4,330,1
0.55,-0.1,0.7,0.4,60,1
0.55,-0.1,0.7,0.4,300,1
0.55,-0.1,0.7,0.4,150,0
0.55,-0.1,0.7,0.4,210,0
0.55,-0.1,0.7,0.4,120,0
0.55,-0.1,0.7,0.4,240,1
0.55,-0.1,0.7,0.5,0,1
0.55,-0.1,0.7,0.5,180,0
0.55,-0.1,0.7,0.5,90,0
0.55,-0.1,0.7,0.5,270,1
0.55,-0.1,0.7,0.5,30,1
0.55,-0.1,0.7,0.5,330,1
0.55,-0.1,0.7,0.5,60,0
0.55,-0.1,0.7,0.5,300,0
0.55,-0.1,0.7,0.5,150,0
0.55,-0.1,0.7,0.5,210,1
0.55,-0.1,0.7,0.5,120,0
0.55,-0.1,0.7,0.5,240,1
0.55,-0.1,0.7,0.6,0,1
0.55,-0.1,0.7,0.6,180,0
0.55,-0.1,0.7,0.6,90,0
0.55,-0.1,0.7,0.6,270,1
0.55,-0.1,0.7,0.6,30,0
0.55,-0.1,0.7,0.6,330,1
0.55,-0.1,0.7,0.6,60,0
0.55,-0.1,0.7,0.6,300,0
0.55,-0.1,0.7,0.6,150,0
0.55,-0.1,0.7,0.6,210,1
0.55,-0.1,0.7,0.6,120,0
0.55,-0.1,0.7,0.6,240,1
0.55,-0.1,0.75,0.4,0,1
0.55,-0.1,0.75,0.4,180,1
0.55,-0.1,0.75,0.4,90,0
0.55,-0.1,0.75,0.4,270,1
0.55,-0.1,0.75,0.4,30,1
0.55,-0.1,0.75,0.4,330,1
0.55,-0.1,0.75,0.4,60,1
0.55,-0.1,0.75,0.4,300,1
0.55,-0.1,0.75,0.4,150,0
0.55,-0.1,0.75,0.4,210,1
0.55,-0.1,0.75,0.4,120,0
0.55,-0.1,0.75,0.4,240,1
0.55,-0.1,0.75,0.5,0,1
0.55,-0.1,0.75,0.5,180,0
0.55,-0.1,0.75,0.5,90,0
0.55,-0.1,0.75,0.5,270,1
0.55,-0.1,0.75,0.5,30,1
0.55,-0.1,0.75,0.5,330,1
0.55,-0.1,0.75,0.5,60,0
0.55,-0.1,0.75,0.5,300,0
0.55,-0.1,0.75,0.5,150,0
0.55,-0.1,0.75,0.5,210,1
0.55,-0.1,0.75,0.5,120,0
0.55,-0.1,0.75,0.5,240,1
0.55,-0.1,0.75,0.6,0,1
0.55,-0.1,0.75,0.6,180,0
0.55,-0.1,0.75,0.6,90,0
0.55,-0.1,0.75,0.6,270,1
0.55,-0.1,0.75,0.6,30,0
0.55,-0.1,0.75,0.6,330,1
0.55,-0.1,0.75,0.6,60,0
0.55,-0.1,0.75,0.6,300,0
0.55,-0.1,0.75,0.6,150,0
0.55,-0.1,0.75,0.6,210,1
0.55,-0.1,0.75,0.6,120,0
0.55,-0.1,0.75,0.6,240,1
0.55,-0.1,0.8,0.4,0,1
0.55,-0.1,0.8,0.4,180,1
0.55,-0.1,0.8,0.4,90,0
0.55,-0.1,0.8,0.4,270,0
0.55,-0.1,0.8,0.4,30,1
0.55,-0.1,0.8,0.4,330,1
0.55,-0.1,0.8,0.4,60,1
0.55,-0.1,0.8,0.4,300,1
0.55,-0.1,0.8,0.4,150,0
0.55,-0.1,0.8,0.4,210,1
0.55,-0.1,0.8,0.4,120,0
0.55,-0.1,0.8,0.4,240,1
0.55,-0.1,0.8,0.5,0,1
0.55,-0.1,0.8,0.5,180,0
0.55,-0.1,0.8,0.5,90,0
0.55,-0.1,0.8,0.5,270,0
0.55,-0.1,0.8,0.5,30,1
0.55,-0.1,0.8,0.5,330,1
0.55,-0.1,0.8,0.5,60,0
0.55,-0.1,0.8,0.5,300,0
0.55,-0.1,0.8,0.5,150,0
0.55,-0.1,0.8,0.5,210,1
0.55,-0.1,0.8,0.5,120,0
0.55,-0.1,0.8,0.5,240,0
0.55,-0.1,0.8,0.6,0,1
0.55,-0.1,0.8,0.6,180,0
0.55,-0.1,0.8,0.6,90,0
0.55,-0.1,0.8,0.6,270,1
0.55,-0.1,0.8,0.6,30,0
0.55,-0.1,0.8,0.6,330,1
0.55,-0.1,0.8,0.6,60,0
0.55,-0.1,0.8,0.6,300,0
0.55,-0.1,0.8,0.6,150,0
0.55,-0.1,0.8,0.6,210,1
0.55,-0.1,0.8,0.6,120,0
0.55,-0.1,0.8,0.6,240,1
0.55,-0.1,0.85,0.4,0,1
0.55,-0.1,0.85,0.4,180,0
0.55,-0.1,0.85,0.4,90,0
0.55,-0.1,0.85,0.4,270,1
0.55,-0.1,0.85,0.4,30,1
0.55,-0.1,0.85,0.4,330,1
0.55,-0.1,0.85,0.4,60,0
0.55,-0.1,0.85,0.4,300,1
0.55,-0.1,0.85,0.4,150,0
0.55,-0.1,0.85,0.4,210,1
0.55,-0.1,0.85,0.4,120,0
0.55,-0.1,0.85,0.4,240,1
0.55,-0.1,0.85,0.5,0,1
0.55,-0.1,0.85,0.5,180,0
0.55,-0.1,0.85,0.5,90,0
0.55,-0.1,0.85,0.5,270,1
0.55,-0.1,0.85,0.5,30,1
0.55,-0.1,0.85,0.5,330,1
0.55,-0.1,0.85,0.5,60,0
0.55,-0.1,0.85,0.5,300,0
0.55,-0.1,0.85,0.5,150,0
0.55,-0.1,0.85,0.5,210,0
0.55,-0.1,0.85,0.5,120,0
0.55,-0.1,0.85,0.5,240,1
0.55,-0.1,0.85,0.6,0,1
0.55,-0.1,0.85,0.6,180,0
0.55,-0.1,0.85,0.6,90,0
0.55,-0.1,0.85,0.6,270,1
0.55,-0.1,0.85,0.6,30,0
0.55,-0.1,0.85,0.6,330,1
0.55,-0.1,0.85,0.6,60,0
0.55,-0.1,0.85,0.6,300,0
0.55,-0.1,0.85,0.6,150,0
0.55,-0.1,0.85,0.6,210,1
0.55,-0.1,0.85,0.6,120,0
0.55,-0.1,0.85,0.6,240,1
0.55,-0.1,0.9,0.4,0,1
0.55,-0.1,0.9,0.4,180,0
0.55,-0.1,0.9,0.4,90,0
0.55,-0.1,0.9,0.4,270,1
0.55,-0.1,0.9,0.4,30,1
0.55,-0.1,0.9,0.4,330,1
0.55,-0.1,0.9,0.4,60,0
0.55,-0.1,0.9,0.4,300,1
0.55,-0.1,0.9,0.4,150,0
0.55,-0.1,0.9,0.4,210,1
0.55,-0.1,0.9,0.4,120,0
0.55,-0.1,0.9,0.4,240,1
0.55,-0.1,0.9,0.5,0,1
0.55,-0.1,0.9,0.5,180,0
0.55,-0.1,0.9,0.5,90,0
0.55,-0.1,0.9,0.5,270,0
0.55,-0.1,0.9,0.5,30,1
0.55,-0.1,0.9,0.5,330,1
0.55,-0.1,0.9,0.5,60,0
0.55,-0.1,0.9,0.5,300,0
0.55,-0.1,0.9,0.5,150,0
0.55,-0.1,0.9,0.5,210,0
0.55,-0.1,0.9,0.5,120,0
0.55,-0.1,0.9,0.5,240,1
0.55,-0.1,0.9,0.6,0,1
0.55,-0.1,0.9,0.6,180,0
0.55,-0.1,0.9,0.6,90,0
0.55,-0.1,0.9,0.6,270,1
0.55,-0.1,0.9,0.6,30,0
0.55,-0.1,0.9,0.6,330,1
0.55,-0.1,0.9,0.6,60,0
0.55,-0.1,0.9,0.6,300,0
0.55,-0.1,0.9,0.6,150,0
0.55,-0.1,0.9,0.6,210,1
0.55,-0.1,0.9,0.6,120,0
0.55,-0.1,0.9,0.6,240,0
0.55,-0.1,0.95,0.4,0,1
0.55,-0.1,0.95,0.4,180,0
0.55,-0.1,0.95,0.4,90,0
0.55,-0.1,0.95,0.4,270,1
0.55,-0.1,0.95,0.4,30,1
0.55,-0.1,0.95,0.4,330,1
0.55,-0.1,0.95,0.4,60,0
0.55,-0.1,0.95,0.4,300,1
0.55,-0.1,0.95,0.4,150,0
0.55,-0.1,0.95,0.4,210,1
0.55,-0.1,0.95,0.4,120,0
0.55,-0.1,0.95,0.4,240,0
0.55,-0.1,0.95,0.5,0,1
0.55,-0.1,0.95,0.5,180,0
0.55,-0.1,0.95,0.5,90,0
0.55,-0.1,0.95,0.5,270,1
0.55,-0.1,0.95,0.5,30,0
0.55,-0.1,0.95,0.5,330,1
0.55,-0.1,0.95,0.5,60,0
0.55,-0.1,0.95,0.5,300,0
0.55,-0.1,0.95,0.5,150,0
0.55,-0.1,0.95,0.5,210,0
0.55,-0.1,0.95,0.5,120,0
0.55,-0.1,0.95,0.5,240,1
0.55,-0.1,0.95,0.6,0,1
0.55,-0.1,0.95,0.6,180,0
0.55,-0.1,0.95,0.6,90,0
0.55,-0.1,0.95,0.6,270,0
0.55,-0.1,0.95,0.6,30,0
0.55,-0.1,0.95,0.6,330,1
0.55,-0.1,0.95,0.6,60,0
0.55,-0.1,0.95,0.6,300,0
0.55,-0.1,0.95,0.6,150,0
0.55,-0.1,0.95,0.6,210,0
0.55,-0.1,0.95,0.6,120,0
0.55,-0.1,0.95,0.6,240,0
0.55,-0.1,1.0,0.4,0,1
0.55,-0.1,1.0,0.4,180,0
0.55,-0.1,1.0,0.4,90,0
0.55,-0.1,1.0,0.4,270,0
0.55,-0.1,1.0,0.4,30,1
0.55,-0.1,1.0,0.4,330,1
0.55,-0.1,1.0,0.4,60,0
0.55,-0.1,1.0,0.4,300,1
0.55,-0.1,1.0,0.4,150,0
0.55,-0.1,1.0,0.4,210,0
0.55,-0.1,1.0,0.4,120,0
0.55,-0.1,1.0,0.4,240,1
0.55,-0.1,1.0,0.5,0,1
0.55,-0.1,1.0,0.5,180,0
0.55,-0.1,1.0,0.5,90,0
0.55,-0.1,1.0,0.5,270,1
0.55,-0.1,1.0,0.5,30,0
0.55,-0.1,1.0,0.5,330,1
0.55,-0.1,1.0,0.5,60,0
0.55,-0.1,1.0,0.5,300,0
0.55,-0.1,1.0,0.5,150,0
0.55,-0.1,1.0,0.5,210,0
0.55,-0.1,1.0,0.5,120,0
0.55,-0.1,1.0,0.5,240,0
0.55,-0.1,1.0,0.6,0,1
0.55,-0.1,1.0,0.6,180,0
0.55,-0.1,1.0,0.6,90,0
0.55,-0.1,1.0,0.6,270,0
0.55,-0.1,1.0,0.6,30,0
0.55,-0.1,1.0,0.6,330,1
0.55,-0.1,1.0,0.6,60,0
0.55,-0.1,1.0,0.6,300,0
0.55,-0.1,1.0,0.6,150,0
0.55,-0.1,1.0,0.6,210,0
0.55,-0.1,1.0,0.6,120,0
0.55,-0.1,1.0,0.6,240,0
0.6,-0.45,0.65,0.4,0,1
0.6,-0.45,0.65,0.4,180,0
0.6,-0.45,0.65,0.4,90,0
0.6,-0.45,0.65,0.4,270,0
0.6,-0.45,0.65,0.4,30,1
0.6,-0.45,0.65,0.4,330,1
0.6,-0.45,0.65,0.4,60,0
0.6,-0.45,0.65,0.4,300,0
0.6,-0.45,0.65,0.4,150,0
0.6,-0.45,0.65,0.4,210,0
0.6,-0.45,0.65,0.4,120,0
0.6,-0.45,0.65,0.4,240,1
0.6,-0.45,0.65,0.5,0,1
0.6,-0.45,0.65,0.5,180,0
0.6,-0.45,0.65,0.5,90,0
0.6,-0.45,0.65,0.5,270,0
0.6,-0.45,0.65,0.5,30,1
0.6,-0.45,0.65,0.5,330,1
0.6,-0.45,0.65,0.5,60,0
0.6,-0.45,0.65,0.5,300,1
0.6,-0.45,0.65,0.5,150,0
0.6,-0.45,0.65,0.5,210,0
0.6,-0.45,0.65,0.5,120,0
0.6,-0.45,0.65,0.5,240,1
0.6,-0.45,0.65,0.6,0,1
0.6,-0.45,0.65,0.6,180,0
0.6,-0.45,0.65,0.6,90,0
0.6,-0.45,0.65,0.6,270,0
0.6,-0.45,0.65,0.6,30,1
0.6,-0.45,0.65,0.6,330,1
0.6,-0.45,0.65,0.6,60,0
0.6,-0.45,0.65,0.6,300,1
0.6,-0.45,0.65,0.6,150,0
0.6,-0.45,0.65,0.6,210,0
0.6,-0.45,0.65,0.6,120,0
0.6,-0.45,0.65,0.6,240,0
0.6,-0.45,0.7,0.4,0,1
0.6,-0.45,0.7,0.4,180,0
0.6,-0.45,0.7,0.4,90,0
0.6,-0.45,0.7,0.4,270,1
0.6,-0.45,0.7,0.4,30,1
0.6,-0.45,0.7,0.4,330,1
0.6,-0.45,0.7,0.4,60,0
0.6,-0.45,0.7,0.4,300,0
0.6,-0.45,0.7,0.4,150,0
0.6,-0.45,0.7,0.4,210,0
0.6,-0.45,0.7,0.4,120,0
0.6,-0.45,0.7,0.4,240,1
0.6,-0.45,0.7,0.5,0,1
0.6,-0.45,0.7,0.5,180,0
0.6,-0.45,0.7,0.5,90,0
0.6,-0.45,0.7,0.5,270,0
0.6,-0.45,0.7,0.5,30,1
0.6,-0.45,0.7,0.5,330,1
0.6,-0.45,0.7,0.5,60,0
0.6,-0.45,0.7,0.5,300,1
0.6,-0.45,0.7,0.5,150,0
0.6,-0.45,0.7,0.5,210,0
0.6,-0.45,0.7,0.5,120,0
0.6,-0.45,0.7,0.5,240,1
0.6,-0.45,0.7,0.6,0,1
0.6,-0.45,0.7,0.6,180,0
0.6,-0.45,0.7,0.6,90,0
0.6,-0.45,0.7,0.6,270,0
0.6,-0.45,0.7,0.6,30,1
0.6,-0.45,0.7,0.6,330,1
0.6,-0.45,0.7,0.6,60,0
0.6,-0.45,0.7,0.6,300,1
0.6,-0.45,0.7,0.6,150,0
0.6,-0.45,0.7,0.6,210,0
0.6,-0.45,0.7,0.6,120,0
0.6,-0.45,0.7,0.6,240,0
0.6,-0.45,0.75,0.4,0,1
0.6,-0.45,0.75,0.4,180,0
0.6,-0.45,0.75,0.4,90,0
0.6,-0.45,0.75,0.4,270,1
0.6,-0.45,0.75,0.4,30,1
0.6,-0.45,0.75,0.4,330,1
0.6,-0.45,0.75,0.4,60,0
0.6,-0.45,0.75,0.4,300,1
0.6,-0.45,0.75,0.4,150,0
0.6,-0.45,0.75,0.4,210,0
0.6,-0.45,0.75,0.4,120,0
0.6,-0.45,0.75,0.4,240,1
0.6,-0.45,0.75,0.5,0,1
0.6,-0.45,0.75,0.5,180,0
0.6,-0.45,0.75,0.5,90,0
0.6,-0.45,0.75,0.5,270,1
0.6,-0.45,0.75,0.5,30,1
0.6,-0.45,0.75,0.5,330,0
0.6,-0.45,0.75,0.5,60,0
0.6,-0.45,0.75,0.5,300,0
0.6,-0.45,0.75,0.5,150,0
0.6,-0.45,0.75,0.5,210,0
0.6,-0.45,0.75,0.5,120,0
0.6,-0.45,0.75,0.6,0,1
0.6,-0.45,0.75,0.6,180,0
0.6,-0.45,0.75,0.6,90,0
0.6,-0.45,0.75,0.6,270,0
0.6,-0.45,0.75,0.6,30,1
0.6,-0.45,0.75,0.6,330,1
0.6,-0.45,0.75,0.6,60,0
0.6,-0.45,0.75,0.6,300,0
0.6,-0.45,0.75,0.6,150,0
0.6,-0.45,0.75,0.6,210,0
0.6,-0.45,0.75,0.6,120,0
0.6,-0.45,0.75,0.6,240,0
0.6,-0.45,0.8,0.4,0,1
0.6,-0.45,0.8,0.4,180,0
0.6,-0.45,0.8,0.4,90,0
0.6,-0.45,0.8,0.4,270,0
0.6,-0.45,0.8,0.4,30,1
0.6,-0.45,0.8,0.4,330,1
0.6,-0.45,0.8,0.4,60,0
0.6,-0.45,0.8,0.4,300,1
0.6,-0.45,0.8,0.4,150,0
0.6,-0.45,0.8,0.4,210,0
0.6,-0.45,0.8,0.4,120,0
0.6,-0.45,0.8,0.4,240,1
0.6,-0.45,0.8,0.5,0,1
0.6,-0.45,0.8,0.5,180,0
0.6,-0.45,0.8,0.5,90,0
0.6,-0.45,0.8,0.5,270,0
0.6,-0.45,0.8,0.5,30,1
0.6,-0.45,0.8,0.5,330,1
0.6,-0.45,0.8,0.5,60,0
0.6,-0.45,0.8,0.5,300,1
0.6,-0.45,0.8,0.5,150,0
0.6,-0.45,0.8,0.5,210,0
0.6,-0.45,0.8,0.5,120,0
0.6,-0.45,0.8,0.5,240,1
0.6,-0.45,0.8,0.6,0,1
0.6,-0.45,0.8,0.6,180,0
0.6,-0.45,0.8,0.6,90,0
0.6,-0.45,0.8,0.6,270,0
0.6,-0.45,0.8,0.6,30,1
0.6,-0.45,0.8,0.6,330,0
0.6,-0.45,0.8,0.6,60,0
0.6,-0.45,0.8,0.6,300,1
0.6,-0.45,0.8,0.6,150,0
0.6,-0.45,0.8,0.6,210,0
0.6,-0.45,0.8,0.6,120,0
0.6,-0.45,0.8,0.6,240,0
0.6,-0.45,0.85,0.4,0,1
0.6,-0.45,0.85,0.4,180,0
0.6,-0.45,0.85,0.4,90,0
0.6,-0.45,0.85,0.4,270,1
0.6,-0.45,0.85,0.4,30,1
0.6,-0.45,0.85,0.4,330,1
0.6,-0.45,0.85,0.4,60,0
0.6,-0.45,0.85,0.4,300,1
0.6,-0.45,0.85,0.4,150,0
0.6,-0.45,0.85,0.4,210,0
0.6,-0.45,0.85,0.4,120,0
0.6,-0.45,0.85,0.4,240,0
0.6,-0.45,0.85,0.5,0,1
0.6,-0.45,0.85,0.5,180,0
0.6,-0.45,0.85,0.5,90,0
0.6,-0.45,0.85,0.5,270,1
0.6,-0.45,0.85,0.5,30,1
0.6,-0.45,0.85,0.5,330,1
0.6,-0.45,0.85,0.5,60,0
0.6,-0.45,0.85,0.5,300,1
0.6,-0.45,0.85,0.5,150,0
0.6,-0.45,0.85,0.5,210,0
0.6,-0.45,0.85,0.5,120,0
0.6,-0.45,0.85,0.5,240,0
0.6,-0.45,0.85,0.6,0,1
0.6,-0.45,0.85,0.6,180,0
0.6,-0.45,0.85,0.6,90,0
0.6,-0.45,0.85,0.6,270,1
0.6,-0.45,0.85,0.6,30,0
0.6,-0.45,0.85,0.6,330,1
0.6,-0.45,0.85,0.6,60,0
0.6,-0.45,0.85,0.6,300,1
0.6,-0.45,0.85,0.6,150,0
0.6,-0.45,0.85,0.6,210,0
0.6,-0.45,0.85,0.6,120,0
0.6,-0.45,0.85,0.6,240,0
0.6,-0.45,0.9,0.4,0,1
0.6,-0.45,0.9,0.4,180,0
0.6,-0.45,0.9,0.4,90,0
0.6,-0.45,0.9,0.4,270,0
0.6,-0.45,0.9,0.4,30,1
0.6,-0.45,0.9,0.4,330,1
0.6,-0.45,0.9,0.4,60,0
0.6,-0.45,0.9,0.4,300,1
0.6,-0.45,0.9,0.4,150,0
0.6,-0.45,0.9,0.4,210,0
0.6,-0.45,0.9,0.4,120,0
0.6,-0.45,0.9,0.4,240,0
0.6,-0.45,0.9,0.5,0,1
0.6,-0.45,0.9,0.5,180,0
0.6,-0.45,0.9,0.5,90,0
0.6,-0.45,0.9,0.5,270,1
0.6,-0.45,0.9,0.5,30,1
0.6,-0.45,0.9,0.5,330,1
0.6,-0.45,0.9,0.5,60,0
0.6,-0.45,0.9,0.5,300,1
0.6,-0.45,0.9,0.5,150,0
0.6,-0.45,0.9,0.5,210,0
0.6,-0.45,0.9,0.5,120,0
0.6,-0.45,0.9,0.5,240,0
0.6,-0.45,0.9,0.6,0,1
0.6,-0.45,0.9,0.6,180,0
0.6,-0.45,0.9,0.6,90,0
0.6,-0.45,0.9,0.6,270,0
0.6,-0.45,0.9,0.6,30,0
0.6,-0.45,0.9,0.6,330,1
0.6,-0.45,0.9,0.6,60,0
0.6,-0.45,0.9,0.6,300,0
0.6,-0.45,0.9,0.6,150,0
0.6,-0.45,0.9,0.6,210,0
0.6,-0.45,0.9,0.6,120,0
0.6,-0.45,0.9,0.6,240,0
0.6,-0.45,0.95,0.4,0,1
0.6,-0.45,0.95,0.4,180,0
0.6,-0.45,0.95,0.4,90,0
0.6,-0.45,0.95,0.4,270,0
0.6,-0.45,0.95,0.4,30,1
0.6,-0.45,0.95,0.4,330,1
0.6,-0.45,0.95,0.4,60,0
0.6,-0.45,0.95,0.4,300,1
0.6,-0.45,0.95,0.4,150,0
0.6,-0.45,0.95,0.4,210,0
0.6,-0.45,0.95,0.4,120,0
0.6,-0.45,0.95,0.4,240,0
0.6,-0.45,0.95,0.5,0,1
0.6,-0.45,0.95,0.5,180,0
0.6,-0.45,0.95,0.5,90,0
0.6,-0.45,0.95,0.5,270,1
0.6,-0.45,0.95,0.5,30,1
0.6,-0.45,0.95,0.5,330,1
0.6,-0.45,0.95,0.5,60,0
0.6,-0.45,0.95,0.5,300,1
0.6,-0.45,0.95,0.5,150,0
0.6,-0.45,0.95,0.5,210,0
0.6,-0.45,0.95,0.5,120,0
0.6,-0.45,0.95,0.5,240,0
0.6,-0.45,0.95,0.6,0,1
0.6,-0.45,0.95,0.6,180,0
0.6,-0.45,0.95,0.6,90,0
0.6,-0.45,0.95,0.6,270,1
0.6,-0.45,0.95,0.6,30,0
0.6,-0.45,0.95,0.6,330,1
0.6,-0.45,0.95,0.6,60,0
0.6,-0.45,0.95,0.6,300,1
0.6,-0.45,0.95,0.6,150,0
0.6,-0.45,0.95,0.6,210,0
0.6,-0.45,0.95,0.6,120,0
0.6,-0.45,0.95,0.6,240,0
0.6,-0.45,1.0,0.4,0,1
0.6,-0.45,1.0,0.4,180,0
0.6,-0.45,1.0,0.4,90,0
0.6,-0.45,1.0,0.4,270,0
0.6,-0.45,1.0,0.4,30,1
0.6,-0.45,1.0,0.4,330,1
0.6,-0.45,1.0,0.4,60,0
0.6,-0.45,1.0,0.4,300,1
0.6,-0.45,1.0,0.4,150,0
0.6,-0.45,1.0,0.4,210,0
0.6,-0.45,1.0,0.4,120,0
0.6,-0.45,1.0,0.4,240,0
0.6,-0.45,1.0,0.5,0,1
0.6,-0.45,1.0,0.5,180,0
0.6,-0.45,1.0,0.5,90,0
0.6,-0.45,1.0,0.5,270,1
0.6,-0.45,1.0,0.5,30,0
0.6,-0.45,1.0,0.5,330,1
0.6,-0.45,1.0,0.5,60,0
0.6,-0.45,1.0,0.5,300,1
0.6,-0.45,1.0,0.5,150,0
0.6,-0.45,1.0,0.5,210,0
0.6,-0.45,1.0,0.5,120,0
0.6,-0.45,1.0,0.5,240,0
0.6,-0.45,1.0,0.6,0,1
0.6,-0.45,1.0,0.6,180,0
0.6,-0.45,1.0,0.6,90,0
0.6,-0.45,1.0,0.6,270,1
0.6,-0.45,1.0,0.6,30,0
0.6,-0.45,1.0,0.6,330,1
0.6,-0.45,1.0,0.6,60,0
0.6,-0.45,1.0,0.6,300,1
0.6,-0.45,1.0,0.6,150,0
0.6,-0.45,1.0,0.6,210,0
0.6,-0.45,1.0,0.6,120,0
0.6,-0.45,1.0,0.6,240,0
0.6,-0.4,0.65,0.4,0,1
0.6,-0.4,0.65,0.4,180,0
0.6,-0.4,0.65,0.4,90,0
0.6,-0.4,0.65,0.4,270,0
0.6,-0.4,0.65,0.4,30,1
0.6,-0.4,0.65,0.4,330,1
0.6,-0.4,0.65,0.4,60,0
0.6,-0.4,0.65,0.4,300,1
0.6,-0.4,0.65,0.4,150,0
0.6,-0.4,0.65,0.4,210,0
0.6,-0.4,0.65,0.4,120,0
0.6,-0.4,0.65,0.4,240,1
0.6,-0.4,0.65,0.5,0,1
0.6,-0.4,0.65,0.5,180,0
0.6,-0.4,0.65,0.5,90,0
0.6,-0.4,0.65,0.5,270,1
0.6,-0.4,0.65,0.5,30,1
0.6,-0.4,0.65,0.5,330,1
0.6,-0.4,0.65,0.5,60,0
0.6,-0.4,0.65,0.5,300,1
0.6,-0.4,0.65,0.5,150,0
0.6,-0.4,0.65,0.5,210,0
0.6,-0.4,0.65,0.5,120,0
0.6,-0.4,0.65,0.5,240,1
0.6,-0.4,0.65,0.6,0,1
0.6,-0.4,0.65,0.6,180,0
0.6,-0.4,0.65,0.6,90,0
0.6,-0.4,0.65,0.6,270,0
0.6,-0.4,0.65,0.6,30,1
0.6,-0.4,0.65,0.6,330,1
0.6,-0.4,0.65,0.6,60,0
0.6,-0.4,0.65,0.6,300,0
0.6,-0.4,0.65,0.6,150,0
0.6,-0.4,0.65,0.6,210,0
0.6,-0.4,0.65,0.6,120,0
0.6,-0.4,0.65,0.6,240,1
0.6,-0.4,0.7,0.4,0,1
0.6,-0.4,0.7,0.4,180,0
0.6,-0.4,0.7,0.4,90,0
0.6,-0.4,0.7,0.4,270,1
0.6,-0.4,0.7,0.4,30,1
0.6,-0.4,0.7,0.4,330,1
0.6,-0.4,0.7,0.4,60,0
0.6,-0.4,0.7,0.4,300,1
0.6,-0.4,0.7,0.4,150,0
0.6,-0.4,0.7,0.4,210,0
0.6,-0.4,0.7,0.4,120,0
0.6,-0.4,0.7,0.4,240,1
0.6,-0.4,0.7,0.5,0,1
0.6,-0.4,0.7,0.5,180,0
0.6,-0.4,0.7,0.5,90,0
0.6,-0.4,0.7,0.5,270,0
0.6,-0.4,0.7,0.5,30,1
0.6,-0.4,0.7,0.5,330,1
0.6,-0.4,0.7,0.5,60,0
0.6,-0.4,0.7,0.5,300,1
0.6,-0.4,0.7,0.5,150,0
0.6,-0.4,0.7,0.5,210,0
0.6,-0.4,0.7,0.5,120,0
0.6,-0.4,0.7,0.5,240,1
0.6,-0.4,0.7,0.6,0,1
0.6,-0.4,0.7,0.6,180,0
0.6,-0.4,0.7,0.6,90,0
0.6,-0.4,0.7,0.6,270,1
0.6,-0.4,0.7,0.6,30,1
0.6,-0.4,0.7,0.6,330,1
0.6,-0.4,0.7,0.6,60,0
0.6,-0.4,0.7,0.6,300,0
0.6,-0.4,0.7,0.6,150,0
0.6,-0.4,0.7,0.6,210,0
0.6,-0.4,0.7,0.6,120,0
0.6,-0.4,0.7,0.6,240,1
0.6,-0.4,0.75,0.4,0,1
0.6,-0.4,0.75,0.4,180,0
0.6,-0.4,0.75,0.4,90,0
0.6,-0.4,0.75,0.4,270,0
0.6,-0.4,0.75,0.4,30,1
0.6,-0.4,0.75,0.4,330,0
0.6,-0.4,0.75,0.4,60,0
0.6,-0.4,0.75,0.4,300,1
0.6,-0.4,0.75,0.4,150,0
0.6,-0.4,0.75,0.4,210,0
0.6,-0.4,0.75,0.4,120,0
0.6,-0.4,0.75,0.4,240,1
0.6,-0.4,0.75,0.5,0,1
0.6,-0.4,0.75,0.5,180,0
0.6,-0.4,0.75,0.5,90,0
0.6,-0.4,0.75,0.5,270,1
0.6,-0.4,0.75,0.5,30,1
0.6,-0.4,0.75,0.5,330,1
0.6,-0.4,0.75,0.5,60,0
0.6,-0.4,0.75,0.5,300,1
0.6,-0.4,0.75,0.5,150,0
0.6,-0.4,0.75,0.5,210,0
0.6,-0.4,0.75,0.5,120,0
0.6,-0.4,0.75,0.5,240,1
0.6,-0.4,0.75,0.6,0,1
0.6,-0.4,0.75,0.6,180,0
0.6,-0.4,0.75,0.6,90,0
0.6,-0.4,0.75,0.6,270,0
0.6,-0.4,0.75,0.6,30,1
0.6,-0.4,0.75,0.6,330,1
0.6,-0.4,0.75,0.6,60,0
0.6,-0.4,0.75,0.6,300,1
0.6,-0.4,0.75,0.6,150,0
0.6,-0.4,0.75,0.6,210,0
0.6,-0.4,0.75,0.6,120,0
0.6,-0.4,0.75,0.6,240,1
0.6,-0.4,0.8,0.4,0,1
0.6,-0.4,0.8,0.4,180,0
0.6,-0.4,0.8,0.4,90,0
0.6,-0.4,0.8,0.4,270,1
0.6,-0.4,0.8,0.4,30,1
0.6,-0.4,0.8,0.4,330,1
0.6,-0.4,0.8,0.4,60,0
0.6,-0.4,0.8,0.4,300,1
0.6,-0.4,0.8,0.4,150,0
0.6,-0.4,0.8,0.4,210,0
0.6,-0.4,0.8,0.4,120,0
0.6,-0.4,0.8,0.4,240,1
0.6,-0.4,0.8,0.5,0,1
0.6,-0.4,0.8,0.5,180,0
0.6,-0.4,0.8,0.5,90,0
0.6,-0.4,0.8,0.5,270,1
0.6,-0.4,0.8,0.5,30,1
0.6,-0.4,0.8,0.5,330,1
0.6,-0.4,0.8,0.5,60,0
0.6,-0.4,0.8,0.5,300,1
0.6,-0.4,0.8,0.5,150,0
0.6,-0.4,0.8,0.5,210,0
0.6,-0.4,0.8,0.5,120,0
0.6,-0.4,0.8,0.5,240,1
0.6,-0.4,0.8,0.6,0,1
0.6,-0.4,0.8,0.6,180,0
0.6,-0.4,0.8,0.6,90,0
0.6,-0.4,0.8,0.6,270,0
0.6,-0.4,0.8,0.6,30,0
0.6,-0.4,0.8,0.6,330,1
0.6,-0.4,0.8,0.6,60,0
0.6,-0.4,0.8,0.6,300,0
0.6,-0.4,0.8,0.6,150,0
0.6,-0.4,0.8,0.6,210,0
0.6,-0.4,0.8,0.6,120,0
0.6,-0.4,0.8,0.6,240,1
0.6,-0.4,0.85,0.4,0,1
0.6,-0.4,0.85,0.4,180,0
0.6,-0.4,0.85,0.4,90,0
0.6,-0.4,0.85,0.4,270,1
0.6,-0.4,0.85,0.4,30,1
0.6,-0.4,0.85,0.4,330,1
0.6,-0.4,0.85,0.4,60,0
0.6,-0.4,0.85,0.4,300,1
0.6,-0.4,0.85,0.4,150,0
0.6,-0.4,0.85,0.4,210,0
0.6,-0.4,0.85,0.4,120,0
0.6,-0.4,0.85,0.4,240,0
0.6,-0.4,0.85,0.5,0,1
0.6,-0.4,0.85,0.5,180,0
0.6,-0.4,0.85,0.5,90,0
0.6,-0.4,0.85,0.5,270,0
0.6,-0.4,0.85,0.5,30,1
0.6,-0.4,0.85,0.5,330,1
0.6,-0.4,0.85,0.5,60,0
0.6,-0.4,0.85,0.5,300,0
0.6,-0.4,0.85,0.5,150,0
0.6,-0.4,0.85,0.5,210,0
0.6,-0.4,0.85,0.5,120,0
0.6,-0.4,0.85,0.5,240,1
0.6,-0.4,0.85,0.6,0,1
0.6,-0.4,0.85,0.6,180,0
0.6,-0.4,0.85,0.6,90,0
0.6,-0.4,0.85,0.6,270,0
0.6,-0.4,0.85,0.6,30,0
0.6,-0.4,0.85,0.6,330,1
0.6,-0.4,0.85,0.6,60,0
0.6,-0.4,0.85,0.6,300,1
0.6,-0.4,0.85,0.6,150,0
0.6,-0.4,0.85,0.6,210,0
0.6,-0.4,0.85,0.6,120,0
0.6,-0.4,0.85,0.6,240,1
0.6,-0.4,0.9,0.4,0,1
0.6,-0.4,0.9,0.4,180,0
0.6,-0.4,0.9,0.4,90,0
0.6,-0.4,0.9,0.4,270,0
0.6,-0.4,0.9,0.4,30,1
0.6,-0.4,0.9,0.4,330,1
0.6,-0.4,0.9,0.4,60,0
0.6,-0.4,0.9,0.4,300,1
0.6,-0.4,0.9,0.4,150,0
0.6,-0.4,0.9,0.4,210,0
0.6,-0.4,0.9,0.4,120,0
0.6,-0.4,0.9,0.4,240,0
0.6,-0.4,0.9,0.5,0,1
0.6,-0.4,0.9,0.5,180,0
0.6,-0.4,0.9,0.5,90,0
0.6,-0.4,0.9,0.5,270,1
0.6,-0.4,0.9,0.5,30,1
0.6,-0.4,0.9,0.5,330,1
0.6,-0.4,0.9,0.5,60,0
0.6,-0.4,0.9,0.5,300,0
0.6,-0.4,0.9,0.5,150,0
0.6,-0.4,0.9,0.5,210,0
0.6,-0.4,0.9,0.5,120,0
0.6,-0.4,0.9,0.5,240,0
0.6,-0.4,0.9,0.6,0,1
0.6,-0.4,0.9,0.6,180,0
0.6,-0.4,0.9,0.6,90,0
0.6,-0.4,0.9,0.6,270,0
0.6,-0.4,0.9,0.6,30,0
0.6,-0.4,0.9,0.6,330,1
0.6,-0.4,0.9,0.6,60,0
0.6,-0.4,0.9,0.6,300,1
0.6,-0.4,0.9,0.6,150,0
0.6,-0.4,0.9,0.6,210,0
0.6,-0.4,0.9,0.6,120,0
0.6,-0.4,0.9,0.6,240,0
0.6,-0.4,0.95,0.4,0,1
0.6,-0.4,0.95,0.4,180,0
0.6,-0.4,0.95,0.4,90,0
0.6,-0.4,0.95,0.4,270,1
0.6,-0.4,0.95,0.4,30,1
0.6,-0.4,0.95,0.4,330,1
0.6,-0.4,0.95,0.4,60,0
0.6,-0.4,0.95,0.4,300,0
0.6,-0.4,0.95,0.4,150,0
0.6,-0.4,0.95,0.4,210,0
0.6,-0.4,0.95,0.4,120,0
0.6,-0.4,0.95,0.4,240,0
0.6,-0.4,0.95,0.5,0,1
0.6,-0.4,0.95,0.5,180,0
0.6,-0.4,0.95,0.5,90,0
0.6,-0.4,0.95,0.5,270,1
0.6,-0.4,0.95,0.5,30,1
0.6,-0.4,0.95,0.5,330,1
0.6,-0.4,0.95,0.5,60,0
0.6,-0.4,0.95,0.5,300,1
0.6,-0.4,0.95,0.5,150,0
0.6,-0.4,0.95,0.5,210,0
0.6,-0.4,0.95,0.5,120,0
0.6,-0.4,0.95,0.5,240,0
0.6,-0.4,0.95,0.6,0,1
0.6,-0.4,0.95,0.6,180,0
0.6,-0.4,0.95,0.6,90,0
0.6,-0.4,0.95,0.6,270,1
0.6,-0.4,0.95,0.6,30,0
0.6,-0.4,0.95,0.6,330,1
0.6,-0.4,0.95,0.6,60,0
0.6,-0.4,0.95,0.6,300,1
0.6,-0.4,0.95,0.6,150,0
0.6,-0.4,0.95,0.6,210,0
0.6,-0.4,0.95,0.6,120,0
0.6,-0.4,0.95,0.6,240,0
0.6,-0.4,1.0,0.4,0,1
0.6,-0.4,1.0,0.4,180,0
0.6,-0.4,1.0,0.4,90,0
0.6,-0.4,1.0,0.4,270,1
0.6,-0.4,1.0,0.4,30,1
0.6,-0.4,1.0,0.4,330,1
0.6,-0.4,1.0,0.4,60,0
0.6,-0.4,1.0,0.4,300,1
0.6,-0.4,1.0,0.4,150,0
0.6,-0.4,1.0,0.4,210,0
0.6,-0.4,1.0,0.4,120,0
0.6,-0.4,1.0,0.4,240,1
0.6,-0.4,1.0,0.5,0,1
0.6,-0.4,1.0,0.5,180,0
0.6,-0.4,1.0,0.5,90,0
0.6,-0.4,1.0,0.5,270,1
0.6,-0.4,1.0,0.5,30,0
0.6,-0.4,1.0,0.5,330,1
0.6,-0.4,1.0,0.5,60,0
0.6,-0.4,1.0,0.5,300,1
0.6,-0.4,1.0,0.5,150,0
0.6,-0.4,1.0,0.5,210,0
0.6,-0.4,1.0,0.5,120,0
0.6,-0.4,1.0,0.5,240,0
0.6,-0.4,1.0,0.6,0,1
0.6,-0.4,1.0,0.6,180,0
0.6,-0.4,1.0,0.6,90,0
0.6,-0.4,1.0,0.6,270,1
0.6,-0.4,1.0,0.6,30,0
0.6,-0.4,1.0,0.6,330,1
0.6,-0.4,1.0,0.6,60,0
0.6,-0.4,1.0,0.6,300,1
0.6,-0.4,1.0,0.6,150,0
0.6,-0.4,1.0,0.6,210,0
0.6,-0.4,1.0,0.6,120,0
0.6,-0.4,1.0,0.6,240,0
0.6,-0.35,0.65,0.4,0,1
0.6,-0.35,0.65,0.4,180,0
0.6,-0.35,0.65,0.4,90,0
0.6,-0.35,0.65,0.4,270,1
0.6,-0.35,0.65,0.4,30,1
0.6,-0.35,0.65,0.4,330,1
0.6,-0.35,0.65,0.4,60,0
0.6,-0.35,0.65,0.4,300,1
0.6,-0.35,0.65,0.4,150,0
0.6,-0.35,0.65,0.4,210,0
0.6,-0.35,0.65,0.4,120,0
0.6,-0.35,0.65,0.4,240,1
0.6,-0.35,0.65,0.5,0,1
0.6,-0.35,0.65,0.5,180,0
0.6,-0.35,0.65,0.5,90,0
0.6,-0.35,0.65,0.5,270,1
0.6,-0.35,0.65,0.5,30,1
0.6,-0.35,0.65,0.5,330,1
0.6,-0.35,0.65,0.5,60,0
0.6,-0.35,0.65,0.5,300,1
0.6,-0.35,0.65,0.5,150,0
0.6,-0.35,0.65,0.5,210,0
0.6,-0.35,0.65,0.5,120,0
0.6,-0.35,0.65,0.5,240,1
0.6,-0.35,0.65,0.6,0,1
0.6,-0.35,0.65,0.6,180,0
0.6,-0.35,0.65,0.6,90,0
0.6,-0.35,0.65,0.6,270,0
0.6,-0.35,0.65,0.6,30,0
0.6,-0.35,0.65,0.6,330,1
0.6,-0.35,0.65,0.6,60,0
0.6,-0.35,0.65,0.6,300,0
0.6,-0.35,0.65,0.6,150,0
0.6,-0.35,0.65,0.6,210,0
0.6,-0.35,0.65,0.6,120,0
0.6,-0.35,0.65,0.6,240,1
0.6,-0.35,0.7,0.4,0,1
0.6,-0.35,0.7,0.4,180,0
0.6,-0.35,0.7,0.4,90,0
0.6,-0.35,0.7,0.4,270,1
0.6,-0.35,0.7,0.4,30,1
0.6,-0.35,0.7,0.4,330,1
0.6,-0.35,0.7,0.4,60,0
0.6,-0.35,0.7,0.4,300,1
0.6,-0.35,0.7,0.4,150,0
0.6,-0.35,0.7,0.4,210,0
0.6,-0.35,0.7,0.4,120,0
0.6,-0.35,0.7,0.4,240,1
0.6,-0.35,0.7,0.5,0,1
0.6,-0.35,0.7,0.5,180,0
0.6,-0.35,0.7,0.5,90,0
0.6,-0.35,0.7,0.5,270,0
0.6,-0.35,0.7,0.5,30,1
0.6,-0.35,0.7,0.5,330,1
0.6,-0.35,0.7,0.5,60,0
0.6,-0.35,0.7,0.5,300,1
0.6,-0.35,0.7,0.5,150,0
0.6,-0.35,0.7,0.5,210,0
0.6,-0.35,0.7,0.5,120,0
0.6,-0.35,0.7,0.5,240,1
0.6,-0.35,0.7,0.6,0,1
0.6,-0.35,0.7,0.6,180,0
0.6,-0.35,0.7,0.6,90,0
0.6,-0.35,0.7,0.6,270,0
0.6,-0.35,0.7,0.6,30,0
0.6,-0.35,0.7,0.6,330,1
0.6,-0.35,0.7,0.6,60,0
0.6,-0.35,0.7,0.6,300,0
0.6,-0.35,0.7,0.6,150,0
0.6,-0.35,0.7,0.6,210,0
0.6,-0.35,0.7,0.6,120,0
0.6,-0.35,0.7,0.6,240,1
0.6,-0.35,0.75,0.4,0,1
0.6,-0.35,0.75,0.4,180,0
0.6,-0.35,0.75,0.4,90,0
0.6,-0.35,0.75,0.4,270,0
0.6,-0.35,0.75,0.4,30,1
0.6,-0.35,0.75,0.4,330,1
0.6,-0.35,0.75,0.4,60,0
0.6,-0.35,0.75,0.4,300,1
0.6,-0.35,0.75,0.4,150,0
0.6,-0.35,0.75,0.4,210,0
0.6,-0.35,0.75,0.4,120,0
0.6,-0.35,0.75,0.4,240,1
0.6,-0.35,0.75,0.5,0,1
0.6,-0.35,0.75,0.5,180,0
0.6,-0.35,0.75,0.5,90,0
0.6,-0.35,0.75,0.5,270,0
0.6,-0.35,0.75,0.5,30,1
0.6,-0.35,0.75,0.5,330,0
0.6,-0.35,0.75,0.5,60,0
0.6,-0.35,0.75,0.5,300,1
0.6,-0.35,0.75,0.5,150,0
0.6,-0.35,0.75,0.5,210,0
0.6,-0.35,0.75,0.5,120,0
0.6,-0.35,0.75,0.5,240,1
0.6,-0.35,0.75,0.6,0,1
0.6,-0.35,0.75,0.6,180,0
0.6,-0.35,0.75,0.6,90,0
0.6,-0.35,0.75,0.6,270,0
0.6,-0.35,0.75,0.6,30,0
0.6,-0.35,0.75,0.6,330,1
0.6,-0.35,0.75,0.6,60,0
0.6,-0.35,0.75,0.6,300,1
0.6,-0.35,0.75,0.6,150,0
0.6,-0.35,0.75,0.6,210,0
0.6,-0.35,0.75,0.6,120,0
0.6,-0.35,0.75,0.6,240,1
0.6,-0.35,0.8,0.4,0,1
0.6,-0.35,0.8,0.4,180,0
0.6,-0.35,0.8,0.4,90,0
0.6,-0.35,0.8,0.4,270,1
0.6,-0.35,0.8,0.4,30,1
0.6,-0.35,0.8,0.4,330,1
0.6,-0.35,0.8,0.4,60,0
0.6,-0.35,0.8,0.4,300,1
0.6,-0.35,0.8,0.4,150,0
0.6,-0.35,0.8,0.4,210,0
0.6,-0.35,0.8,0.4,120,0
0.6,-0.35,0.8,0.4,240,1
0.6,-0.35,0.8,0.5,0,1
0.6,-0.35,0.8,0.5,180,0
0.6,-0.35,0.8,0.5,90,0
0.6,-0.35,0.8,0.5,270,0
0.6,-0.35,0.8,0.5,30,1
0.6,-0.35,0.8,0.5,330,1
0.6,-0.35,0.8,0.5,60,0
0.6,-0.35,0.8,0.5,300,0
0.6,-0.35,0.8,0.5,150,0
0.6,-0.35,0.8,0.5,210,0
0.6,-0.35,0.8,0.5,120,0
0.6,-0.35,0.8,0.5,240,1
0.6,-0.35,0.8,0.6,0,1
0.6,-0.35,0.8,0.6,180,0
0.6,-0.35,0.8,0.6,90,0
0.6,-0.35,0.8,0.6,270,1
0.6,-0.35,0.8,0.6,30,0
0.6,-0.35,0.8,0.6,330,0
0.6,-0.35,0.8,0.6,60,0
0.6,-0.35,0.8,0.6,300,0
0.6,-0.35,0.8,0.6,150,0
0.6,-0.35,0.8,0.6,210,0
0.6,-0.35,0.85,0.4,0,1
0.6,-0.35,0.85,0.4,180,0
0.6,-0.35,0.85,0.4,90,0
0.6,-0.35,0.85,0.4,270,1
0.6,-0.35,0.85,0.4,30,1
0.6,-0.35,0.85,0.4,330,1
0.6,-0.35,0.85,0.4,60,0
0.6,-0.35,0.85,0.4,300,1
0.6,-0.35,0.85,0.4,150,0
0.6,-0.35,0.85,0.4,210,0
0.6,-0.35,0.85,0.4,120,0
0.6,-0.35,0.85,0.4,240,0
0.6,-0.35,0.85,0.5,0,1
0.6,-0.35,0.85,0.5,180,0
0.6,-0.35,0.85,0.5,90,0
0.6,-0.35,0.85,0.5,270,0
0.6,-0.35,0.85,0.5,30,1
0.6,-0.35,0.85,0.5,330,1
0.6,-0.35,0.85,0.5,60,0
0.6,-0.35,0.85,0.5,300,1
0.6,-0.35,0.85,0.5,150,0
0.6,-0.35,0.85,0.5,210,0
0.6,-0.35,0.85,0.5,120,0
0.6,-0.35,0.85,0.5,240,1
0.6,-0.35,0.85,0.6,0,1
0.6,-0.35,0.85,0.6,180,0
0.6,-0.35,0.85,0.6,90,0
0.6,-0.35,0.85,0.6,270,1
0.6,-0.35,0.85,0.6,30,0
0.6,-0.35,0.85,0.6,330,1
0.6,-0.35,0.85,0.6,60,0
0.6,-0.35,0.85,0.6,300,1
0.6,-0.35,0.85,0.6,150,0
0.6,-0.35,0.85,0.6,210,0
0.6,-0.35,0.85,0.6,120,0
0.6,-0.35,0.85,0.6,240,1
0.6,-0.35,0.9,0.4,0,1
0.6,-0.35,0.9,0.4,180,0
0.6,-0.35,0.9,0.4,90,0
0.6,-0.35,0.9,0.4,270,1
0.6,-0.35,0.9,0.4,30,1
0.6,-0.35,0.9,0.4,330,1
0.6,-0.35,0.9,0.4,60,0
0.6,-0.35,0.9,0.4,300,1
0.6,-0.35,0.9,0.4,150,0
0.6,-0.35,0.9,0.4,210,0
0.6,-0.35,0.9,0.4,120,0
0.6,-0.35,0.9,0.4,240,1
0.6,-0.35,0.9,0.5,0,1
0.6,-0.35,0.9,0.5,180,0
0.6,-0.35,0.9,0.5,90,0
0.6,-0.35,0.9,0.5,270,0
0.6,-0.35,0.9,0.5,30,1
0.6,-0.35,0.9,0.5,330,1
0.6,-0.35,0.9,0.5,60,0
0.6,-0.35,0.9,0.5,300,1
0.6,-0.35,0.9,0.5,150,0
0.6,-0.35,0.9,0.5,210,0
0.6,-0.35,0.9,0.5,120,0
0.6,-0.35,0.9,0.5,240,1
0.6,-0.35,0.9,0.6,0,1
0.6,-0.35,0.9,0.6,180,0
0.6,-0.35,0.9,0.6,90,0
0.6,-0.35,0.9,0.6,270,0
0.6,-0.35,0.9,0.6,30,0
0.6,-0.35,0.9,0.6,330,1
0.6,-0.35,0.9,0.6,60,0
0.6,-0.35,0.9,0.6,300,0
0.6,-0.35,0.9,0.6,150,0
0.6,-0.35,0.9,0.6,210,0
0.6,-0.35,0.9,0.6,120,0
0.6,-0.35,0.9,0.6,240,1
0.6,-0.35,0.95,0.4,0,1
0.6,-0.35,0.95,0.4,180,0
0.6,-0.35,0.95,0.4,90,0
0.6,-0.35,0.95,0.4,270,1
0.6,-0.35,0.95,0.4,30,1
0.6,-0.35,0.95,0.4,330,1
0.6,-0.35,0.95,0.4,60,0
0.6,-0.35,0.95,0.4,300,0
0.6,-0.35,0.95,0.4,150,0
0.6,-0.35,0.95,0.4,210,0
0.6,-0.35,0.95,0.4,120,0
0.6,-0.35,0.95,0.4,240,1
0.6,-0.35,0.95,0.5,0,1
0.6,-0.35,0.95,0.5,180,0
0.6,-0.35,0.95,0.5,90,0
0.6,-0.35,0.95,0.5,270,1
0.6,-0.35,0.95,0.5,30,1
0.6,-0.35,0.95,0.5,330,1
0.6,-0.35,0.95,0.5,60,0
0.6,-0.35,0.95,0.5,300,0
0.6,-0.35,0.95,0.5,150,0
0.6,-0.35,0.95,0.5,210,0
0.6,-0.35,0.95,0.5,120,0
0.6,-0.35,0.95,0.5,240,0
0.6,-0.35,0.95,0.6,0,1
0.6,-0.35,0.95,0.6,180,0
0.6,-0.35,0.95,0.6,90,0
0.6,-0.35,0.95,0.6,270,1
0.6,-0.35,0.95,0.6,30,0
0.6,-0.35,0.95,0.6,330,1
0.6,-0.35,0.95,0.6,60,0
0.6,-0.35,0.95,0.6,300,1
0.6,-0.35,0.95,0.6,150,0
0.6,-0.35,0.95,0.6,210,0
0.6,-0.35,0.95,0.6,120,0
0.6,-0.35,0.95,0.6,240,1
0.6,-0.35,1.0,0.4,0,1
0.6,-0.35,1.0,0.4,180,0
0.6,-0.35,1.0,0.4,90,0
0.6,-0.35,1.0,0.4,270,0
0.6,-0.35,1.0,0.4,30,1
0.6,-0.35,1.0,0.4,330,1
0.6,-0.35,1.0,0.4,60,0
0.6,-0.35,1.0,0.4,300,0
0.6,-0.35,1.0,0.4,150,0
0.6,-0.35,1.0,0.4,210,0
0.6,-0.35,1.0,0.4,120,0
0.6,-0.35,1.0,0.4,240,0
0.6,-0.35,1.0,0.5,0,1
0.6,-0.35,1.0,0.5,180,0
0.6,-0.35,1.0,0.5,90,0
0.6,-0.35,1.0,0.5,270,0
0.6,-0.35,1.0,0.5,30,0
0.6,-0.35,1.0,0.5,330,1
0.6,-0.35,1.0,0.5,60,0
0.6,-0.35,1.0,0.5,300,1
0.6,-0.35,1.0,0.5,150,0
0.6,-0.35,1.0,0.5,210,0
0.6,-0.35,1.0,0.5,120,0
0.6,-0.35,1.0,0.5,240,1
0.6,-0.35,1.0,0.6,0,1
0.6,-0.35,1.0,0.6,180,0
0.6,-0.35,1.0,0.6,90,0
0.6,-0.35,1.0,0.6,270,1
0.6,-0.35,1.0,0.6,30,0
0.6,-0.35,1.0,0.6,330,1
0.6,-0.35,1.0,0.6,60,0
0.6,-0.35,1.0,0.6,300,1
0.6,-0.35,1.0,0.6,150,0
0.6,-0.35,1.0,0.6,210,0
0.6,-0.35,1.0,0.6,120,0
0.6,-0.35,1.0,0.6,240,0
0.6,-0.3,0.65,0.4,0,1
0.6,-0.3,0.65,0.4,180,0
0.6,-0.3,0.65,0.4,90,0
0.6,-0.3,0.65,0.4,270,1
0.6,-0.3,0.65,0.4,30,1
0.6,-0.3,0.65,0.4,330,1
0.6,-0.3,0.65,0.4,60,0
0.6,-0.3,0.65,0.4,300,1
0.6,-0.3,0.65,0.4,150,0
0.6,-0.3,0.65,0.4,210,0
0.6,-0.3,0.65,0.4,120,0
0.6,-0.3,0.65,0.4,240,1
0.6,-0.3,0.65,0.5,0,1
0.6,-0.3,0.65,0.5,180,0
0.6,-0.3,0.65,0.5,90,0
0.6,-0.3,0.65,0.5,270,1
0.6,-0.3,0.65,0.5,30,1
0.6,-0.3,0.65,0.5,330,1
0.6,-0.3,0.65,0.5,60,0
0.6,-0.3,0.65,0.5,300,1
0.6,-0.3,0.65,0.5,150,0
0.6,-0.3,0.65,0.5,210,0
0.6,-0.3,0.65,0.5,120,0
0.6,-0.3,0.65,0.5,240,1
0.6,-0.3,0.65,0.6,0,1
0.6,-0.3,0.65,0.6,180,0
0.6,-0.3,0.65,0.6,90,0
0.6,-0.3,0.65,0.6,270,1
0.6,-0.3,0.65,0.6,30,0
0.6,-0.3,0.65,0.6,330,1
0.6,-0.3,0.65,0.6,60,0
0.6,-0.3,0.65,0.6,300,0
0.6,-0.3,0.65,0.6,150,0
0.6,-0.3,0.65,0.6,210,0
0.6,-0.3,0.65,0.6,120,0
0.6,-0.3,0.65,0.6,240,1
0.6,-0.3,0.7,0.4,0,1
0.6,-0.3,0.7,0.4,180,0
0.6,-0.3,0.7,0.4,90,0
0.6,-0.3,0.7,0.4,270,1
0.6,-0.3,0.7,0.4,30,1
0.6,-0.3,0.7,0.4,330,1
0.6,-0.3,0.7,0.4,60,0
0.6,-0.3,0.7,0.4,300,1
0.6,-0.3,0.7,0.4,150,0
0.6,-0.3,0.7,0.4,210,0
0.6,-0.3,0.7,0.4,120,0
0.6,-0.3,0.7,0.4,240,1
0.6,-0.3,0.7,0.5,0,1
0.6,-0.3,0.7,0.5,180,0
0.6,-0.3,0.7,0.5,90,0
0.6,-0.3,0.7,0.5,270,1
0.6,-0.3,0.7,0.5,30,1
0.6,-0.3,0.7,0.5,330,1
0.6,-0.3,0.7,0.5,60,0
0.6,-0.3,0.7,0.5,300,1
0.6,-0.3,0.7,0.5,150,0
0.6,-0.3,0.7,0.5,210,0
0.6,-0.3,0.7,0.5,120,0
0.6,-0.3,0.7,0.5,240,1
0.6,-0.3,0.7,0.6,0,1
0.6,-0.3,0.7,0.6,180,0
0.6,-0.3,0.7,0.6,90,0
0.6,-0.3,0.7,0.6,270,0
0.6,-0.3,0.7,0.6,30,0
0.6,-0.3,0.7,0.6,330,1
0.6,-0.3,0.7,0.6,60,0
0.6,-0.3,0.7,0.6,300,0
0.6,-0.3,0.7,0.6,150,0
0.6,-0.3,0.7,0.6,210,0
0.6,-0.3,0.7,0.6,120,0
0.6,-0.3,0.7,0.6,240,1
0.6,-0.3,0.75,0.4,0,1
0.6,-0.3,0.75,0.4,180,0
0.6,-0.3,0.75,0.4,90,0
0.6,-0.3,0.75,0.4,270,1
0.6,-0.3,0.75,0.4,30,1
0.6,-0.3,0.75,0.4,330,1
0.6,-0.3,0.75,0.4,60,0
0.6,-0.3,0.75,0.4,300,1
0.6,-0.3,0.75,0.4,150,0
0.6,-0.3,0.75,0.4,210,0
0.6,-0.3,0.75,0.4,120,0
0.6,-0.3,0.75,0.4,240,1
0.6,-0.3,0.75,0.5,0,1
0.6,-0.3,0.75,0.5,180,0
0.6,-0.3,0.75,0.5,90,0
0.6,-0.3,0.75,0.5,270,0
0.6,-0.3,0.75,0.5,30,1
0.6,-0.3,0.75,0.5,330,1
0.6,-0.3,0.75,0.5,60,0
0.6,-0.3,0.75,0.5,300,1
0.6,-0.3,0.75,0.5,150,0
0.6,-0.3,0.75,0.5,210,0
0.6,-0.3,0.75,0.5,120,0
0.6,-0.3,0.75,0.5,240,1
0.6,-0.3,0.75,0.6,0,1
0.6,-0.3,0.75,0.6,180,0
0.6,-0.3,0.75,0.6,90,0
0.6,-0.3,0.75,0.6,270,1
0.6,-0.3,0.75,0.6,30,0
0.6,-0.3,0.75,0.6,330,1
0.6,-0.3,0.75,0.6,60,0
0.6,-0.3,0.75,0.6,300,0
0.6,-0.3,0.75,0.6,150,0
0.6,-0.3,0.75,0.6,210,0
0.6,-0.3,0.75,0.6,120,0
0.6,-0.3,0.75,0.6,240,1
0.6,-0.3,0.8,0.4,0,1
0.6,-0.3,0.8,0.4,180,0
0.6,-0.3,0.8,0.4,90,0
0.6,-0.3,0.8,0.4,270,1
0.6,-0.3,0.8,0.4,30,1
0.6,-0.3,0.8,0.4,330,1
0.6,-0.3,0.8,0.4,60,0
0.6,-0.3,0.8,0.4,300,1
0.6,-0.3,0.8,0.4,150,0
0.6,-0.3,0.8,0.4,210,0
0.6,-0.3,0.8,0.4,120,0
0.6,-0.3,0.8,0.4,240,1
0.6,-0.3,0.8,0.5,0,1
0.6,-0.3,0.8,0.5,180,0
0.6,-0.3,0.8,0.5,90,0
0.6,-0.3,0.8,0.5,270,0
0.6,-0.3,0.8,0.5,30,1
0.6,-0.3,0.8,0.5,330,1
0.6,-0.3,0.8,0.5,60,0
0.6,-0.3,0.8,0.5,300,1
0.6,-0.3,0.8,0.5,150,0
0.6,-0.3,0.8,0.5,210,0
0.6,-0.3,0.8,0.5,120,0
0.6,-0.3,0.8,0.5,240,1
0.6,-0.3,0.8,0.6,0,1
0.6,-0.3,0.8,0.6,180,0
0.6,-0.3,0.8,0.6,90,0
0.6,-0.3,0.8,0.6,270,1
0.6,-0.3,0.8,0.6,30,0
0.6,-0.3,0.8,0.6,330,1
0.6,-0.3,0.8,0.6,60,0
0.6,-0.3,0.8,0.6,300,0
0.6,-0.3,0.8,0.6,150,0
0.6,-0.3,0.8,0.6,210,0
0.6,-0.3,0.8,0.6,120,0
0.6,-0.3,0.8,0.6,240,1
0.6,-0.3,0.85,0.4,0,1
0.6,-0.3,0.85,0.4,180,0
0.6,-0.3,0.85,0.4,90,0
0.6,-0.3,0.85,0.4,270,1
0.6,-0.3,0.85,0.4,30,1
0.6,-0.3,0.85,0.4,330,1
0.6,-0.3,0.85,0.4,60,0
0.6,-0.3,0.85,0.4,300,1
0.6,-0.3,0.85,0.4,150,0
0.6,-0.3,0.85,0.4,210,0
0.6,-0.3,0.85,0.4,120,0
0.6,-0.3,0.85,0.4,240,1
0.6,-0.3,0.85,0.5,0,1
0.6,-0.3,0.85,0.5,180,0
0.6,-0.3,0.85,0.5,90,0
0.6,-0.3,0.85,0.5,270,1
0.6,-0.3,0.85,0.5,30,1
0.6,-0.3,0.85,0.5,330,1
0.6,-0.3,0.85,0.5,60,0
0.6,-0.3,0.85,0.5,300,1
0.6,-0.3,0.85,0.5,150,0
0.6,-0.3,0.85,0.5,210,0
0.6,-0.3,0.85,0.5,120,0
0.6,-0.3,0.85,0.5,240,1
0.6,-0.3,0.85,0.6,0,1
0.6,-0.3,0.85,0.6,180,0
0.6,-0.3,0.85,0.6,90,0
0.6,-0.3,0.85,0.6,270,0
0.6,-0.3,0.85,0.6,30,0
0.6,-0.3,0.85,0.6,330,1
0.6,-0.3,0.85,0.6,60,0
0.6,-0.3,0.85,0.6,300,0
0.6,-0.3,0.85,0.6,150,0
0.6,-0.3,0.85,0.6,210,0
0.6,-0.3,0.85,0.6,120,0
0.6,-0.3,0.85,0.6,240,1
0.6,-0.3,0.9,0.4,0,1
0.6,-0.3,0.9,0.4,180,0
0.6,-0.3,0.9,0.4,90,0
0.6,-0.3,0.9,0.4,270,1
0.6,-0.3,0.9,0.4,30,1
0.6,-0.3,0.9,0.4,330,1
0.6,-0.3,0.9,0.4,60,0
0.6,-0.3,0.9,0.4,300,1
0.6,-0.3,0.9,0.4,150,0
0.6,-0.3,0.9,0.4,210,0
0.6,-0.3,0.9,0.4,120,0
0.6,-0.3,0.9,0.4,240,0
0.6,-0.3,0.9,0.5,0,1
0.6,-0.3,0.9,0.5,180,0
0.6,-0.3,0.9,0.5,90,0
0.6,-0.3,0.9,0.5,270,1
0.6,-0.3,0.9,0.5,30,1
0.6,-0.3,0.9,0.5,330,1
0.6,-0.3,0.9,0.5,60,0
0.6,-0.3,0.9,0.5,300,1
0.6,-0.3,0.9,0.5,150,0
0.6,-0.3,0.9,0.5,210,0
0.6,-0.3,0.9,0.5,120,0
0.6,-0.3,0.9,0.5,240,1
0.6,-0.3,0.9,0.6,0,1
0.6,-0.3,0.9,0.6,180,0
0.6,-0.3,0.9,0.6,90,0
0.6,-0.3,0.9,0.6,270,0
0.6,-0.3,0.9,0.6,30,0
0.6,-0.3,0.9,0.6,330,1
0.6,-0.3,0.9,0.6,60,0
0.6,-0.3,0.9,0.6,300,0
0.6,-0.3,0.9,0.6,150,0
0.6,-0.3,0.9,0.6,210,0
0.6,-0.3,0.9,0.6,120,0
0.6,-0.3,0.9,0.6,240,1
0.6,-0.3,0.95,0.4,0,1
0.6,-0.3,0.95,0.4,180,0
0.6,-0.3,0.95,0.4,90,0
0.6,-0.3,0.95,0.4,270,1
0.6,-0.3,0.95,0.4,30,1
0.6,-0.3,0.95,0.4,330,1
0.6,-0.3,0.95,0.4,60,0
0.6,-0.3,0.95,0.4,300,1
0.6,-0.3,0.95,0.4,150,0
0.6,-0.3,0.95,0.4,210,0
0.6,-0.3,0.95,0.4,120,0
0.6,-0.3,0.95,0.4,240,1
0.6,-0.3,0.95,0.5,0,1
0.6,-0.3,0.95,0.5,180,0
0.6,-0.3,0.95,0.5,90,0
0.6,-0.3,0.95,0.5,270,1
0.6,-0.3,0.95,0.5,30,1
0.6,-0.3,0.95,0.5,330,1
0.6,-0.3,0.95,0.5,60,0
0.6,-0.3,0.95,0.5,300,1
0.6,-0.3,0.95,0.5,150,0
0.6,-0.3,0.95,0.5,210,0
0.6,-0.3,0.95,0.5,120,0
0.6,-0.3,0.95,0.5,240,0
0.6,-0.3,0.95,0.6,0,1
0.6,-0.3,0.95,0.6,180,0
0.6,-0.3,0.95,0.6,90,0
0.6,-0.3,0.95,0.6,270,1
0.6,-0.3,0.95,0.6,30,0
0.6,-0.3,0.95,0.6,330,1
0.6,-0.3,0.95,0.6,60,0
0.6,-0.3,0.95,0.6,300,0
0.6,-0.3,0.95,0.6,150,0
0.6,-0.3,0.95,0.6,210,0
0.6,-0.3,0.95,0.6,120,0
0.6,-0.3,0.95,0.6,240,1
0.6,-0.3,1.0,0.4,0,1
0.6,-0.3,1.0,0.4,180,0
0.6,-0.3,1.0,0.4,90,0
0.6,-0.3,1.0,0.4,270,0
0.6,-0.3,1.0,0.4,30,1
0.6,-0.3,1.0,0.4,330,1
0.6,-0.3,1.0,0.4,60,0
0.6,-0.3,1.0,0.4,300,1
0.6,-0.3,1.0,0.4,150,0
0.6,-0.3,1.0,0.4,210,0
0.6,-0.3,1.0,0.4,120,0
0.6,-0.3,1.0,0.4,240,0
0.6,-0.3,1.0,0.5,0,1
0.6,-0.3,1.0,0.5,180,0
0.6,-0.3,1.0,0.5,90,0
0.6,-0.3,1.0,0.5,270,0
0.6,-0.3,1.0,0.5,30,0
0.6,-0.3,1.0,0.5,330,1
0.6,-0.3,1.0,0.5,60,0
0.6,-0.3,1.0,0.5,300,0
0.6,-0.3,1.0,0.5,150,0
0.6,-0.3,1.0,0.5,210,0
0.6,-0.3,1.0,0.5,120,0
0.6,-0.3,1.0,0.5,240,1
0.6,-0.3,1.0,0.6,0,1
0.6,-0.3,1.0,0.6,180,0
0.6,-0.3,1.0,0.6,90,0
0.6,-0.3,1.0,0.6,270,1
0.6,-0.3,1.0,0.6,30,0
0.6,-0.3,1.0,0.6,330,1
0.6,-0.3,1.0,0.6,60,0
0.6,-0.3,1.0,0.6,300,0
0.6,-0.3,1.0,0.6,150,0
0.6,-0.3,1.0,0.6,210,0
0.6,-0.3,1.0,0.6,120,0
0.6,-0.3,1.0,0.6,240,1
0.6,-0.25,0.65,0.4,0,1
0.6,-0.25,0.65,0.4,180,0
0.6,-0.25,0.65,0.4,90,0
0.6,-0.25,0.65,0.4,270,1
0.6,-0.25,0.65,0.4,30,1
0.6,-0.25,0.65,0.4,330,1
0.6,-0.25,0.65,0.4,60,0
0.6,-0.25,0.65,0.4,300,1
0.6,-0.25,0.65,0.4,150,0
0.6,-0.25,0.65,0.4,210,0
0.6,-0.25,0.65,0.4,120,0
0.6,-0.25,0.65,0.4,240,0
0.6,-0.25,0.65,0.5,0,1
0.6,-0.25,0.65,0.5,180,0
0.6,-0.25,0.65,0.5,90,0
0.6,-0.25,0.65,0.5,270,1
0.6,-0.25,0.65,0.5,30,1
0.6,-0.25,0.65,0.5,330,1
0.6,-0.25,0.65,0.5,60,0
0.6,-0.25,0.65,0.5,300,0
0.6,-0.25,0.65,0.5,150,0
0.6,-0.25,0.65,0.5,210,0
0.6,-0.25,0.65,0.5,120,0
0.6,-0.25,0.65,0.5,240,1
0.6,-0.25,0.65,0.6,0,1
0.6,-0.25,0.65,0.6,180,0
0.6,-0.25,0.65,0.6,90,0
0.6,-0.25,0.65,0.6,270,1
0.6,-0.25,0.65,0.6,30,0
0.6,-0.25,0.65,0.6,330,1
0.6,-0.25,0.65,0.6,60,0
0.6,-0.25,0.65,0.6,300,0
0.6,-0.25,0.65,0.6,150,0
0.6,-0.25,0.65,0.6,210,0
0.6,-0.25,0.65,0.6,120,0
0.6,-0.25,0.65,0.6,240,0
0.6,-0.25,0.7,0.4,0,1
0.6,-0.25,0.7,0.4,180,0
0.6,-0.25,0.7,0.4,90,0
0.6,-0.25,0.7,0.4,270,1
0.6,-0.25,0.7,0.4,30,1
0.6,-0.25,0.7,0.4,330,1
0.6,-0.25,0.7,0.4,60,0
0.6,-0.25,0.7,0.4,300,1
0.6,-0.25,0.7,0.4,150,0
0.6,-0.25,0.7,0.4,210,1
0.6,-0.25,0.7,0.4,120,0
0.6,-0.25,0.7,0.4,240,0
0.6,-0.25,0.7,0.5,0,1
0.6,-0.25,0.7,0.5,180,0
0.6,-0.25,0.7,0.5,90,0
0.6,-0.25,0.7,0.5,270,0
0.6,-0.25,0.7,0.5,30,1
0.6,-0.25,0.7,0.5,330,1
0.6,-0.25,0.7,0.5,60,0
0.6,-0.25,0.7,0.5,300,0
0.6,-0.25,0.7,0.5,150,0
0.6,-0.25,0.7,0.5,210,0
0.6,-0.25,0.7,0.5,120,0
0.6,-0.25,0.7,0.5,240,1
0.6,-0.25,0.7,0.6,0,1
0.6,-0.25,0.7,0.6,180,0
0.6,-0.25,0.7,0.6,90,0
0.6,-0.25,0.7,0.6,270,1
0.6,-0.25,0.7,0.6,30,0
0.6,-0.25,0.7,0.6,330,1
0.6,-0.25,0.7,0.6,60,0
0.6,-0.25,0.7,0.6,300,0
0.6,-0.25,0.7,0.6,150,0
0.6,-0.25,0.7,0.6,210,0
0.6,-0.25,0.7,0.6,120,0
0.6,-0.25,0.7,0.6,240,0
0.6,-0.25,0.75,0.4,0,1
0.6,-0.25,0.75,0.4,180,0
0.6,-0.25,0.75,0.4,90,0
0.6,-0.25,0.75,0.4,270,1
0.6,-0.25,0.75,0.4,30,1
0.6,-0.25,0.75,0.4,330,1
0.6,-0.25,0.75,0.4,60,0
0.6,-0.25,0.75,0.4,300,1
0.6,-0.25,0.75,0.4,150,0
0.6,-0.25,0.75,0.4,210,1
0.6,-0.25,0.75,0.4,120,0
0.6,-0.25,0.75,0.4,240,0
0.6,-0.25,0.75,0.5,0,1
0.6,-0.25,0.75,0.5,180,0
0.6,-0.25,0.75,0.5,90,0
0.6,-0.25,0.75,0.5,270,0
0.6,-0.25,0.75,0.5,30,1
0.6,-0.25,0.75,0.5,330,1
0.6,-0.25,0.75,0.5,60,0
0.6,-0.25,0.75,0.5,300,1
0.6,-0.25,0.75,0.5,150,0
0.6,-0.25,0.75,0.5,210,0
0.6,-0.25,0.75,0.5,120,0
0.6,-0.25,0.75,0.5,240,1
0.6,-0.25,0.75,0.6,0,1
0.6,-0.25,0.75,0.6,180,0
0.6,-0.25,0.75,0.6,90,0
0.6,-0.25,0.75,0.6,270,1
0.6,-0.25,0.75,0.6,30,0
0.6,-0.25,0.75,0.6,330,1
0.6,-0.25,0.75,0.6,60,0
0.6,-0.25,0.75,0.6,300,0
0.6,-0.25,0.75,0.6,150,0
0.6,-0.25,0.75,0.6,210,0
0.6,-0.25,0.75,0.6,120,0
0.6,-0.25,0.75,0.6,240,0
0.6,-0.25,0.8,0.4,0,1
0.6,-0.25,0.8,0.4,180,0
0.6,-0.25,0.8,0.4,90,0
0.6,-0.25,0.8,0.4,270,1
0.6,-0.25,0.8,0.4,30,1
0.6,-0.25,0.8,0.4,330,1
0.6,-0.25,0.8,0.4,60,0
0.6,-0.25,0.8,0.4,300,1
0.6,-0.25,0.8,0.4,150,0
0.6,-0.25,0.8,0.4,210,0
0.6,-0.25,0.8,0.4,120,0
0.6,-0.25,0.8,0.4,240,1
0.6,-0.25,0.8,0.5,0,1
0.6,-0.25,0.8,0.5,180,0
0.6,-0.25,0.8,0.5,90,0
0.6,-0.25,0.8,0.5,270,0
0.6,-0.25,0.8,0.5,30,1
0.6,-0.25,0.8,0.5,330,1
0.6,-0.25,0.8,0.5,60,0
0.6,-0.25,0.8,0.5,300,1
0.6,-0.25,0.8,0.5,150,0
0.6,-0.25,0.8,0.5,210,0
0.6,-0.25,0.8,0.5,120,0
0.6,-0.25,0.8,0.5,240,1
0.6,-0.25,0.8,0.6,0,1
0.6,-0.25,0.8,0.6,180,0
0.6,-0.25,0.8,0.6,90,0
0.6,-0.25,0.8,0.6,270,0
0.6,-0.25,0.8,0.6,30,0
0.6,-0.25,0.8,0.6,330,1
0.6,-0.25,0.8,0.6,60,0
0.6,-0.25,0.8,0.6,300,0
0.6,-0.25,0.8,0.6,150,0
0.6,-0.25,0.8,0.6,210,0
0.6,-0.25,0.8,0.6,120,0
0.6,-0.25,0.8,0.6,240,0
0.6,-0.25,0.85,0.4,0,1
0.6,-0.25,0.85,0.4,180,0
0.6,-0.25,0.85,0.4,90,0
0.6,-0.25,0.85,0.4,270,1
0.6,-0.25,0.85,0.4,30,1
0.6,-0.25,0.85,0.4,330,1
0.6,-0.25,0.85,0.4,60,0
0.6,-0.25,0.85,0.4,300,1
0.6,-0.25,0.85,0.4,150,0
0.6,-0.25,0.85,0.4,210,1
0.6,-0.25,0.85,0.4,120,0
0.6,-0.25,0.85,0.4,240,1
0.6,-0.25,0.85,0.5,0,1
0.6,-0.25,0.85,0.5,180,0
0.6,-0.25,0.85,0.5,90,0
0.6,-0.25,0.85,0.5,270,1
0.6,-0.25,0.85,0.5,30,1
0.6,-0.25,0.85,0.5,330,1
0.6,-0.25,0.85,0.5,60,0
0.6,-0.25,0.85,0.5,300,1
0.6,-0.25,0.85,0.5,150,0
0.6,-0.25,0.85,0.5,210,0
0.6,-0.25,0.85,0.5,120,0
0.6,-0.25,0.85,0.5,240,1
0.6,-0.25,0.85,0.6,0,1
0.6,-0.25,0.85,0.6,180,0
0.6,-0.25,0.85,0.6,90,0
0.6,-0.25,0.85,0.6,270,1
0.6,-0.25,0.85,0.6,30,0
0.6,-0.25,0.85,0.6,330,1
0.6,-0.25,0.85,0.6,60,0
0.6,-0.25,0.85,0.6,300,0
0.6,-0.25,0.85,0.6,150,0
0.6,-0.25,0.85,0.6,210,0
0.6,-0.25,0.85,0.6,120,0
0.6,-0.25,0.85,0.6,240,1
0.6,-0.25,0.9,0.4,0,1
0.6,-0.25,0.9,0.4,180,0
0.6,-0.25,0.9,0.4,90,0
0.6,-0.25,0.9,0.4,270,1
0.6,-0.25,0.9,0.4,30,1
0.6,-0.25,0.9,0.4,330,1
0.6,-0.25,0.9,0.4,60,0
0.6,-0.25,0.9,0.4,300,1
0.6,-0.25,0.9,0.4,150,0
0.6,-0.25,0.9,0.4,210,0
0.6,-0.25,0.9,0.4,120,0
0.6,-0.25,0.9,0.4,240,1
0.6,-0.25,0.9,0.5,0,1
0.6,-0.25,0.9,0.5,180,0
0.6,-0.25,0.9,0.5,90,0
0.6,-0.25,0.9,0.5,270,1
0.6,-0.25,0.9,0.5,30,1
0.6,-0.25,0.9,0.5,330,1
0.6,-0.25,0.9,0.5,60,0
0.6,-0.25,0.9,0.5,300,1
0.6,-0.25,0.9,0.5,150,0
0.6,-0.25,0.9,0.5,210,0
0.6,-0.25,0.9,0.5,120,0
0.6,-0.25,0.9,0.5,240,1
0.6,-0.25,0.9,0.6,0,1
0.6,-0.25,0.9,0.6,180,0
0.6,-0.25,0.9,0.6,90,0
0.6,-0.25,0.9,0.6,270,0
0.6,-0.25,0.9,0.6,30,0
0.6,-0.25,0.9,0.6,330,1
0.6,-0.25,0.9,0.6,60,0
0.6,-0.25,0.9,0.6,300,0
0.6,-0.25,0.9,0.6,150,0
0.6,-0.25,0.9,0.6,210,0
0.6,-0.25,0.9,0.6,120,0
0.6,-0.25,0.9,0.6,240,1
0.6,-0.25,0.95,0.4,0,1
0.6,-0.25,0.95,0.4,180,0
0.6,-0.25,0.95,0.4,90,0
0.6,-0.25,0.95,0.4,270,1
0.6,-0.25,0.95,0.4,30,1
0.6,-0.25,0.95,0.4,330,1
0.6,-0.25,0.95,0.4,60,0
0.6,-0.25,0.95,0.4,300,1
0.6,-0.25,0.95,0.4,150,0
0.6,-0.25,0.95,0.4,210,0
0.6,-0.25,0.95,0.4,120,0
0.6,-0.25,0.95,0.4,240,1
0.6,-0.25,0.95,0.5,0,1
0.6,-0.25,0.95,0.5,180,0
0.6,-0.25,0.95,0.5,90,0
0.6,-0.25,0.95,0.5,270,1
0.6,-0.25,0.95,0.5,30,0
0.6,-0.25,0.95,0.5,330,1
0.6,-0.25,0.95,0.5,60,0
0.6,-0.25,0.95,0.5,300,0
0.6,-0.25,0.95,0.5,150,0
0.6,-0.25,0.95,0.5,210,0
0.6,-0.25,0.95,0.5,120,0
0.6,-0.25,0.95,0.5,240,0
0.6,-0.25,0.95,0.6,0,1
0.6,-0.25,0.95,0.6,180,0
0.6,-0.25,0.95,0.6,90,0
0.6,-0.25,0.95,0.6,270,1
0.6,-0.25,0.95,0.6,30,0
0.6,-0.25,0.95,0.6,330,1
0.6,-0.25,0.95,0.6,60,0
0.6,-0.25,0.95,0.6,300,0
0.6,-0.25,0.95,0.6,150,0
0.6,-0.25,0.95,0.6,210,0
0.6,-0.25,0.95,0.6,120,0
0.6,-0.25,0.95,0.6,240,1
0.6,-0.25,1.0,0.4,0,1
0.6,-0.25,1.0,0.4,180,0
0.6,-0.25,1.0,0.4,90,0
0.6,-0.25,1.0,0.4,270,1
0.6,-0.25,1.0,0.4,30,1
0.6,-0.25,1.0,0.4,330,1
0.6,-0.25,1.0,0.4,60,0
0.6,-0.25,1.0,0.4,300,1
0.6,-0.25,1.0,0.4,150,0
0.6,-0.25,1.0,0.4,210,0
0.6,-0.25,1.0,0.4,120,0
0.6,-0.25,1.0,0.4,240,0
0.6,-0.25,1.0,0.5,0,1
0.6,-0.25,1.0,0.5,180,0
0.6,-0.25,1.0,0.5,90,0
0.6,-0.25,1.0,0.5,270,1
0.6,-0.25,1.0,0.5,30,0
0.6,-0.25,1.0,0.5,330,1
0.6,-0.25,1.0,0.5,60,0
0.6,-0.25,1.0,0.5,300,1
0.6,-0.25,1.0,0.5,150,0
0.6,-0.25,1.0,0.5,210,0
0.6,-0.25,1.0,0.5,120,0
0.6,-0.25,1.0,0.5,240,1
0.6,-0.25,1.0,0.6,0,1
0.6,-0.25,1.0,0.6,180,0
0.6,-0.25,1.0,0.6,90,0
0.6,-0.25,1.0,0.6,270,0
0.6,-0.25,1.0,0.6,30,0
0.6,-0.25,1.0,0.6,330,1
0.6,-0.25,1.0,0.6,60,0
0.6,-0.25,1.0,0.6,300,0
0.6,-0.25,1.0,0.6,150,0
0.6,-0.25,1.0,0.6,210,0
0.6,-0.25,1.0,0.6,120,0
0.6,-0.25,1.0,0.6,240,1
0.6,-0.2,0.65,0.4,0,1
0.6,-0.2,0.65,0.4,180,0
0.6,-0.2,0.65,0.4,90,0
0.6,-0.2,0.65,0.4,270,1
0.6,-0.2,0.65,0.4,30,1
0.6,-0.2,0.65,0.4,330,1
0.6,-0.2,0.65,0.4,60,0
0.6,-0.2,0.65,0.4,300,1
0.6,-0.2,0.65,0.4,150,0
0.6,-0.2,0.65,0.4,210,1
0.6,-0.2,0.65,0.4,120,0
0.6,-0.2,0.65,0.4,240,1
0.6,-0.2,0.65,0.5,0,1
0.6,-0.2,0.65,0.5,180,0
0.6,-0.2,0.65,0.5,90,0
0.6,-0.2,0.65,0.5,270,0
0.6,-0.2,0.65,0.5,30,1
0.6,-0.2,0.65,0.5,330,1
0.6,-0.2,0.65,0.5,60,0
0.6,-0.2,0.65,0.5,300,0
0.6,-0.2,0.65,0.5,150,0
0.6,-0.2,0.65,0.5,210,1
0.6,-0.2,0.65,0.5,120,0
0.6,-0.2,0.65,0.5,240,0
0.6,-0.2,0.65,0.6,0,1
0.6,-0.2,0.65,0.6,180,0
0.6,-0.2,0.65,0.6,90,0
0.6,-0.2,0.65,0.6,270,1
0.6,-0.2,0.65,0.6,30,0
0.6,-0.2,0.65,0.6,330,1
0.6,-0.2,0.65,0.6,60,0
0.6,-0.2,0.65,0.6,300,0
0.6,-0.2,0.65,0.6,150,0
0.6,-0.2,0.65,0.6,210,0
0.6,-0.2,0.65,0.6,120,0
0.6,-0.2,0.65,0.6,240,0
0.6,-0.2,0.7,0.4,0,1
0.6,-0.2,0.7,0.4,180,0
0.6,-0.2,0.7,0.4,90,0
0.6,-0.2,0.7,0.4,270,1
0.6,-0.2,0.7,0.4,30,1
0.6,-0.2,0.7,0.4,330,1
0.6,-0.2,0.7,0.4,60,0
0.6,-0.2,0.7,0.4,300,1
0.6,-0.2,0.7,0.4,150,0
0.6,-0.2,0.7,0.4,210,0
0.6,-0.2,0.7,0.4,120,0
0.6,-0.2,0.7,0.4,240,0
0.6,-0.2,0.7,0.5,0,1
0.6,-0.2,0.7,0.5,180,0
0.6,-0.2,0.7,0.5,90,0
0.6,-0.2,0.7,0.5,270,0
0.6,-0.2,0.7,0.5,30,1
0.6,-0.2,0.7,0.5,330,1
0.6,-0.2,0.7,0.5,60,0
0.6,-0.2,0.7,0.5,300,0
0.6,-0.2,0.7,0.5,150,0
0.6,-0.2,0.7,0.5,210,0
0.6,-0.2,0.7,0.5,120,0
0.6,-0.2,0.7,0.5,240,0
0.6,-0.2,0.7,0.6,0,1
0.6,-0.2,0.7,0.6,180,0
0.6,-0.2,0.7,0.6,90,0
0.6,-0.2,0.7,0.6,270,1
0.6,-0.2,0.7,0.6,30,0
0.6,-0.2,0.7,0.6,330,1
0.6,-0.2,0.7,0.6,60,0
0.6,-0.2,0.7,0.6,300,0
0.6,-0.2,0.7,0.6,150,0
0.6,-0.2,0.7,0.6,210,0
0.6,-0.2,0.7,0.6,120,0
0.6,-0.2,0.7,0.6,240,1
0.6,-0.2,0.75,0.4,0,1
0.6,-0.2,0.75,0.4,180,0
0.6,-0.2,0.75,0.4,90,0
0.6,-0.2,0.75,0.4,270,1
0.6,-0.2,0.75,0.4,30,1
0.6,-0.2,0.75,0.4,330,1
0.6,-0.2,0.75,0.4,60,0
0.6,-0.2,0.75,0.4,300,1
0.6,-0.2,0.75,0.4,150,0
0.6,-0.2,0.75,0.4,210,1
0.6,-0.2,0.75,0.4,120,0
0.6,-0.2,0.75,0.4,240,1
0.6,-0.2,0.75,0.5,0,1
0.6,-0.2,0.75,0.5,180,0
0.6,-0.2,0.75,0.5,90,0
0.6,-0.2,0.75,0.5,270,0
0.6,-0.2,0.75,0.5,30,1
0.6,-0.2,0.75,0.5,330,1
0.6,-0.2,0.75,0.5,60,0
0.6,-0.2,0.75,0.5,300,0
0.6,-0.2,0.75,0.5,150,0
0.6,-0.2,0.75,0.5,210,0
0.6,-0.2,0.75,0.5,120,0
0.6,-0.2,0.75,0.5,240,0
0.6,-0.2,0.75,0.6,0,1
0.6,-0.2,0.75,0.6,180,0
0.6,-0.2,0.75,0.6,90,0
0.6,-0.2,0.75,0.6,270,1
0.6,-0.2,0.75,0.6,30,0
0.6,-0.2,0.75,0.6,330,1
0.6,-0.2,0.75,0.6,60,0
0.6,-0.2,0.75,0.6,300,0
0.6,-0.2,0.75,0.6,150,0
0.6,-0.2,0.75,0.6,210,0
0.6,-0.2,0.75,0.6,120,0
0.6,-0.2,0.75,0.6,240,0
0.6,-0.2,0.8,0.4,0,1
0.6,-0.2,0.8,0.4,180,0
0.6,-0.2,0.8,0.4,90,0
0.6,-0.2,0.8,0.4,270,0
0.6,-0.2,0.8,0.4,30,1
0.6,-0.2,0.8,0.4,330,1
0.6,-0.2,0.8,0.4,60,0
0.6,-0.2,0.8,0.4,300,1
0.6,-0.2,0.8,0.4,150,0
0.6,-0.2,0.8,0.4,210,0
0.6,-0.2,0.8,0.4,120,0
0.6,-0.2,0.8,0.4,240,1
0.6,-0.2,0.8,0.5,0,1
0.6,-0.2,0.8,0.5,180,0
0.6,-0.2,0.8,0.5,90,0
0.6,-0.2,0.8,0.5,270,0
0.6,-0.2,0.8,0.5,30,1
0.6,-0.2,0.8,0.5,330,1
0.6,-0.2,0.8,0.5,60,0
0.6,-0.2,0.8,0.5,300,0
0.6,-0.2,0.8,0.5,150,0
0.6,-0.2,0.8,0.5,210,0
0.6,-0.2,0.8,0.5,120,0
0.6,-0.2,0.8,0.5,240,1
0.6,-0.2,0.8,0.6,0,1
0.6,-0.2,0.8,0.6,180,0
0.6,-0.2,0.8,0.6,90,0
0.6,-0.2,0.8,0.6,270,1
0.6,-0.2,0.8,0.6,30,0
0.6,-0.2,0.8,0.6,330,1
0.6,-0.2,0.8,0.6,60,0
0.6,-0.2,0.8,0.6,300,0
0.6,-0.2,0.8,0.6,150,0
0.6,-0.2,0.8,0.6,210,0
0.6,-0.2,0.8,0.6,120,0
0.6,-0.2,0.8,0.6,240,0
0.6,-0.2,0.85,0.4,0,1
0.6,-0.2,0.85,0.4,180,0
0.6,-0.2,0.85,0.4,90,0
0.6,-0.2,0.85,0.4,270,1
0.6,-0.2,0.85,0.4,30,1
0.6,-0.2,0.85,0.4,330,1
0.6,-0.2,0.85,0.4,60,0
0.6,-0.2,0.85,0.4,300,1
0.6,-0.2,0.85,0.4,150,0
0.6,-0.2,0.85,0.4,210,0
0.6,-0.2,0.85,0.4,120,0
0.6,-0.2,0.85,0.4,240,1
0.6,-0.2,0.85,0.5,0,1
0.6,-0.2,0.85,0.5,180,0
0.6,-0.2,0.85,0.5,90,0
0.6,-0.2,0.85,0.5,270,1
0.6,-0.2,0.85,0.5,30,1
0.6,-0.2,0.85,0.5,330,1
0.6,-0.2,0.85,0.5,60,0
0.6,-0.2,0.85,0.5,300,0
0.6,-0.2,0.85,0.5,150,0
0.6,-0.2,0.85,0.5,210,1
0.6,-0.2,0.85,0.5,120,0
0.6,-0.2,0.85,0.5,240,1
0.6,-0.2,0.85,0.6,0,1
0.6,-0.2,0.85,0.6,180,0
0.6,-0.2,0.85,0.6,90,0
0.6,-0.2,0.85,0.6,270,0
0.6,-0.2,0.85,0.6,30,0
0.6,-0.2,0.85,0.6,330,1
0.6,-0.2,0.85,0.6,60,0
0.6,-0.2,0.85,0.6,300,0
0.6,-0.2,0.85,0.6,150,0
0.6,-0.2,0.85,0.6,210,0
0.6,-0.2,0.85,0.6,120,0
0.6,-0.2,0.85,0.6,240,1
0.6,-0.2,0.9,0.4,0,1
0.6,-0.2,0.9,0.4,180,0
0.6,-0.2,0.9,0.4,90,0
0.6,-0.2,0.9,0.4,270,1
0.6,-0.2,0.9,0.4,30,1
0.6,-0.2,0.9,0.4,330,1
0.6,-0.2,0.9,0.4,60,0
0.6,-0.2,0.9,0.4,300,1
0.6,-0.2,0.9,0.4,150,0
0.6,-0.2,0.9,0.4,210,1
0.6,-0.2,0.9,0.4,120,0
0.6,-0.2,0.9,0.4,240,1
0.6,-0.2,0.9,0.5,0,1
0.6,-0.2,0.9,0.5,180,0
0.6,-0.2,0.9,0.5,90,0
0.6,-0.2,0.9,0.5,270,0
0.6,-0.2,0.9,0.5,30,0
0.6,-0.2,0.9,0.5,330,1
0.6,-0.2,0.9,0.5,60,0
0.6,-0.2,0.9,0.5,300,0
0.6,-0.2,0.9,0.5,150,0
0.6,-0.2,0.9,0.5,210,0
0.6,-0.2,0.9,0.5,120,0
0.6,-0.2,0.9,0.5,240,1
0.6,-0.2,0.9,0.6,0,1
0.6,-0.2,0.9,0.6,180,0
0.6,-0.2,0.9,0.6,90,0
0.6,-0.2,0.9,0.6,270,1
0.6,-0.2,0.9,0.6,30,0
0.6,-0.2,0.9,0.6,330,1
0.6,-0.2,0.9,0.6,60,0
0.6,-0.2,0.9,0.6,300,0
0.6,-0.2,0.9,0.6,150,0
0.6,-0.2,0.9,0.6,210,0
0.6,-0.2,0.9,0.6,120,0
0.6,-0.2,0.9,0.6,240,1
0.6,-0.2,0.95,0.4,0,1
0.6,-0.2,0.95,0.4,180,0
0.6,-0.2,0.95,0.4,90,0
0.6,-0.2,0.95,0.4,270,0
0.6,-0.2,0.95,0.4,30,1
0.6,-0.2,0.95,0.4,330,1
0.6,-0.2,0.95,0.4,60,0
0.6,-0.2,0.95,0.4,300,1
0.6,-0.2,0.95,0.4,150,0
0.6,-0.2,0.95,0.4,210,0
0.6,-0.2,0.95,0.4,120,0
0.6,-0.2,0.95,0.4,240,1
0.6,-0.2,0.95,0.5,0,1
0.6,-0.2,0.95,0.5,180,0
0.6,-0.2,0.95,0.5,90,0
0.6,-0.2,0.95,0.5,270,1
0.6,-0.2,0.95,0.5,30,0
0.6,-0.2,0.95,0.5,330,1
0.6,-0.2,0.95,0.5,60,0
0.6,-0.2,0.95,0.5,300,0
0.6,-0.2,0.95,0.5,150,0
0.6,-0.2,0.95,0.5,210,0
0.6,-0.2,0.95,0.5,120,0
0.6,-0.2,0.95,0.5,240,1
0.6,-0.2,0.95,0.6,0,1
0.6,-0.2,0.95,0.6,180,0
0.6,-0.2,0.95,0.6,90,0
0.6,-0.2,0.95,0.6,270,1
0.6,-0.2,0.95,0.6,30,0
0.6,-0.2,0.95,0.6,330,1
0.6,-0.2,0.95,0.6,60,0
0.6,-0.2,0.95,0.6,300,0
0.6,-0.2,0.95,0.6,150,0
0.6,-0.2,0.95,0.6,210,0
0.6,-0.2,0.95,0.6,120,0
0.6,-0.2,0.95,0.6,240,0
0.6,-0.2,1.0,0.4,0,1
0.6,-0.2,1.0,0.4,180,0
0.6,-0.2,1.0,0.4,90,0
0.6,-0.2,1.0,0.4,270,1
0.6,-0.2,1.0,0.4,30,1
0.6,-0.2,1.0,0.4,330,1
0.6,-0.2,1.0,0.4,60,0
0.6,-0.2,1.0,0.4,300,1
0.6,-0.2,1.0,0.4,150,0
0.6,-0.2,1.0,0.4,210,0
0.6,-0.2,1.0,0.4,120,0
0.6,-0.2,1.0,0.4,240,1
0.6,-0.2,1.0,0.5,0,1
0.6,-0.2,1.0,0.5,180,0
0.6,-0.2,1.0,0.5,90,0
0.6,-0.2,1.0,0.5,270,1
0.6,-0.2,1.0,0.5,30,0
0.6,-0.2,1.0,0.5,330,1
0.6,-0.2,1.0,0.5,60,0
0.6,-0.2,1.0,0.5,300,0
0.6,-0.2,1.0,0.5,150,0
0.6,-0.2,1.0,0.5,210,0
0.6,-0.2,1.0,0.5,120,0
0.6,-0.2,1.0,0.5,240,1
0.6,-0.2,1.0,0.6,0,1
0.6,-0.2,1.0,0.6,180,0
0.6,-0.2,1.0,0.6,90,0
0.6,-0.2,1.0,0.6,270,0
0.6,-0.2,1.0,0.6,30,0
0.6,-0.2,1.0,0.6,330,1
0.6,-0.2,1.0,0.6,60,0
0.6,-0.2,1.0,0.6,300,0
0.6,-0.2,1.0,0.6,150,0
0.6,-0.2,1.0,0.6,210,0
0.6,-0.2,1.0,0.6,120,0
0.6,-0.2,1.0,0.6,240,1
0.6,-0.15,0.65,0.4,0,1
0.6,-0.15,0.65,0.4,180,0
0.6,-0.15,0.65,0.4,90,0
0.6,-0.15,0.65,0.4,270,0
0.6,-0.15,0.65,0.4,30,1
0.6,-0.15,0.65,0.4,330,1
0.6,-0.15,0.65,0.4,60,0
0.6,-0.15,0.65,0.4,300,1
0.6,-0.15,0.65,0.4,150,0
0.6,-0.15,0.65,0.4,210,1
0.6,-0.15,0.65,0.4,120,0
0.6,-0.15,0.65,0.4,240,0
0.6,-0.15,0.65,0.5,0,1
0.6,-0.15,0.65,0.5,180,0
0.6,-0.15,0.65,0.5,90,0
0.6,-0.15,0.65,0.5,270,1
0.6,-0.15,0.65,0.5,30,1
0.6,-0.15,0.65,0.5,330,1
0.6,-0.15,0.65,0.5,60,0
0.6,-0.15,0.65,0.5,300,0
0.6,-0.15,0.65,0.5,150,0
0.6,-0.15,0.65,0.5,210,1
0.6,-0.15,0.65,0.5,120,0
0.6,-0.15,0.65,0.5,240,1
0.6,-0.15,0.65,0.6,0,1
0.6,-0.15,0.65,0.6,180,0
0.6,-0.15,0.65,0.6,90,0
0.6,-0.15,0.65,0.6,270,0
0.6,-0.15,0.65,0.6,30,0
0.6,-0.15,0.65,0.6,330,1
0.6,-0.15,0.65,0.6,60,0
0.6,-0.15,0.65,0.6,300,0
0.6,-0.15,0.65,0.6,150,0
0.6,-0.15,0.65,0.6,210,1
0.6,-0.15,0.65,0.6,120,0
0.6,-0.15,0.65,0.6,240,1
0.6,-0.15,0.7,0.4,0,1
0.6,-0.15,0.7,0.4,180,0
0.6,-0.15,0.7,0.4,90,0
0.6,-0.15,0.7,0.4,270,1
0.6,-0.15,0.7,0.4,30,1
0.6,-0.15,0.7,0.4,330,1
0.6,-0.15,0.7,0.4,60,0
0.6,-0.15,0.7,0.4,300,1
0.6,-0.15,0.7,0.4,150,0
0.6,-0.15,0.7,0.4,210,1
0.6,-0.15,0.7,0.4,120,0
0.6,-0.15,0.7,0.4,240,0
0.6,-0.15,0.7,0.5,0,1
0.6,-0.15,0.7,0.5,180,0
0.6,-0.15,0.7,0.5,90,0
0.6,-0.15,0.7,0.5,270,1
0.6,-0.15,0.7,0.5,30,1
0.6,-0.15,0.7,0.5,330,1
0.6,-0.15,0.7,0.5,60,0
0.6,-0.15,0.7,0.5,300,0
0.6,-0.15,0.7,0.5,150,0
0.6,-0.15,0.7,0.5,210,0
0.6,-0.15,0.7,0.5,120,0
0.6,-0.15,0.7,0.5,240,1
0.6,-0.15,0.7,0.6,0,1
0.6,-0.15,0.7,0.6,180,0
0.6,-0.15,0.7,0.6,90,0
0.6,-0.15,0.7,0.6,270,1
0.6,-0.15,0.7,0.6,30,0
0.6,-0.15,0.7,0.6,330,1
0.6,-0.15,0.7,0.6,60,0
0.6,-0.15,0.7,0.6,300,0
0.6,-0.15,0.7,0.6,150,0
0.6,-0.15,0.7,0.6,210,1
0.6,-0.15,0.7,0.6,120,0
0.6,-0.15,0.7,0.6,240,1
0.6,-0.15,0.75,0.4,0,1
0.6,-0.15,0.75,0.4,180,0
0.6,-0.15,0.75,0.4,90,0
0.6,-0.15,0.75,0.4,270,1
0.6,-0.15,0.75,0.4,30,1
0.6,-0.15,0.75,0.4,330,1
0.6,-0.15,0.75,0.4,60,0
0.6,-0.15,0.75,0.4,300,1
0.6,-0.15,0.75,0.4,150,0
0.6,-0.15,0.75,0.4,210,1
0.6,-0.15,0.75,0.4,120,0
0.6,-0.15,0.75,0.4,240,1
0.6,-0.15,0.75,0.5,0,1
0.6,-0.15,0.75,0.5,180,0
0.6,-0.15,0.75,0.5,90,0
0.6,-0.15,0.75,0.5,270,0
0.6,-0.15,0.75,0.5,30,1
0.6,-0.15,0.75,0.5,330,1
0.6,-0.15,0.75,0.5,60,0
0.6,-0.15,0.75,0.5,300,0
0.6,-0.15,0.75,0.5,150,0
0.6,-0.15,0.75,0.5,210,1
0.6,-0.15,0.75,0.5,120,0
0.6,-0.15,0.75,0.5,240,0
0.6,-0.15,0.75,0.6,0,1
0.6,-0.15,0.75,0.6,180,0
0.6,-0.15,0.75,0.6,90,0
0.6,-0.15,0.75,0.6,270,0
0.6,-0.15,0.75,0.6,30,0
0.6,-0.15,0.75,0.6,330,1
0.6,-0.15,0.75,0.6,60,0
0.6,-0.15,0.75,0.6,300,0
0.6,-0.15,0.75,0.6,150,0
0.6,-0.15,0.75,0.6,210,1
0.6,-0.15,0.75,0.6,120,0
0.6,-0.15,0.75,0.6,240,1
0.6,-0.15,0.8,0.4,0,1
0.6,-0.15,0.8,0.4,180,0
0.6,-0.15,0.8,0.4,90,0
0.6,-0.15,0.8,0.4,270,1
0.6,-0.15,0.8,0.4,30,1
0.6,-0.15,0.8,0.4,330,1
0.6,-0.15,0.8,0.4,60,0
0.6,-0.15,0.8,0.4,300,1
0.6,-0.15,0.8,0.4,150,0
0.6,-0.15,0.8,0.4,210,0
0.6,-0.15,0.8,0.4,120,0
0.6,-0.15,0.8,0.4,240,0
0.6,-0.15,0.8,0.5,0,1
0.6,-0.15,0.8,0.5,180,0
0.6,-0.15,0.8,0.5,90,0
0.6,-0.15,0.8,0.5,270,1
0.6,-0.15,0.8,0.5,30,1
0.6,-0.15,0.8,0.5,330,1
0.6,-0.15,0.8,0.5,60,0
0.6,-0.15,0.8,0.5,300,0
0.6,-0.15,0.8,0.5,150,0
0.6,-0.15,0.8,0.5,210,0
0.6,-0.15,0.8,0.5,120,0
0.6,-0.15,0.8,0.5,240,1
0.6,-0.15,0.8,0.6,0,1
0.6,-0.15,0.8,0.6,180,0
0.6,-0.15,0.8,0.6,90,0
0.6,-0.15,0.8,0.6,270,1
0.6,-0.15,0.8,0.6,30,0
0.6,-0.15,0.8,0.6,330,1
0.6,-0.15,0.8,0.6,60,0
0.6,-0.15,0.8,0.6,300,0
0.6,-0.15,0.8,0.6,150,0
0.6,-0.15,0.8,0.6,210,0
0.6,-0.15,0.8,0.6,120,0
0.6,-0.15,0.8,0.6,240,0
0.6,-0.15,0.85,0.4,0,1
0.6,-0.15,0.85,0.4,180,0
0.6,-0.15,0.85,0.4,90,0
0.6,-0.15,0.85,0.4,270,1
0.6,-0.15,0.85,0.4,30,1
0.6,-0.15,0.85,0.4,330,1
0.6,-0.15,0.85,0.4,60,0
0.6,-0.15,0.85,0.4,300,1
0.6,-0.15,0.85,0.4,150,0
0.6,-0.15,0.85,0.4,210,0
0.6,-0.15,0.85,0.4,120,0
0.6,-0.15,0.85,0.4,240,0
0.6,-0.15,0.85,0.5,0,1
0.6,-0.15,0.85,0.5,180,0
0.6,-0.15,0.85,0.5,90,0
0.6,-0.15,0.85,0.5,270,0
0.6,-0.15,0.85,0.5,30,0
0.6,-0.15,0.85,0.5,330,1
0.6,-0.15,0.85,0.5,60,0
0.6,-0.15,0.85,0.5,300,0
0.6,-0.15,0.85,0.5,150,0
0.6,-0.15,0.85,0.5,210,0
0.6,-0.15,0.85,0.5,120,0
0.6,-0.15,0.85,0.5,240,1
0.6,-0.15,0.85,0.6,0,1
0.6,-0.15,0.85,0.6,180,0
0.6,-0.15,0.85,0.6,90,0
0.6,-0.15,0.85,0.6,270,0
0.6,-0.15,0.85,0.6,30,0
0.6,-0.15,0.85,0.6,330,1
0.6,-0.15,0.85,0.6,60,0
0.6,-0.15,0.85,0.6,300,0
0.6,-0.15,0.85,0.6,150,0
0.6,-0.15,0.85,0.6,210,0
0.6,-0.15,0.85,0.6,120,0
0.6,-0.15,0.85,0.6,240,0
0.6,-0.15,0.9,0.4,0,1
0.6,-0.15,0.9,0.4,180,0
0.6,-0.15,0.9,0.4,90,0
0.6,-0.15,0.9,0.4,270,1
0.6,-0.15,0.9,0.4,30,1
0.6,-0.15,0.9,0.4,330,1
0.6,-0.15,0.9,0.4,60,0
0.6,-0.15,0.9,0.4,300,1
0.6,-0.15,0.9,0.4,150,0
0.6,-0.15,0.9,0.4,210,1
0.6,-0.15,0.9,0.4,120,0
0.6,-0.15,0.9,0.4,240,1
0.6,-0.15,0.9,0.5,0,1
0.6,-0.15,0.9,0.5,180,0
0.6,-0.15,0.9,0.5,90,0
0.6,-0.15,0.9,0.5,270,0
0.6,-0.15,0.9,0.5,30,0
0.6,-0.15,0.9,0.5,330,1
0.6,-0.15,0.9,0.5,60,0
0.6,-0.15,0.9,0.5,300,0
0.6,-0.15,0.9,0.5,150,0
0.6,-0.15,0.9,0.5,210,0
0.6,-0.15,0.9,0.5,120,0
0.6,-0.15,0.9,0.5,240,0
0.6,-0.15,0.9,0.6,0,1
0.6,-0.15,0.9,0.6,180,0
0.6,-0.15,0.9,0.6,90,0
0.6,-0.15,0.9,0.6,270,0
0.6,-0.15,0.9,0.6,30,0
0.6,-0.15,0.9,0.6,330,1
0.6,-0.15,0.9,0.6,60,0
0.6,-0.15,0.9,0.6,300,0
0.6,-0.15,0.9,0.6,150,0
0.6,-0.15,0.9,0.6,210,0
0.6,-0.15,0.9,0.6,120,0
0.6,-0.15,0.9,0.6,240,0
0.6,-0.15,0.95,0.4,0,1
0.6,-0.15,0.95,0.4,180,0
0.6,-0.15,0.95,0.4,90,0
0.6,-0.15,0.95,0.4,270,1
0.6,-0.15,0.95,0.4,30,1
0.6,-0.15,0.95,0.4,330,1
0.6,-0.15,0.95,0.4,60,0
0.6,-0.15,0.95,0.4,300,1
0.6,-0.15,0.95,0.4,150,0
0.6,-0.15,0.95,0.4,210,0
0.6,-0.15,0.95,0.4,120,0
0.6,-0.15,0.95,0.4,240,0
0.6,-0.15,0.95,0.5,0,1
0.6,-0.15,0.95,0.5,180,0
0.6,-0.15,0.95,0.5,90,0
0.6,-0.15,0.95,0.5,270,1
0.6,-0.15,0.95,0.5,30,0
0.6,-0.15,0.95,0.5,330,1
0.6,-0.15,0.95,0.5,60,0
0.6,-0.15,0.95,0.5,300,0
0.6,-0.15,0.95,0.5,150,0
0.6,-0.15,0.95,0.5,210,0
0.6,-0.15,0.95,0.5,120,0
0.6,-0.15,0.95,0.5,240,1
0.6,-0.15,0.95,0.6,0,1
0.6,-0.15,0.95,0.6,180,0
0.6,-0.15,0.95,0.6,90,0
0.6,-0.15,0.95,0.6,270,1
0.6,-0.15,0.95,0.6,30,0
0.6,-0.15,0.95,0.6,330,1
0.6,-0.15,0.95,0.6,60,0
0.6,-0.15,0.95,0.6,300,0
0.6,-0.15,0.95,0.6,150,0
0.6,-0.15,0.95,0.6,210,0
0.6,-0.15,0.95,0.6,120,0
0.6,-0.15,0.95,0.6,240,1
0.6,-0.15,1.0,0.4,0,1
0.6,-0.15,1.0,0.4,180,0
0.6,-0.15,1.0,0.4,90,0
0.6,-0.15,1.0,0.4,270,1
0.6,-0.15,1.0,0.4,30,1
0.6,-0.15,1.0,0.4,330,1
0.6,-0.15,1.0,0.4,60,0
0.6,-0.15,1.0,0.4,300,1
0.6,-0.15,1.0,0.4,150,0
0.6,-0.15,1.0,0.4,210,0
0.6,-0.15,1.0,0.4,120,0
0.6,-0.15,1.0,0.4,240,1
0.6,-0.15,1.0,0.5,0,1
0.6,-0.15,1.0,0.5,180,0
0.6,-0.15,1.0,0.5,90,0
0.6,-0.15,1.0,0.5,270,1
0.6,-0.15,1.0,0.5,30,0
0.6,-0.15,1.0,0.5,330,1
0.6,-0.15,1.0,0.5,60,0
0.6,-0.15,1.0,0.5,300,0
0.6,-0.15,1.0,0.5,150,0
0.6,-0.15,1.0,0.5,210,0
0.6,-0.15,1.0,0.5,120,0
0.6,-0.15,1.0,0.5,240,1
0.6,-0.15,1.0,0.6,0,1
0.6,-0.15,1.0,0.6,180,0
0.6,-0.15,1.0,0.6,90,0
0.6,-0.15,1.0,0.6,270,0
0.6,-0.15,1.0,0.6,30,0
0.6,-0.15,1.0,0.6,330,1
0.6,-0.15,1.0,0.6,60,0
0.6,-0.15,1.0,0.6,300,0
0.6,-0.15,1.0,0.6,150,0
0.6,-0.15,1.0,0.6,210,0
0.6,-0.15,1.0,0.6,120,0
0.6,-0.15,1.0,0.6,240,0
0.6,-0.1,0.65,0.4,0,1
0.6,-0.1,0.65,0.4,180,0
0.6,-0.1,0.65,0.4,90,0
0.6,-0.1,0.65,0.4,270,0
0.6,-0.1,0.65,0.4,30,1
0.6,-0.1,0.65,0.4,330,1
0.6,-0.1,0.65,0.4,60,0
0.6,-0.1,0.65,0.4,300,1
0.6,-0.1,0.65,0.4,150,0
0.6,-0.1,0.65,0.4,210,1
0.6,-0.1,0.65,0.4,120,0
0.6,-0.1,0.65,0.4,240,1
0.6,-0.1,0.65,0.5,0,1
0.6,-0.1,0.65,0.5,180,0
0.6,-0.1,0.65,0.5,90,0
0.6,-0.1,0.65,0.5,270,1
0.6,-0.1,0.65,0.5,30,1
0.6,-0.1,0.65,0.5,330,1
0.6,-0.1,0.65,0.5,60,0
0.6,-0.1,0.65,0.5,300,0
0.6,-0.1,0.65,0.5,150,0
0.6,-0.1,0.65,0.5,210,1
0.6,-0.1,0.65,0.5,120,0
0.6,-0.1,0.65,0.5,240,0
0.6,-0.1,0.65,0.6,0,1
0.6,-0.1,0.65,0.6,180,0
0.6,-0.1,0.65,0.6,90,0
0.6,-0.1,0.65,0.6,270,1
0.6,-0.1,0.65,0.6,30,0
0.6,-0.1,0.65,0.6,330,1
0.6,-0.1,0.65,0.6,60,0
0.6,-0.1,0.65,0.6,300,0
0.6,-0.1,0.65,0.6,150,0
0.6,-0.1,0.65,0.6,210,1
0.6,-0.1,0.65,0.6,120,0
0.6,-0.1,0.65,0.6,240,0
0.6,-0.1,0.7,0.4,0,1
0.6,-0.1,0.7,0.4,180,0
0.6,-0.1,0.7,0.4,90,0
0.6,-0.1,0.7,0.4,270,1
0.6,-0.1,0.7,0.4,30,1
0.6,-0.1,0.7,0.4,330,1
0.6,-0.1,0.7,0.4,60,0
0.6,-0.1,0.7,0.4,300,1
0.6,-0.1,0.7,0.4,150,0
0.6,-0.1,0.7,0.4,210,1
0.6,-0.1,0.7,0.4,120,0
0.6,-0.1,0.7,0.4,240,1
0.6,-0.1,0.7,0.5,0,1
0.6,-0.1,0.7,0.5,180,0
0.6,-0.1,0.7,0.5,90,0
0.6,-0.1,0.7,0.5,270,1
0.6,-0.1,0.7,0.5,30,0
0.6,-0.1,0.7,0.5,330,1
0.6,-0.1,0.7,0.5,60,0
0.6,-0.1,0.7,0.5,300,0
0.6,-0.1,0.7,0.5,150,0
0.6,-0.1,0.7,0.5,210,1
0.6,-0.1,0.7,0.5,120,0
0.6,-0.1,0.7,0.5,240,0
0.6,-0.1,0.7,0.6,0,1
0.6,-0.1,0.7,0.6,180,0
0.6,-0.1,0.7,0.6,90,0
0.6,-0.1,0.7,0.6,270,0
0.6,-0.1,0.7,0.6,30,0
0.6,-0.1,0.7,0.6,330,1
0.6,-0.1,0.7,0.6,60,0
0.6,-0.1,0.7,0.6,300,0
0.6,-0.1,0.7,0.6,150,0
0.6,-0.1,0.7,0.6,210,1
0.6,-0.1,0.7,0.6,120,0
0.6,-0.1,0.7,0.6,240,0
0.6,-0.1,0.75,0.4,0,1
0.6,-0.1,0.75,0.4,180,0
0.6,-0.1,0.75,0.4,90,0
0.6,-0.1,0.75,0.4,270,1
0.6,-0.1,0.75,0.4,30,1
0.6,-0.1,0.75,0.4,330,1
0.6,-0.1,0.75,0.4,60,0
0.6,-0.1,0.75,0.4,300,1
0.6,-0.1,0.75,0.4,150,0
0.6,-0.1,0.75,0.4,210,0
0.6,-0.1,0.75,0.4,120,0
0.6,-0.1,0.75,0.4,240,0
0.6,-0.1,0.75,0.5,0,1
0.6,-0.1,0.75,0.5,180,0
0.6,-0.1,0.75,0.5,90,0
0.6,-0.1,0.75,0.5,270,1
0.6,-0.1,0.75,0.5,30,0
0.6,-0.1,0.75,0.5,330,1
0.6,-0.1,0.75,0.5,60,0
0.6,-0.1,0.75,0.5,300,0
0.6,-0.1,0.75,0.5,150,0
0.6,-0.1,0.75,0.5,210,1
0.6,-0.1,0.75,0.5,120,0
0.6,-0.1,0.75,0.5,240,0
0.6,-0.1,0.75,0.6,0,1
0.6,-0.1,0.75,0.6,180,0
0.6,-0.1,0.75,0.6,90,0
0.6,-0.1,0.75,0.6,270,1
0.6,-0.1,0.75,0.6,30,0
0.6,-0.1,0.75,0.6,330,1
0.6,-0.1,0.75,0.6,60,0
0.6,-0.1,0.75,0.6,300,0
0.6,-0.1,0.75,0.6,150,0
0.6,-0.1,0.75,0.6,210,0
0.6,-0.1,0.75,0.6,120,0
0.6,-0.1,0.75,0.6,240,0
0.6,-0.1,0.8,0.4,0,1
0.6,-0.1,0.8,0.4,180,0
0.6,-0.1,0.8,0.4,90,0
0.6,-0.1,0.8,0.4,270,1
0.6,-0.1,0.8,0.4,30,1
0.6,-0.1,0.8,0.4,330,1
0.6,-0.1,0.8,0.4,60,0
0.6,-0.1,0.8,0.4,300,1
0.6,-0.1,0.8,0.4,150,0
0.6,-0.1,0.8,0.4,210,1
0.6,-0.1,0.8,0.4,120,0
0.6,-0.1,0.8,0.4,240,0
0.6,-0.1,0.8,0.5,0,1
0.6,-0.1,0.8,0.5,180,0
0.6,-0.1,0.8,0.5,90,0
0.6,-0.1,0.8,0.5,270,1
0.6,-0.1,0.8,0.5,30,0
0.6,-0.1,0.8,0.5,330,1
0.6,-0.1,0.8,0.5,60,0
0.6,-0.1,0.8,0.5,300,1
0.6,-0.1,0.8,0.5,150,0
0.6,-0.1,0.8,0.5,210,1
0.6,-0.1,0.8,0.5,120,0
0.6,-0.1,0.8,0.5,240,1
0.6,-0.1,0.8,0.6,0,1
0.6,-0.1,0.8,0.6,180,0
0.6,-0.1,0.8,0.6,90,0
0.6,-0.1,0.8,0.6,270,1
0.6,-0.1,0.8,0.6,30,0
0.6,-0.1,0.8,0.6,330,1
0.6,-0.1,0.8,0.6,60,0
0.6,-0.1,0.8,0.6,300,0
0.6,-0.1,0.8,0.6,150,0
0.6,-0.1,0.8,0.6,210,0
0.6,-0.1,0.8,0.6,120,0
0.6,-0.1,0.8,0.6,240,0
0.6,-0.1,0.85,0.4,0,1
0.6,-0.1,0.85,0.4,180,0
0.6,-0.1,0.85,0.4,90,0
0.6,-0.1,0.85,0.4,270,1
0.6,-0.1,0.85,0.4,30,1
0.6,-0.1,0.85,0.4,330,1
0.6,-0.1,0.85,0.4,60,0
0.6,-0.1,0.85,0.4,300,1
0.6,-0.1,0.85,0.4,150,0
0.6,-0.1,0.85,0.4,210,1
0.6,-0.1,0.85,0.4,120,0
0.6,-0.1,0.85,0.4,240,1
0.6,-0.1,0.85,0.5,0,1
0.6,-0.1,0.85,0.5,180,0
0.6,-0.1,0.85,0.5,90,0
0.6,-0.1,0.85,0.5,270,1
0.6,-0.1,0.85,0.5,30,0
0.6,-0.1,0.85,0.5,330,1
0.6,-0.1,0.85,0.5,60,0
0.6,-0.1,0.85,0.5,300,0
0.6,-0.1,0.85,0.5,150,0
0.6,-0.1,0.85,0.5,210,1
0.6,-0.1,0.85,0.5,120,0
0.6,-0.1,0.85,0.5,240,1
0.6,-0.1,0.85,0.6,0,1
0.6,-0.1,0.85,0.6,180,0
0.6,-0.1,0.85,0.6,90,0
0.6,-0.1,0.85,0.6,270,0
0.6,-0.1,0.85,0.6,30,0
0.6,-0.1,0.85,0.6,330,1
0.6,-0.1,0.85,0.6,60,0
0.6,-0.1,0.85,0.6,300,0
0.6,-0.1,0.85,0.6,150,0
0.6,-0.1,0.85,0.6,210,1
0.6,-0.1,0.85,0.6,120,0
0.6,-0.1,0.85,0.6,240,1
0.6,-0.1,0.9,0.4,0,1
0.6,-0.1,0.9,0.4,180,0
0.6,-0.1,0.9,0.4,90,0
0.6,-0.1,0.9,0.4,270,1
0.6,-0.1,0.9,0.4,30,1
0.6,-0.1,0.9,0.4,330,1
0.6,-0.1,0.9,0.4,60,0
0.6,-0.1,0.9,0.4,300,0
0.6,-0.1,0.9,0.4,150,0
0.6,-0.1,0.9,0.4,210,1
0.6,-0.1,0.9,0.4,120,0
0.6,-0.1,0.9,0.4,240,1
0.6,-0.1,0.9,0.5,0,1
0.6,-0.1,0.9,0.5,180,0
0.6,-0.1,0.9,0.5,90,0
0.6,-0.1,0.9,0.5,270,1
0.6,-0.1,0.9,0.5,30,0
0.6,-0.1,0.9,0.5,330,1
0.6,-0.1,0.9,0.5,60,0
0.6,-0.1,0.9,0.5,300,1
0.6,-0.1,0.9,0.5,150,0
0.6,-0.1,0.9,0.5,210,0
0.6,-0.1,0.9,0.5,120,0
0.6,-0.1,0.9,0.5,240,1
0.6,-0.1,0.9,0.6,0,1
0.6,-0.1,0.9,0.6,180,0
0.6,-0.1,0.9,0.6,90,0
0.6,-0.1,0.9,0.6,270,1
0.6,-0.1,0.9,0.6,30,0
0.6,-0.1,0.9,0.6,330,1
0.6,-0.1,0.9,0.6,60,0
0.6,-0.1,0.9,0.6,300,0
0.6,-0.1,0.9,0.6,150,0
0.6,-0.1,0.9,0.6,210,0
0.6,-0.1,0.9,0.6,120,0
0.6,-0.1,0.9,0.6,240,1
0.6,-0.1,0.95,0.4,0,1
0.6,-0.1,0.95,0.4,180,0
0.6,-0.1,0.95,0.4,90,0
0.6,-0.1,0.95,0.4,270,1
0.6,-0.1,0.95,0.4,30,1
0.6,-0.1,0.95,0.4,330,1
0.6,-0.1,0.95,0.4,60,0
0.6,-0.1,0.95,0.4,300,1
0.6,-0.1,0.95,0.4,150,0
0.6,-0.1,0.95,0.4,210,0
0.6,-0.1,0.95,0.4,120,0
0.6,-0.1,0.95,0.4,240,0
0.6,-0.1,0.95,0.5,0,1
0.6,-0.1,0.95,0.5,180,0
0.6,-0.1,0.95,0.5,90,0
0.6,-0.1,0.95,0.5,270,1
0.6,-0.1,0.95,0.5,30,0
0.6,-0.1,0.95,0.5,330,1
0.6,-0.1,0.95,0.5,60,0
0.6,-0.1,0.95,0.5,300,0
0.6,-0.1,0.95,0.5,150,0
0.6,-0.1,0.95,0.5,210,0
0.6,-0.1,0.95,0.5,120,0
0.6,-0.1,0.95,0.5,240,1
0.6,-0.1,0.95,0.6,0,1
0.6,-0.1,0.95,0.6,180,0
0.6,-0.1,0.95,0.6,90,0
0.6,-0.1,0.95,0.6,270,1
0.6,-0.1,0.95,0.6,30,0
0.6,-0.1,0.95,0.6,330,1
0.6,-0.1,0.95,0.6,60,0
0.6,-0.1,0.95,0.6,300,0
0.6,-0.1,0.95,0.6,150,0
0.6,-0.1,0.95,0.6,210,0
0.6,-0.1,0.95,0.6,120,0
0.6,-0.1,0.95,0.6,240,1
0.6,-0.1,1.0,0.4,0,1
0.6,-0.1,1.0,0.4,180,0
0.6,-0.1,1.0,0.4,90,0
0.6,-0.1,1.0,0.4,270,1
0.6,-0.1,1.0,0.4,30,1
0.6,-0.1,1.0,0.4,330,1
0.6,-0.1,1.0,0.4,60,0
0.6,-0.1,1.0,0.4,300,1
0.6,-0.1,1.0,0.4,150,0
0.6,-0.1,1.0,0.4,210,1
0.6,-0.1,1.0,0.4,120,0
0.6,-0.1,1.0,0.4,240,1
0.6,-0.1,1.0,0.5,0,1
0.6,-0.1,1.0,0.5,180,0
0.6,-0.1,1.0,0.5,90,0
0.6,-0.1,1.0,0.5,270,0
0.6,-0.1,1.0,0.5,30,0
0.6,-0.1,1.0,0.5,330,1
0.6,-0.1,1.0,0.5,60,0
0.6,-0.1,1.0,0.5,300,0
0.6,-0.1,1.0,0.5,150,0
0.6,-0.1,1.0,0.5,210,1
0.6,-0.1,1.0,0.5,120,0
0.6,-0.1,1.0,0.5,240,1
0.6,-0.1,1.0,0.6,0,1
0.6,-0.1,1.0,0.6,180,0
0.6,-0.1,1.0,0.6,90,0
0.6,-0.1,1.0,0.6,270,1
0.6,-0.1,1.0,0.6,30,0
0.6,-0.1,1.0,0.6,330,1
0.6,-0.1,1.0,0.6,60,0
0.6,-0.1,1.0,0.6,300,0
0.6,-0.1,1.0,0.6,150,0
0.6,-0.1,1.0,0.6,210,0
0.6,-0.1,1.0,0.6,120,0
0.6,-0.1,1.0,0.6,240,1
0.65,-0.45,0.65,0.4,0,1
0.65,-0.45,0.65,0.4,180,0
0.65,-0.45,0.65,0.4,90,0
0.65,-0.45,0.65,0.4,270,0
0.65,-0.45,0.65,0.4,30,1
0.65,-0.45,0.65,0.4,330,1
0.65,-0.45,0.65,0.4,60,0
0.65,-0.45,0.65,0.4,300,1
0.65,-0.45,0.65,0.4,150,0
0.65,-0.45,0.65,0.4,210,0
0.65,-0.45,0.65,0.4,120,0
0.65,-0.45,0.65,0.4,240,0
0.65,-0.45,0.65,0.5,0,1
0.65,-0.45,0.65,0.5,180,0
0.65,-0.45,0.65,0.5,90,0
0.65,-0.45,0.65,0.5,270,1
0.65,-0.45,0.65,0.5,30,1
0.65,-0.45,0.65,0.5,330,1
0.65,-0.45,0.65,0.5,60,0
0.65,-0.45,0.65,0.5,300,1
0.65,-0.45,0.65,0.5,150,0
0.65,-0.45,0.65,0.5,210,0
0.65,-0.45,0.65,0.5,120,0
0.65,-0.45,0.65,0.5,240,0
0.65,-0.45,0.65,0.6,0,1
0.65,-0.45,0.65,0.6,180,0
0.65,-0.45,0.65,0.6,90,0
0.65,-0.45,0.65,0.6,270,0
0.65,-0.45,0.65,0.6,30,0
0.65,-0.45,0.65,0.6,330,1
0.65,-0.45,0.65,0.6,60,0
0.65,-0.45,0.65,0.6,300,1
0.65,-0.45,0.65,0.6,150,0
0.65,-0.45,0.65,0.6,210,0
0.65,-0.45,0.65,0.6,120,0
0.65,-0.45,0.65,0.6,240,0
0.65,-0.45,0.7,0.4,0,1
0.65,-0.45,0.7,0.4,180,0
0.65,-0.45,0.7,0.4,90,0
0.65,-0.45,0.7,0.4,270,0
0.65,-0.45,0.7,0.4,30,1
0.65,-0.45,0.7,0.4,330,1
0.65,-0.45,0.7,0.4,60,0
0.65,-0.45,0.7,0.4,300,1
0.65,-0.45,0.7,0.4,150,0
0.65,-0.45,0.7,0.4,210,0
0.65,-0.45,0.7,0.4,120,0
0.65,-0.45,0.7,0.4,240,1
0.65,-0.45,0.7,0.5,0,1
0.65,-0.45,0.7,0.5,180,0
0.65,-0.45,0.7,0.5,90,0
0.65,-0.45,0.7,0.5,270,1
0.65,-0.45,0.7,0.5,30,1
0.65,-0.45,0.7,0.5,330,1
0.65,-0.45,0.7,0.5,60,0
0.65,-0.45,0.7,0.5,300,1
0.65,-0.45,0.7,0.5,150,0
0.65,-0.45,0.7,0.5,210,0
0.65,-0.45,0.7,0.5,120,0
0.65,-0.45,0.7,0.5,240,0
0.65,-0.45,0.7,0.6,0,1
0.65,-0.45,0.7,0.6,180,0
0.65,-0.45,0.7,0.6,90,0
0.65,-0.45,0.7,0.6,270,1
0.65,-0.45,0.7,0.6,30,0
0.65,-0.45,0.7,0.6,330,1
0.65,-0.45,0.7,0.6,60,0
0.65,-0.45,0.7,0.6,300,0
0.65,-0.45,0.7,0.6,150,0
0.65,-0.45,0.7,0.6,210,0
0.65,-0.45,0.7,0.6,120,0
0.65,-0.45,0.7,0.6,240,0
0.65,-0.45,0.75,0.4,0,1
0.65,-0.45,0.75,0.4,180,0
0.65,-0.45,0.75,0.4,90,0
0.65,-0.45,0.75,0.4,270,1
0.65,-0.45,0.75,0.4,30,1
0.65,-0.45,0.75,0.4,330,1
0.65,-0.45,0.75,0.4,60,0
0.65,-0.45,0.75,0.4,300,1
0.65,-0.45,0.75,0.4,150,0
0.65,-0.45,0.75,0.4,210,0
0.65,-0.45,0.75,0.4,120,0
0.65,-0.45,0.75,0.4,240,1
0.65,-0.45,0.75,0.5,0,1
0.65,-0.45,0.75,0.5,180,0
0.65,-0.45,0.75,0.5,90,0
0.65,-0.45,0.75,0.5,270,1
0.65,-0.45,0.75,0.5,30,1
0.65,-0.45,0.75,0.5,330,1
0.65,-0.45,0.75,0.5,60,0
0.65,-0.45,0.75,0.5,300,1
0.65,-0.45,0.75,0.5,150,0
0.65,-0.45,0.75,0.5,210,0
0.65,-0.45,0.75,0.5,120,0
0.65,-0.45,0.75,0.5,240,0
0.65,-0.45,0.75,0.6,0,1
0.65,-0.45,0.75,0.6,180,0
0.65,-0.45,0.75,0.6,90,0
0.65,-0.45,0.75,0.6,270,0
0.65,-0.45,0.75,0.6,30,0
0.65,-0.45,0.75,0.6,330,1
0.65,-0.45,0.75,0.6,60,0
0.65,-0.45,0.75,0.6,300,1
0.65,-0.45,0.75,0.6,150,0
0.65,-0.45,0.75,0.6,210,0
0.65,-0.45,0.75,0.6,120,0
0.65,-0.45,0.75,0.6,240,0
0.65,-0.45,0.8,0.4,0,1
0.65,-0.45,0.8,0.4,180,0
0.65,-0.45,0.8,0.4,90,0
0.65,-0.45,0.8,0.4,270,0
0.65,-0.45,0.8,0.4,30,1
0.65,-0.45,0.8,0.4,330,1
0.65,-0.45,0.8,0.4,60,0
0.65,-0.45,0.8,0.4,300,1
0.65,-0.45,0.8,0.4,150,0
0.65,-0.45,0.8,0.4,210,0
0.65,-0.45,0.8,0.4,120,0
0.65,-0.45,0.8,0.4,240,1
0.65,-0.45,0.8,0.5,0,1
0.65,-0.45,0.8,0.5,180,0
0.65,-0.45,0.8,0.5,90,0
0.65,-0.45,0.8,0.5,270,1
0.65,-0.45,0.8,0.5,30,1
0.65,-0.45,0.8,0.5,330,1
0.65,-0.45,0.8,0.5,60,0
0.65,-0.45,0.8,0.5,300,1
0.65,-0.45,0.8,0.5,150,0
0.65,-0.45,0.8,0.5,210,0
0.65,-0.45,0.8,0.5,120,0
0.65,-0.45,0.8,0.5,240,0
0.65,-0.45,0.8,0.6,0,1
0.65,-0.45,0.8,0.6,180,0
0.65,-0.45,0.8,0.6,90,0
0.65,-0.45,0.8,0.6,270,0
0.65,-0.45,0.8,0.6,30,0
0.65,-0.45,0.8,0.6,330,1
0.65,-0.45,0.8,0.6,60,0
0.65,-0.45,0.8,0.6,300,0
0.65,-0.45,0.8,0.6,150,0
0.65,-0.45,0.8,0.6,210,0
0.65,-0.45,0.8,0.6,120,0
0.65,-0.45,0.8,0.6,240,0
0.65,-0.45,0.85,0.4,0,1
0.65,-0.45,0.85,0.4,180,0
0.65,-0.45,0.85,0.4,90,0
0.65,-0.45,0.85,0.4,270,1
0.65,-0.45,0.85,0.4,30,1
0.65,-0.45,0.85,0.4,330,1
0.65,-0.45,0.85,0.4,60,0
0.65,-0.45,0.85,0.4,300,1
0.65,-0.45,0.85,0.4,150,0
0.65,-0.45,0.85,0.4,210,0
0.65,-0.45,0.85,0.4,120,0
0.65,-0.45,0.85,0.4,240,0
0.65,-0.45,0.85,0.5,0,1
0.65,-0.45,0.85,0.5,180,0
0.65,-0.45,0.85,0.5,90,0
0.65,-0.45,0.85,0.5,270,1
0.65,-0.45,0.85,0.5,30,0
0.65,-0.45,0.85,0.5,330,1
0.65,-0.45,0.85,0.5,60,0
0.65,-0.45,0.85,0.5,300,1
0.65,-0.45,0.85,0.5,150,0
0.65,-0.45,0.85,0.5,210,0
0.65,-0.45,0.85,0.5,120,0
0.65,-0.45,0.85,0.5,240,0
0.65,-0.45,0.85,0.6,0,1
0.65,-0.45,0.85,0.6,180,0
0.65,-0.45,0.85,0.6,90,0
0.65,-0.45,0.85,0.6,270,1
0.65,-0.45,0.85,0.6,30,0
0.65,-0.45,0.85,0.6,330,1
0.65,-0.45,0.85,0.6,60,0
0.65,-0.45,0.85,0.6,300,1
0.65,-0.45,0.85,0.6,150,0
0.65,-0.45,0.85,0.6,210,0
0.65,-0.45,0.85,0.6,120,0
0.65,-0.45,0.85,0.6,240,0
0.65,-0.45,0.9,0.4,0,1
0.65,-0.45,0.9,0.4,180,0
0.65,-0.45,0.9,0.4,90,0
0.65,-0.45,0.9,0.4,270,1
0.65,-0.45,0.9,0.4,30,1
0.65,-0.45,0.9,0.4,330,1
0.65,-0.45,0.9,0.4,60,0
0.65,-0.45,0.9,0.4,300,1
0.65,-0.45,0.9,0.4,150,0
0.65,-0.45,0.9,0.4,210,0
0.65,-0.45,0.9,0.4,120,0
0.65,-0.45,0.9,0.4,240,0
0.65,-0.45,0.9,0.5,0,1
0.65,-0.45,0.9,0.5,180,0
0.65,-0.45,0.9,0.5,90,0
0.65,-0.45,0.9,0.5,270,1
0.65,-0.45,0.9,0.5,30,0
0.65,-0.45,0.9,0.5,330,1
0.65,-0.45,0.9,0.5,60,0
0.65,-0.45,0.9,0.5,300,1
0.65,-0.45,0.9,0.5,150,0
0.65,-0.45,0.9,0.5,210,0
0.65,-0.45,0.9,0.5,120,0
0.65,-0.45,0.9,0.5,240,0
0.65,-0.45,0.9,0.6,0,1
0.65,-0.45,0.9,0.6,180,0
0.65,-0.45,0.9,0.6,90,0
0.65,-0.45,0.9,0.6,270,0
0.65,-0.45,0.9,0.6,30,0
0.65,-0.45,0.9,0.6,330,1
0.65,-0.45,0.9,0.6,60,0
0.65,-0.45,0.9,0.6,300,0
0.65,-0.45,0.9,0.6,150,0
0.65,-0.45,0.9,0.6,210,0
0.65,-0.45,0.9,0.6,120,0
0.65,-0.45,0.9,0.6,240,0
0.65,-0.45,0.95,0.4,0,1
0.65,-0.45,0.95,0.4,180,0
0.65,-0.45,0.95,0.4,90,0
0.65,-0.45,0.95,0.4,270,1
0.65,-0.45,0.95,0.4,30,1
0.65,-0.45,0.95,0.4,330,1
0.65,-0.45,0.95,0.4,60,0
0.65,-0.45,0.95,0.4,300,1
0.65,-0.45,0.95,0.4,150,0
0.65,-0.45,0.95,0.4,210,0
0.65,-0.45,0.95,0.4,120,0
0.65,-0.45,0.95,0.4,240,0
0.65,-0.45,0.95,0.5,0,1
0.65,-0.45,0.95,0.5,180,0
0.65,-0.45,0.95,0.5,90,0
0.65,-0.45,0.95,0.5,270,0
0.65,-0.45,0.95,0.5,30,0
0.65,-0.45,0.95,0.5,330,1
0.65,-0.45,0.95,0.5,60,0
0.65,-0.45,0.95,0.5,300,1
0.65,-0.45,0.95,0.5,150,0
0.65,-0.45,0.95,0.5,210,0
0.65,-0.45,0.95,0.5,120,0
0.65,-0.45,0.95,0.5,240,0
0.65,-0.45,0.95,0.6,0,1
0.65,-0.45,0.95,0.6,180,0
0.65,-0.45,0.95,0.6,90,0
0.65,-0.45,0.95,0.6,270,1
0.65,-0.45,0.95,0.6,30,0
0.65,-0.45,0.95,0.6,330,1
0.65,-0.45,0.95,0.6,60,0
0.65,-0.45,0.95,0.6,300,1
0.65,-0.45,0.95,0.6,150,0
0.65,-0.45,0.95,0.6,210,0
0.65,-0.45,0.95,0.6,120,0
0.65,-0.45,0.95,0.6,240,0
0.65,-0.45,1.0,0.4,0,1
0.65,-0.45,1.0,0.4,180,0
0.65,-0.45,1.0,0.4,90,0
0.65,-0.45,1.0,0.4,270,0
0.65,-0.45,1.0,0.4,30,0
0.65,-0.45,1.0,0.4,330,1
0.65,-0.45,1.0,0.4,60,0
0.65,-0.45,1.0,0.4,300,1
0.65,-0.45,1.0,0.4,150,0
0.65,-0.45,1.0,0.4,210,0
0.65,-0.45,1.0,0.4,120,0
0.65,-0.45,1.0,0.4,240,0
0.65,-0.45,1.0,0.5,0,1
0.65,-0.45,1.0,0.5,180,0
0.65,-0.45,1.0,0.5,90,0
0.65,-0.45,1.0,0.5,270,1
0.65,-0.45,1.0,0.5,30,0
0.65,-0.45,1.0,0.5,330,1
0.65,-0.45,1.0,0.5,60,0
0.65,-0.45,1.0,0.5,300,0
0.65,-0.45,1.0,0.5,150,0
0.65,-0.45,1.0,0.5,210,0
0.65,-0.45,1.0,0.5,120,0
0.65,-0.45,1.0,0.5,240,0
0.65,-0.45,1.0,0.6,0,1
0.65,-0.45,1.0,0.6,180,0
0.65,-0.45,1.0,0.6,90,0
0.65,-0.45,1.0,0.6,270,1
0.65,-0.45,1.0,0.6,30,0
0.65,-0.45,1.0,0.6,330,1
0.65,-0.45,1.0,0.6,60,0
0.65,-0.45,1.0,0.6,300,1
0.65,-0.45,1.0,0.6,150,0
0.65,-0.45,1.0,0.6,210,0
0.65,-0.45,1.0,0.6,120,0
0.65,-0.45,1.0,0.6,240,0
0.65,-0.4,0.65,0.4,0,1
0.65,-0.4,0.65,0.4,180,0
0.65,-0.4,0.65,0.4,90,0
0.65,-0.4,0.65,0.4,270,1
0.65,-0.4,0.65,0.4,30,1
0.65,-0.4,0.65,0.4,330,1
0.65,-0.4,0.65,0.4,60,0
0.65,-0.4,0.65,0.4,300,1
0.65,-0.4,0.65,0.4,150,0
0.65,-0.4,0.65,0.4,210,0
0.65,-0.4,0.65,0.4,120,0
0.65,-0.4,0.65,0.4,240,1
0.65,-0.4,0.65,0.5,0,1
0.65,-0.4,0.65,0.5,180,0
0.65,-0.4,0.65,0.5,90,0
0.65,-0.4,0.65,0.5,270,1
0.65,-0.4,0.65,0.5,30,1
0.65,-0.4,0.65,0.5,330,1
0.65,-0.4,0.65,0.5,60,0
0.65,-0.4,0.65,0.5,300,1
0.65,-0.4,0.65,0.5,150,0
0.65,-0.4,0.65,0.5,210,0
0.65,-0.4,0.65,0.5,120,0
0.65,-0.4,0.65,0.5,240,1
0.65,-0.4,0.65,0.6,0,1
0.65,-0.4,0.65,0.6,180,0
0.65,-0.4,0.65,0.6,90,0
0.65,-0.4,0.65,0.6,270,0
0.65,-0.4,0.65,0.6,30,0
0.65,-0.4,0.65,0.6,330,1
0.65,-0.4,0.65,0.6,60,0
0.65,-0.4,0.65,0.6,300,1
0.65,-0.4,0.65,0.6,150,0
0.65,-0.4,0.65,0.6,210,0
0.65,-0.4,0.65,0.6,120,0
0.65,-0.4,0.65,0.6,240,1
0.65,-0.4,0.7,0.4,0,1
0.65,-0.4,0.7,0.4,180,0
0.65,-0.4,0.7,0.4,90,0
0.65,-0.4,0.7,0.4,270,0
0.65,-0.4,0.7,0.4,30,1
0.65,-0.4,0.7,0.4,330,1
0.65,-0.4,0.7,0.4,60,0
0.65,-0.4,0.7,0.4,300,1
0.65,-0.4,0.7,0.4,150,0
0.65,-0.4,0.7,0.4,210,0
0.65,-0.4,0.7,0.4,120,0
0.65,-0.4,0.7,0.4,240,1
0.65,-0.4,0.7,0.5,0,1
0.65,-0.4,0.7,0.5,180,0
0.65,-0.4,0.7,0.5,90,0
0.65,-0.4,0.7,0.5,270,1
0.65,-0.4,0.7,0.5,30,1
0.65,-0.4,0.7,0.5,330,1
0.65,-0.4,0.7,0.5,60,0
0.65,-0.4,0.7,0.5,300,1
0.65,-0.4,0.7,0.5,150,0
0.65,-0.4,0.7,0.5,210,0
0.65,-0.4,0.7,0.5,120,0
0.65,-0.4,0.7,0.5,240,1
0.65,-0.4,0.7,0.6,0,1
0.65,-0.4,0.7,0.6,180,0
0.65,-0.4,0.7,0.6,90,0
0.65,-0.4,0.7,0.6,270,1
0.65,-0.4,0.7,0.6,30,0
0.65,-0.4,0.7,0.6,330,1
0.65,-0.4,0.7,0.6,60,0
0.65,-0.4,0.7,0.6,300,1
0.65,-0.4,0.7,0.6,150,0
0.65,-0.4,0.7,0.6,210,0
0.65,-0.4,0.7,0.6,120,0
0.65,-0.4,0.7,0.6,240,1
0.65,-0.4,0.75,0.4,0,1
0.65,-0.4,0.75,0.4,180,0
0.65,-0.4,0.75,0.4,90,0
0.65,-0.4,0.75,0.4,270,1
0.65,-0.4,0.75,0.4,30,1
0.65,-0.4,0.75,0.4,330,1
0.65,-0.4,0.75,0.4,60,0
0.65,-0.4,0.75,0.4,300,0
0.65,-0.4,0.75,0.4,150,0
0.65,-0.4,0.75,0.4,210,0
0.65,-0.4,0.75,0.4,120,0
0.65,-0.4,0.75,0.4,240,1
0.65,-0.4,0.75,0.5,0,1
0.65,-0.4,0.75,0.5,180,0
0.65,-0.4,0.75,0.5,90,0
0.65,-0.4,0.75,0.5,270,1
0.65,-0.4,0.75,0.5,30,1
0.65,-0.4,0.75,0.5,330,1
0.65,-0.4,0.75,0.5,60,0
0.65,-0.4,0.75,0.5,300,1
0.65,-0.4,0.75,0.5,150,0
0.65,-0.4,0.75,0.5,210,0
0.65,-0.4,0.75,0.5,120,0
0.65,-0.4,0.75,0.5,240,1
0.65,-0.4,0.75,0.6,0,1
0.65,-0.4,0.75,0.6,180,0
0.65,-0.4,0.75,0.6,90,0
0.65,-0.4,0.75,0.6,270,0
0.65,-0.4,0.75,0.6,30,0
0.65,-0.4,0.75,0.6,330,1
0.65,-0.4,0.75,0.6,60,0
0.65,-0.4,0.75,0.6,300,1
0.65,-0.4,0.75,0.6,150,0
0.65,-0.4,0.75,0.6,210,0
0.65,-0.4,0.75,0.6,120,0
0.65,-0.4,0.75,0.6,240,1
0.65,-0.4,0.8,0.4,0,1
0.65,-0.4,0.8,0.4,180,0
0.65,-0.4,0.8,0.4,90,0
0.65,-0.4,0.8,0.4,270,1
0.65,-0.4,0.8,0.4,30,1
0.65,-0.4,0.8,0.4,330,1
0.65,-0.4,0.8,0.4,60,0
0.65,-0.4,0.8,0.4,300,1
0.65,-0.4,0.8,0.4,150,0
0.65,-0.4,0.8,0.4,210,0
0.65,-0.4,0.8,0.4,120,0
0.65,-0.4,0.8,0.4,240,1
0.65,-0.4,0.8,0.5,0,1
0.65,-0.4,0.8,0.5,180,0
0.65,-0.4,0.8,0.5,90,0
0.65,-0.4,0.8,0.5,270,0
0.65,-0.4,0.8,0.5,30,1
0.65,-0.4,0.8,0.5,330,1
0.65,-0.4,0.8,0.5,60,0
0.65,-0.4,0.8,0.5,300,1
0.65,-0.4,0.8,0.5,150,0
0.65,-0.4,0.8,0.5,210,0
0.65,-0.4,0.8,0.5,120,0
0.65,-0.4,0.8,0.5,240,0
0.65,-0.4,0.8,0.6,0,1
0.65,-0.4,0.8,0.6,180,0
0.65,-0.4,0.8,0.6,90,0
0.65,-0.4,0.8,0.6,270,0
0.65,-0.4,0.8,0.6,30,0
0.65,-0.4,0.8,0.6,330,1
0.65,-0.4,0.8,0.6,60,0
0.65,-0.4,0.8,0.6,300,1
0.65,-0.4,0.8,0.6,150,0
0.65,-0.4,0.8,0.6,210,0
0.65,-0.4,0.8,0.6,120,0
0.65,-0.4,0.8,0.6,240,1
0.65,-0.4,0.85,0.4,0,1
0.65,-0.4,0.85,0.4,180,0
0.65,-0.4,0.85,0.4,90,0
0.65,-0.4,0.85,0.4,270,1
0.65,-0.4,0.85,0.4,30,1
0.65,-0.4,0.85,0.4,330,1
0.65,-0.4,0.85,0.4,60,0
0.65,-0.4,0.85,0.4,300,1
0.65,-0.4,0.85,0.4,150,0
0.65,-0.4,0.85,0.4,210,0
0.65,-0.4,0.85,0.4,120,0
0.65,-0.4,0.85,0.4,240,1
0.65,-0.4,0.85,0.5,0,1
0.65,-0.4,0.85,0.5,180,0
0.65,-0.4,0.85,0.5,90,0
0.65,-0.4,0.85,0.5,270,1
0.65,-0.4,0.85,0.5,30,0
0.65,-0.4,0.85,0.5,330,1
0.65,-0.4,0.85,0.5,60,0
0.65,-0.4,0.85,0.5,300,1
0.65,-0.4,0.85,0.5,150,0
0.65,-0.4,0.85,0.5,210,0
0.65,-0.4,0.85,0.5,120,0
0.65,-0.4,0.85,0.5,240,1
0.65,-0.4,0.85,0.6,0,1
0.65,-0.4,0.85,0.6,180,0
0.65,-0.4,0.85,0.6,90,0
0.65,-0.4,0.85,0.6,270,1
0.65,-0.4,0.85,0.6,30,0
0.65,-0.4,0.85,0.6,330,1
0.65,-0.4,0.85,0.6,60,0
0.65,-0.4,0.85,0.6,300,1
0.65,-0.4,0.85,0.6,150,0
0.65,-0.4,0.85,0.6,210,0
0.65,-0.4,0.85,0.6,120,0
0.65,-0.4,0.85,0.6,240,1
0.65,-0.4,0.9,0.4,0,1
0.65,-0.4,0.9,0.4,180,0
0.65,-0.4,0.9,0.4,90,0
0.65,-0.4,0.9,0.4,270,0
0.65,-0.4,0.9,0.4,30,1
0.65,-0.4,0.9,0.4,330,1
0.65,-0.4,0.9,0.4,60,0
0.65,-0.4,0.9,0.4,300,1
0.65,-0.4,0.9,0.4,150,0
0.65,-0.4,0.9,0.4,210,0
0.65,-0.4,0.9,0.4,120,0
0.65,-0.4,0.9,0.4,240,0
0.65,-0.4,0.9,0.5,0,1
0.65,-0.4,0.9,0.5,180,0
0.65,-0.4,0.9,0.5,90,0
0.65,-0.4,0.9,0.5,270,1
0.65,-0.4,0.9,0.5,30,0
0.65,-0.4,0.9,0.5,330,1
0.65,-0.4,0.9,0.5,60,0
0.65,-0.4,0.9,0.5,300,1
0.65,-0.4,0.9,0.5,150,0
0.65,-0.4,0.9,0.5,210,0
0.65,-0.4,0.9,0.5,120,0
0.65,-0.4,0.9,0.5,240,0
0.65,-0.4,0.9,0.6,0,1
0.65,-0.4,0.9,0.6,180,0
0.65,-0.4,0.9,0.6,90,0
0.65,-0.4,0.9,0.6,270,0
0.65,-0.4,0.9,0.6,30,0
0.65,-0.4,0.9,0.6,330,1
0.65,-0.4,0.9,0.6,60,0
0.65,-0.4,0.9,0.6,300,1
0.65,-0.4,0.9,0.6,150,0
0.65,-0.4,0.9,0.6,210,0
0.65,-0.4,0.9,0.6,120,0
0.65,-0.4,0.9,0.6,240,0
0.65,-0.4,0.95,0.4,0,1
0.65,-0.4,0.95,0.4,180,0
0.65,-0.4,0.95,0.4,90,0
0.65,-0.4,0.95,0.4,270,1
0.65,-0.4,0.95,0.4,30,1
0.65,-0.4,0.95,0.4,330,1
0.65,-0.4,0.95,0.4,60,0
0.65,-0.4,0.95,0.4,300,1
0.65,-0.4,0.95,0.4,150,0
0.65,-0.4,0.95,0.4,210,0
0.65,-0.4,0.95,0.4,120,0
0.65,-0.4,0.95,0.4,240,0
0.65,-0.4,0.95,0.5,0,1
0.65,-0.4,0.95,0.5,180,0
0.65,-0.4,0.95,0.5,90,0
0.65,-0.4,0.95,0.5,270,1
0.65,-0.4,0.95,0.5,30,0
0.65,-0.4,0.95,0.5,330,1
0.65,-0.4,0.95,0.5,60,0
0.65,-0.4,0.95,0.5,300,1
0.65,-0.4,0.95,0.5,150,0
0.65,-0.4,0.95,0.5,210,0
0.65,-0.4,0.95,0.5,120,0
0.65,-0.4,0.95,0.5,240,0
0.65,-0.4,0.95,0.6,0,1
0.65,-0.4,0.95,0.6,180,0
0.65,-0.4,0.95,0.6,90,0
0.65,-0.4,0.95,0.6,270,1
0.65,-0.4,0.95,0.6,30,0
0.65,-0.4,0.95,0.6,330,1
0.65,-0.4,0.95,0.6,60,0
0.65,-0.4,0.95,0.6,300,1
0.65,-0.4,0.95,0.6,150,0
0.65,-0.4,0.95,0.6,210,0
0.65,-0.4,0.95,0.6,120,0
0.65,-0.4,0.95,0.6,240,0
0.65,-0.4,1.0,0.4,0,1
0.65,-0.4,1.0,0.4,180,0
0.65,-0.4,1.0,0.4,90,0
0.65,-0.4,1.0,0.4,270,1
0.65,-0.4,1.0,0.4,30,0
0.65,-0.4,1.0,0.4,330,1
0.65,-0.4,1.0,0.4,60,0
0.65,-0.4,1.0,0.4,300,1
0.65,-0.4,1.0,0.4,150,0
0.65,-0.4,1.0,0.4,210,0
0.65,-0.4,1.0,0.4,120,0
0.65,-0.4,1.0,0.4,240,0
0.65,-0.4,1.0,0.5,0,1
0.65,-0.4,1.0,0.5,180,0
0.65,-0.4,1.0,0.5,90,0
0.65,-0.4,1.0,0.5,270,1
0.65,-0.4,1.0,0.5,30,0
0.65,-0.4,1.0,0.5,330,1
0.65,-0.4,1.0,0.5,60,0
0.65,-0.4,1.0,0.5,300,1
0.65,-0.4,1.0,0.5,150,0
0.65,-0.4,1.0,0.5,210,0
0.65,-0.4,1.0,0.5,120,0
0.65,-0.4,1.0,0.5,240,0
0.65,-0.4,1.0,0.6,0,1
0.65,-0.4,1.0,0.6,180,0
0.65,-0.4,1.0,0.6,90,0
0.65,-0.4,1.0,0.6,270,1
0.65,-0.4,1.0,0.6,30,0
0.65,-0.4,1.0,0.6,330,1
0.65,-0.4,1.0,0.6,60,0
0.65,-0.4,1.0,0.6,300,1
0.65,-0.4,1.0,0.6,150,0
0.65,-0.4,1.0,0.6,210,0
0.65,-0.4,1.0,0.6,120,0
0.65,-0.4,1.0,0.6,240,0
0.65,-0.35,0.65,0.4,0,1
0.65,-0.35,0.65,0.4,180,0
0.65,-0.35,0.65,0.4,90,0
0.65,-0.35,0.65,0.4,270,1
0.65,-0.35,0.65,0.4,30,1
0.65,-0.35,0.65,0.4,330,1
0.65,-0.35,0.65,0.4,60,0
0.65,-0.35,0.65,0.4,300,1
0.65,-0.35,0.65,0.4,150,0
0.65,-0.35,0.65,0.4,210,0
0.65,-0.35,0.65,0.4,120,0
0.65,-0.35,0.65,0.4,240,1
0.65,-0.35,0.65,0.5,0,1
0.65,-0.35,0.65,0.5,180,0
0.65,-0.35,0.65,0.5,90,0
0.65,-0.35,0.65,0.5,270,1
0.65,-0.35,0.65,0.5,30,1
0.65,-0.35,0.65,0.5,330,1
0.65,-0.35,0.65,0.5,60,0
0.65,-0.35,0.65,0.5,300,1
0.65,-0.35,0.65,0.5,150,0
0.65,-0.35,0.65,0.5,210,0
0.65,-0.35,0.65,0.5,120,0
0.65,-0.35,0.65,0.5,240,1
0.65,-0.35,0.65,0.6,0,1
0.65,-0.35,0.65,0.6,180,0
0.65,-0.35,0.65,0.6,90,0
0.65,-0.35,0.65,0.6,270,0
0.65,-0.35,0.65,0.6,30,0
0.65,-0.35,0.65,0.6,330,1
0.65,-0.35,0.65,0.6,60,0
0.65,-0.35,0.65,0.6,300,1
0.65,-0.35,0.65,0.6,150,0
0.65,-0.35,0.65,0.6,210,0
0.65,-0.35,0.65,0.6,120,0
0.65,-0.35,0.65,0.6,240,1
0.65,-0.35,0.7,0.4,0,1
0.65,-0.35,0.7,0.4,180,0
0.65,-0.35,0.7,0.4,90,0
0.65,-0.35,0.7,0.4,270,0
0.65,-0.35,0.7,0.4,30,1
0.65,-0.35,0.7,0.4,330,1
0.65,-0.35,0.7,0.4,60,0
0.65,-0.35,0.7,0.4,300,1
0.65,-0.35,0.7,0.4,150,0
0.65,-0.35,0.7,0.4,210,0
0.65,-0.35,0.7,0.4,120,0
0.65,-0.35,0.7,0.4,240,1
0.65,-0.35,0.7,0.5,0,1
0.65,-0.35,0.7,0.5,180,0
0.65,-0.35,0.7,0.5,90,0
0.65,-0.35,0.7,0.5,270,1
0.65,-0.35,0.7,0.5,30,1
0.65,-0.35,0.7,0.5,330,1
0.65,-0.35,0.7,0.5,60,0
0.65,-0.35,0.7,0.5,300,1
0.65,-0.35,0.7,0.5,150,0
0.65,-0.35,0.7,0.5,210,0
0.65,-0.35,0.7,0.5,120,0
0.65,-0.35,0.7,0.5,240,1
0.65,-0.35,0.7,0.6,0,1
0.65,-0.35,0.7,0.6,180,0
0.65,-0.35,0.7,0.6,90,0
0.65,-0.35,0.7,0.6,270,0
0.65,-0.35,0.7,0.6,30,0
0.65,-0.35,0.7,0.6,330,1
0.65,-0.35,0.7,0.6,60,0
0.65,-0.35,0.7,0.6,300,1
0.65,-0.35,0.7,0.6,150,0
0.65,-0.35,0.7,0.6,210,0
0.65,-0.35,0.7,0.6,120,0
0.65,-0.35,0.7,0.6,240,1
0.65,-0.35,0.75,0.4,0,1
0.65,-0.35,0.75,0.4,180,0
0.65,-0.35,0.75,0.4,90,0
0.65,-0.35,0.75,0.4,270,1
0.65,-0.35,0.75,0.4,30,1
0.65,-0.35,0.75,0.4,330,1
0.65,-0.35,0.75,0.4,60,0
0.65,-0.35,0.75,0.4,300,1
0.65,-0.35,0.75,0.4,150,0
0.65,-0.35,0.75,0.4,210,0
0.65,-0.35,0.75,0.4,120,0
0.65,-0.35,0.75,0.4,240,0
0.65,-0.35,0.75,0.5,0,1
0.65,-0.35,0.75,0.5,180,0
0.65,-0.35,0.75,0.5,90,0
0.65,-0.35,0.75,0.5,270,0
0.65,-0.35,0.75,0.5,30,1
0.65,-0.35,0.75,0.5,330,1
0.65,-0.35,0.75,0.5,60,0
0.65,-0.35,0.75,0.5,300,1
0.65,-0.35,0.75,0.5,150,0
0.65,-0.35,0.75,0.5,210,0
0.65,-0.35,0.75,0.5,120,0
0.65,-0.35,0.75,0.5,240,1
0.65,-0.35,0.75,0.6,0,1
0.65,-0.35,0.75,0.6,180,0
0.65,-0.35,0.75,0.6,90,0
0.65,-0.35,0.75,0.6,270,0
0.65,-0.35,0.75,0.6,30,0
0.65,-0.35,0.75,0.6,330,1
0.65,-0.35,0.75,0.6,60,0
0.65,-0.35,0.75,0.6,300,1
0.65,-0.35,0.75,0.6,150,0
0.65,-0.35,0.75,0.6,210,0
0.65,-0.35,0.75,0.6,120,0
0.65,-0.35,0.75,0.6,240,1
0.65,-0.35,0.8,0.4,0,1
0.65,-0.35,0.8,0.4,180,0
0.65,-0.35,0.8,0.4,90,0
0.65,-0.35,0.8,0.4,270,1
0.65,-0.35,0.8,0.4,30,1
0.65,-0.35,0.8,0.4,330,1
0.65,-0.35,0.8,0.4,60,0
0.65,-0.35,0.8,0.4,300,1
0.65,-0.35,0.8,0.4,150,0
0.65,-0.35,0.8,0.4,210,0
0.65,-0.35,0.8,0.4,120,0
0.65,-0.35,0.8,0.4,240,1
0.65,-0.35,0.8,0.5,0,1
0.65,-0.35,0.8,0.5,180,0
0.65,-0.35,0.8,0.5,90,0
0.65,-0.35,0.8,0.5,270,0
0.65,-0.35,0.8,0.5,30,1
0.65,-0.35,0.8,0.5,330,1
0.65,-0.35,0.8,0.5,60,0
0.65,-0.35,0.8,0.5,300,0
0.65,-0.35,0.8,0.5,150,0
0.65,-0.35,0.8,0.5,210,0
0.65,-0.35,0.8,0.5,120,0
0.65,-0.35,0.8,0.5,240,1
0.65,-0.35,0.8,0.6,0,1
0.65,-0.35,0.8,0.6,180,0
0.65,-0.35,0.8,0.6,90,0
0.65,-0.35,0.8,0.6,270,1
0.65,-0.35,0.8,0.6,30,0
0.65,-0.35,0.8,0.6,330,1
0.65,-0.35,0.8,0.6,60,0
0.65,-0.35,0.8,0.6,300,1
0.65,-0.35,0.8,0.6,150,0
0.65,-0.35,0.8,0.6,210,0
0.65,-0.35,0.8,0.6,120,0
0.65,-0.35,0.8,0.6,240,1
0.65,-0.35,0.85,0.4,0,1
0.65,-0.35,0.85,0.4,180,0
0.65,-0.35,0.85,0.4,90,0
0.65,-0.35,0.85,0.4,270,1
0.65,-0.35,0.85,0.4,30,1
0.65,-0.35,0.85,0.4,330,1
0.65,-0.35,0.85,0.4,60,0
0.65,-0.35,0.85,0.4,300,1
0.65,-0.35,0.85,0.4,150,0
0.65,-0.35,0.85,0.4,210,0
0.65,-0.35,0.85,0.4,120,0
0.65,-0.35,0.85,0.4,240,1
0.65,-0.35,0.85,0.5,0,1
0.65,-0.35,0.85,0.5,180,0
0.65,-0.35,0.85,0.5,90,0
0.65,-0.35,0.85,0.5,270,1
0.65,-0.35,0.85,0.5,30,0
0.65,-0.35,0.85,0.5,330,1
0.65,-0.35,0.85,0.5,60,0
0.65,-0.35,0.85,0.5,300,1
0.65,-0.35,0.85,0.5,150,0
0.65,-0.35,0.85,0.5,210,0
0.65,-0.35,0.85,0.5,120,0
0.65,-0.35,0.85,0.5,240,1
0.65,-0.35,0.85,0.6,0,1
0.65,-0.35,0.85,0.6,180,0
0.65,-0.35,0.85,0.6,90,0
0.65,-0.35,0.85,0.6,270,1
0.65,-0.35,0.85,0.6,30,0
0.65,-0.35,0.85,0.6,330,1
0.65,-0.35,0.85,0.6,60,0
0.65,-0.35,0.85,0.6,300,1
0.65,-0.35,0.85,0.6,150,0
0.65,-0.35,0.85,0.6,210,0
0.65,-0.35,0.85,0.6,120,0
0.65,-0.35,0.85,0.6,240,1
0.65,-0.35,0.9,0.4,0,1
0.65,-0.35,0.9,0.4,180,0
0.65,-0.35,0.9,0.4,90,0
0.65,-0.35,0.9,0.4,270,0
0.65,-0.35,0.9,0.4,30,1
0.65,-0.35,0.9,0.4,330,1
0.65,-0.35,0.9,0.4,60,0
0.65,-0.35,0.9,0.4,300,1
0.65,-0.35,0.9,0.4,150,0
0.65,-0.35,0.9,0.4,210,0
0.65,-0.35,0.9,0.4,120,0
0.65,-0.35,0.9,0.4,240,0
0.65,-0.35,0.9,0.5,0,1
0.65,-0.35,0.9,0.5,180,0
0.65,-0.35,0.9,0.5,90,0
0.65,-0.35,0.9,0.5,270,0
0.65,-0.35,0.9,0.5,30,0
0.65,-0.35,0.9,0.5,330,1
0.65,-0.35,0.9,0.5,60,0
0.65,-0.35,0.9,0.5,300,1
0.65,-0.35,0.9,0.5,150,0
0.65,-0.35,0.9,0.5,210,0
0.65,-0.35,0.9,0.5,120,0
0.65,-0.35,0.9,0.5,240,1
0.65,-0.35,0.9,0.6,0,1
0.65,-0.35,0.9,0.6,180,0
0.65,-0.35,0.9,0.6,90,0
0.65,-0.35,0.9,0.6,270,1
0.65,-0.35,0.9,0.6,30,0
0.65,-0.35,0.9,0.6,330,1
0.65,-0.35,0.9,0.6,60,0
0.65,-0.35,0.9,0.6,300,1
0.65,-0.35,0.9,0.6,150,0
0.65,-0.35,0.9,0.6,210,0
0.65,-0.35,0.9,0.6,120,0
0.65,-0.35,0.9,0.6,240,1
0.65,-0.35,0.95,0.4,0,1
0.65,-0.35,0.95,0.4,180,0
0.65,-0.35,0.95,0.4,90,0
0.65,-0.35,0.95,0.4,270,1
0.65,-0.35,0.95,0.4,30,1
0.65,-0.35,0.95,0.4,330,1
0.65,-0.35,0.95,0.4,60,0
0.65,-0.35,0.95,0.4,300,1
0.65,-0.35,0.95,0.4,150,0
0.65,-0.35,0.95,0.4,210,0
0.65,-0.35,0.95,0.4,120,0
0.65,-0.35,0.95,0.4,240,1
0.65,-0.35,0.95,0.5,0,1
0.65,-0.35,0.95,0.5,180,0
0.65,-0.35,0.95,0.5,90,0
0.65,-0.35,0.95,0.5,270,1
0.65,-0.35,0.95,0.5,30,0
0.65,-0.35,0.95,0.5,330,1
0.65,-0.35,0.95,0.5,60,0
0.65,-0.35,0.95,0.5,300,0
0.65,-0.35,0.95,0.5,150,0
0.65,-0.35,0.95,0.5,210,0
0.65,-0.35,0.95,0.5,120,0
0.65,-0.35,0.95,0.5,240,1
0.65,-0.35,0.95,0.6,0,1
0.65,-0.35,0.95,0.6,180,0
0.65,-0.35,0.95,0.6,90,0
0.65,-0.35,0.95,0.6,270,0
0.65,-0.35,0.95,0.6,30,0
0.65,-0.35,0.95,0.6,330,1
0.65,-0.35,0.95,0.6,60,0
0.65,-0.35,0.95,0.6,300,1
0.65,-0.35,0.95,0.6,150,0
0.65,-0.35,0.95,0.6,210,0
0.65,-0.35,0.95,0.6,120,0
0.65,-0.35,0.95,0.6,240,0
0.65,-0.35,1.0,0.4,0,1
0.65,-0.35,1.0,0.4,180,0
0.65,-0.35,1.0,0.4,90,0
0.65,-0.35,1.0,0.4,270,1
0.65,-0.35,1.0,0.4,30,0
0.65,-0.35,1.0,0.4,330,1
0.65,-0.35,1.0,0.4,60,0
0.65,-0.35,1.0,0.4,300,1
0.65,-0.35,1.0,0.4,150,0
0.65,-0.35,1.0,0.4,210,0
0.65,-0.35,1.0,0.4,120,0
0.65,-0.35,1.0,0.4,240,1
0.65,-0.35,1.0,0.5,0,1
0.65,-0.35,1.0,0.5,180,0
0.65,-0.35,1.0,0.5,90,0
0.65,-0.35,1.0,0.5,270,1
0.65,-0.35,1.0,0.5,30,0
0.65,-0.35,1.0,0.5,330,1
0.65,-0.35,1.0,0.5,60,0
0.65,-0.35,1.0,0.5,300,1
0.65,-0.35,1.0,0.5,150,0
0.65,-0.35,1.0,0.5,210,0
0.65,-0.35,1.0,0.5,120,0
0.65,-0.35,1.0,0.5,240,1
0.65,-0.35,1.0,0.6,0,1
0.65,-0.35,1.0,0.6,180,0
0.65,-0.35,1.0,0.6,90,0
0.65,-0.35,1.0,0.6,270,1
0.65,-0.35,1.0,0.6,30,0
0.65,-0.35,1.0,0.6,330,1
0.65,-0.35,1.0,0.6,60,0
0.65,-0.35,1.0,0.6,300,1
0.65,-0.35,1.0,0.6,150,0
0.65,-0.35,1.0,0.6,210,0
0.65,-0.35,1.0,0.6,120,0
0.65,-0.35,1.0,0.6,240,0
0.65,-0.3,0.65,0.4,0,1
0.65,-0.3,0.65,0.4,180,0
0.65,-0.3,0.65,0.4,90,0
0.65,-0.3,0.65,0.4,270,1
0.65,-0.3,0.65,0.4,30,1
0.65,-0.3,0.65,0.4,330,1
0.65,-0.3,0.65,0.4,60,0
0.65,-0.3,0.65,0.4,300,1
0.65,-0.3,0.65,0.4,150,0
0.65,-0.3,0.65,0.4,210,0
0.65,-0.3,0.65,0.4,120,0
0.65,-0.3,0.65,0.4,240,1
0.65,-0.3,0.65,0.5,0,1
0.65,-0.3,0.65,0.5,180,0
0.65,-0.3,0.65,0.5,90,0
0.65,-0.3,0.65,0.5,270,1
0.65,-0.3,0.65,0.5,30,1
0.65,-0.3,0.65,0.5,330,1
0.65,-0.3,0.65,0.5,60,0
0.65,-0.3,0.65,0.5,300,1
0.65,-0.3,0.65,0.5,150,0
0.65,-0.3,0.65,0.5,210,0
0.65,-0.3,0.65,0.5,120,0
0.65,-0.3,0.65,0.5,240,1
0.65,-0.3,0.65,0.6,0,1
0.65,-0.3,0.65,0.6,180,0
0.65,-0.3,0.65,0.6,90,0
0.65,-0.3,0.65,0.6,270,1
0.65,-0.3,0.65,0.6,30,0
0.65,-0.3,0.65,0.6,330,1
0.65,-0.3,0.65,0.6,60,0
0.65,-0.3,0.65,0.6,300,0
0.65,-0.3,0.65,0.6,150,0
0.65,-0.3,0.65,0.6,210,0
0.65,-0.3,0.65,0.6,120,0
0.65,-0.3,0.65,0.6,240,1
0.65,-0.3,0.7,0.4,0,1
0.65,-0.3,0.7,0.4,180,0
0.65,-0.3,0.7,0.4,90,0
0.65,-0.3,0.7,0.4,270,1
0.65,-0.3,0.7,0.4,30,1
0.65,-0.3,0.7,0.4,330,1
0.65,-0.3,0.7,0.4,60,0
0.65,-0.3,0.7,0.4,300,1
0.65,-0.3,0.7,0.4,150,0
0.65,-0.3,0.7,0.4,210,0
0.65,-0.3,0.7,0.4,120,0
0.65,-0.3,0.7,0.4,240,1
0.65,-0.3,0.7,0.5,0,1
0.65,-0.3,0.7,0.5,180,0
0.65,-0.3,0.7,0.5,90,0
0.65,-0.3,0.7,0.5,270,1
0.65,-0.3,0.7,0.5,30,1
0.65,-0.3,0.7,0.5,330,1
0.65,-0.3,0.7,0.5,60,0
0.65,-0.3,0.7,0.5,300,1
0.65,-0.3,0.7,0.5,150,0
0.65,-0.3,0.7,0.5,210,0
0.65,-0.3,0.7,0.5,120,0
0.65,-0.3,0.7,0.5,240,1
0.65,-0.3,0.7,0.6,0,1
0.65,-0.3,0.7,0.6,180,0
0.65,-0.3,0.7,0.6,90,0
0.65,-0.3,0.7,0.6,270,1
0.65,-0.3,0.7,0.6,30,0
0.65,-0.3,0.7,0.6,330,1
0.65,-0.3,0.7,0.6,60,0
0.65,-0.3,0.7,0.6,300,0
0.65,-0.3,0.7,0.6,150,0
0.65,-0.3,0.7,0.6,210,0
0.65,-0.3,0.7,0.6,120,0
0.65,-0.3,0.7,0.6,240,1
0.65,-0.3,0.75,0.4,0,1
0.65,-0.3,0.75,0.4,180,0
0.65,-0.3,0.75,0.4,90,0
0.65,-0.3,0.75,0.4,270,0
0.65,-0.3,0.75,0.4,30,1
0.65,-0.3,0.75,0.4,330,1
0.65,-0.3,0.75,0.4,60,0
0.65,-0.3,0.75,0.4,300,1
0.65,-0.3,0.75,0.4,150,0
0.65,-0.3,0.75,0.4,210,0
0.65,-0.3,0.75,0.4,120,0
0.65,-0.3,0.75,0.4,240,1
0.65,-0.3,0.75,0.5,0,1
0.65,-0.3,0.75,0.5,180,0
0.65,-0.3,0.75,0.5,90,0
0.65,-0.3,0.75,0.5,270,1
0.65,-0.3,0.75,0.5,30,1
0.65,-0.3,0.75,0.5,330,1
0.65,-0.3,0.75,0.5,60,0
0.65,-0.3,0.75,0.5,300,1
0.65,-0.3,0.75,0.5,150,0
0.65,-0.3,0.75,0.5,210,0
0.65,-0.3,0.75,0.5,120,0
0.65,-0.3,0.75,0.5,240,0
0.65,-0.3,0.75,0.6,0,1
0.65,-0.3,0.75,0.6,180,0
0.65,-0.3,0.75,0.6,90,0
0.65,-0.3,0.75,0.6,270,1
0.65,-0.3,0.75,0.6,30,0
0.65,-0.3,0.75,0.6,330,1
0.65,-0.3,0.75,0.6,60,0
0.65,-0.3,0.75,0.6,300,0
0.65,-0.3,0.75,0.6,150,0
0.65,-0.3,0.75,0.6,210,0
0.65,-0.3,0.75,0.6,120,0
0.65,-0.3,0.75,0.6,240,1
0.65,-0.3,0.8,0.4,0,1
0.65,-0.3,0.8,0.4,180,0
0.65,-0.3,0.8,0.4,90,0
0.65,-0.3,0.8,0.4,270,0
0.65,-0.3,0.8,0.4,30,1
0.65,-0.3,0.8,0.4,330,1
0.65,-0.3,0.8,0.4,60,0
0.65,-0.3,0.8,0.4,300,1
0.65,-0.3,0.8,0.4,150,0
0.65,-0.3,0.8,0.4,210,0
0.65,-0.3,0.8,0.4,120,0
0.65,-0.3,0.8,0.4,240,1
0.65,-0.3,0.8,0.5,0,1
0.65,-0.3,0.8,0.5,180,0
0.65,-0.3,0.8,0.5,90,0
0.65,-0.3,0.8,0.5,270,1
0.65,-0.3,0.8,0.5,30,0
0.65,-0.3,0.8,0.5,330,1
0.65,-0.3,0.8,0.5,60,0
0.65,-0.3,0.8,0.5,300,1
0.65,-0.3,0.8,0.5,150,0
0.65,-0.3,0.8,0.5,210,0
0.65,-0.3,0.8,0.5,120,0
0.65,-0.3,0.8,0.5,240,1
0.65,-0.3,0.8,0.6,0,1
0.65,-0.3,0.8,0.6,180,0
0.65,-0.3,0.8,0.6,90,0
0.65,-0.3,0.8,0.6,270,0
0.65,-0.3,0.8,0.6,30,0
0.65,-0.3,0.8,0.6,330,1
0.65,-0.3,0.8,0.6,60,0
0.65,-0.3,0.8,0.6,300,0
0.65,-0.3,0.8,0.6,150,0
0.65,-0.3,0.8,0.6,210,0
0.65,-0.3,0.8,0.6,120,0
0.65,-0.3,0.8,0.6,240,1
0.65,-0.3,0.85,0.4,0,1
0.65,-0.3,0.85,0.4,180,0
0.65,-0.3,0.85,0.4,90,0
0.65,-0.3,0.85,0.4,270,1
0.65,-0.3,0.85,0.4,30,1
0.65,-0.3,0.85,0.4,330,1
0.65,-0.3,0.85,0.4,60,0
0.65,-0.3,0.85,0.4,300,1
0.65,-0.3,0.85,0.4,150,0
0.65,-0.3,0.85,0.4,210,0
0.65,-0.3,0.85,0.4,120,0
0.65,-0.3,0.85,0.4,240,1
0.65,-0.3,0.85,0.5,0,1
0.65,-0.3,0.85,0.5,180,0
0.65,-0.3,0.85,0.5,90,0
0.65,-0.3,0.85,0.5,270,1
0.65,-0.3,0.85,0.5,30,0
0.65,-0.3,0.85,0.5,330,1
0.65,-0.3,0.85,0.5,60,0
0.65,-0.3,0.85,0.5,300,1
0.65,-0.3,0.85,0.5,150,0
0.65,-0.3,0.85,0.5,210,0
0.65,-0.3,0.85,0.5,120,0
0.65,-0.3,0.85,0.5,240,1
0.65,-0.3,0.85,0.6,0,1
0.65,-0.3,0.85,0.6,180,0
0.65,-0.3,0.85,0.6,90,0
0.65,-0.3,0.85,0.6,270,1
0.65,-0.3,0.85,0.6,30,0
0.65,-0.3,0.85,0.6,330,1
0.65,-0.3,0.85,0.6,60,0
0.65,-0.3,0.85,0.6,300,0
0.65,-0.3,0.85,0.6,150,0
0.65,-0.3,0.85,0.6,210,0
0.65,-0.3,0.85,0.6,120,0
0.65,-0.3,0.85,0.6,240,1
0.65,-0.3,0.9,0.4,0,1
0.65,-0.3,0.9,0.4,180,0
0.65,-0.3,0.9,0.4,90,0
0.65,-0.3,0.9,0.4,270,0
0.65,-0.3,0.9,0.4,30,1
0.65,-0.3,0.9,0.4,330,1
0.65,-0.3,0.9,0.4,60,0
0.65,-0.3,0.9,0.4,300,1
0.65,-0.3,0.9,0.4,150,0
0.65,-0.3,0.9,0.4,210,0
0.65,-0.3,0.9,0.4,120,0
0.65,-0.3,0.9,0.4,240,1
0.65,-0.3,0.9,0.5,0,1
0.65,-0.3,0.9,0.5,180,0
0.65,-0.3,0.9,0.5,90,0
0.65,-0.3,0.9,0.5,270,1
0.65,-0.3,0.9,0.5,30,0
0.65,-0.3,0.9,0.5,330,1
0.65,-0.3,0.9,0.5,60,0
0.65,-0.3,0.9,0.5,300,1
0.65,-0.3,0.9,0.5,150,0
0.65,-0.3,0.9,0.5,210,0
0.65,-0.3,0.9,0.5,120,0
0.65,-0.3,0.9,0.5,240,1
0.65,-0.3,0.9,0.6,0,1
0.65,-0.3,0.9,0.6,180,0
0.65,-0.3,0.9,0.6,90,0
0.65,-0.3,0.9,0.6,270,1
0.65,-0.3,0.9,0.6,30,0
0.65,-0.3,0.9,0.6,330,1
0.65,-0.3,0.9,0.6,60,0
0.65,-0.3,0.9,0.6,300,0
0.65,-0.3,0.9,0.6,150,0
0.65,-0.3,0.9,0.6,210,0
0.65,-0.3,0.9,0.6,120,0
0.65,-0.3,0.9,0.6,240,0
0.65,-0.3,0.95,0.4,0,1
0.65,-0.3,0.95,0.4,180,0
0.65,-0.3,0.95,0.4,90,0
0.65,-0.3,0.95,0.4,270,1
0.65,-0.3,0.95,0.4,30,1
0.65,-0.3,0.95,0.4,330,1
0.65,-0.3,0.95,0.4,60,0
0.65,-0.3,0.95,0.4,300,1
0.65,-0.3,0.95,0.4,150,0
0.65,-0.3,0.95,0.4,210,0
0.65,-0.3,0.95,0.4,120,0
0.65,-0.3,0.95,0.4,240,0
0.65,-0.3,0.95,0.5,0,1
0.65,-0.3,0.95,0.5,180,0
0.65,-0.3,0.95,0.5,90,0
0.65,-0.3,0.95,0.5,270,1
0.65,-0.3,0.95,0.5,30,0
0.65,-0.3,0.95,0.5,330,1
0.65,-0.3,0.95,0.5,60,0
0.65,-0.3,0.95,0.5,300,1
0.65,-0.3,0.95,0.5,150,0
0.65,-0.3,0.95,0.5,210,0
0.65,-0.3,0.95,0.5,120,0
0.65,-0.3,0.95,0.5,240,1
0.65,-0.3,0.95,0.6,0,1
0.65,-0.3,0.95,0.6,180,0
0.65,-0.3,0.95,0.6,90,0
0.65,-0.3,0.95,0.6,270,1
0.65,-0.3,0.95,0.6,30,0
0.65,-0.3,0.95,0.6,330,1
0.65,-0.3,0.95,0.6,60,0
0.65,-0.3,0.95,0.6,300,0
0.65,-0.3,0.95,0.6,150,0
0.65,-0.3,0.95,0.6,210,0
0.65,-0.3,0.95,0.6,120,0
0.65,-0.3,0.95,0.6,240,0
0.65,-0.3,1.0,0.4,0,1
0.65,-0.3,1.0,0.4,180,0
0.65,-0.3,1.0,0.4,90,0
0.65,-0.3,1.0,0.4,270,1
0.65,-0.3,1.0,0.4,30,0
0.65,-0.3,1.0,0.4,330,1
0.65,-0.3,1.0,0.4,60,0
0.65,-0.3,1.0,0.4,300,1
0.65,-0.3,1.0,0.4,150,0
0.65,-0.3,1.0,0.4,210,0
0.65,-0.3,1.0,0.4,120,0
0.65,-0.3,1.0,0.4,240,1
0.65,-0.3,1.0,0.5,0,1
0.65,-0.3,1.0,0.5,180,0
0.65,-0.3,1.0,0.5,90,0
0.65,-0.3,1.0,0.5,270,1
0.65,-0.3,1.0,0.5,30,0
0.65,-0.3,1.0,0.5,330,1
0.65,-0.3,1.0,0.5,60,0
0.65,-0.3,1.0,0.5,300,1
0.65,-0.3,1.0,0.5,150,0
0.65,-0.3,1.0,0.5,210,0
0.65,-0.3,1.0,0.5,120,0
0.65,-0.3,1.0,0.5,240,0
0.65,-0.3,1.0,0.6,0,1
0.65,-0.3,1.0,0.6,180,0
0.65,-0.3,1.0,0.6,90,0
0.65,-0.3,1.0,0.6,270,1
0.65,-0.3,1.0,0.6,30,0
0.65,-0.3,1.0,0.6,330,1
0.65,-0.3,1.0,0.6,60,0
0.65,-0.3,1.0,0.6,300,0
0.65,-0.3,1.0,0.6,150,0
0.65,-0.3,1.0,0.6,210,0
0.65,-0.3,1.0,0.6,120,0
0.65,-0.3,1.0,0.6,240,0
0.65,-0.25,0.65,0.4,0,1
0.65,-0.25,0.65,0.4,180,0
0.65,-0.25,0.65,0.4,90,0
0.65,-0.25,0.65,0.4,270,1
0.65,-0.25,0.65,0.4,30,1
0.65,-0.25,0.65,0.4,330,1
0.65,-0.25,0.65,0.4,60,0
0.65,-0.25,0.65,0.4,300,1
0.65,-0.25,0.65,0.4,150,0
0.65,-0.25,0.65,0.4,210,0
0.65,-0.25,0.65,0.4,120,0
0.65,-0.25,0.65,0.4,240,0
0.65,-0.25,0.65,0.5,0,1
0.65,-0.25,0.65,0.5,180,0
0.65,-0.25,0.65,0.5,90,0
0.65,-0.25,0.65,0.5,270,1
0.65,-0.25,0.65,0.5,30,0
0.65,-0.25,0.65,0.5,330,1
0.65,-0.25,0.65,0.5,60,0
0.65,-0.25,0.65,0.5,300,1
0.65,-0.25,0.65,0.5,150,0
0.65,-0.25,0.65,0.5,210,0
0.65,-0.25,0.65,0.5,120,0
0.65,-0.25,0.65,0.5,240,1
0.65,-0.25,0.65,0.6,0,1
0.65,-0.25,0.65,0.6,180,0
0.65,-0.25,0.65,0.6,90,0
0.65,-0.25,0.65,0.6,270,0
0.65,-0.25,0.65,0.6,30,0
0.65,-0.25,0.65,0.6,330,1
0.65,-0.25,0.65,0.6,60,0
0.65,-0.25,0.65,0.6,300,0
0.65,-0.25,0.65,0.6,150,0
0.65,-0.25,0.65,0.6,210,0
0.65,-0.25,0.65,0.6,120,0
0.65,-0.25,0.65,0.6,240,1
0.65,-0.25,0.7,0.4,0,1
0.65,-0.25,0.7,0.4,180,0
0.65,-0.25,0.7,0.4,90,0
0.65,-0.25,0.7,0.4,270,1
0.65,-0.25,0.7,0.4,30,1
0.65,-0.25,0.7,0.4,330,1
0.65,-0.25,0.7,0.4,60,0
0.65,-0.25,0.7,0.4,300,1
0.65,-0.25,0.7,0.4,150,0
0.65,-0.25,0.7,0.4,210,0
0.65,-0.25,0.7,0.4,120,0
0.65,-0.25,0.7,0.4,240,0
0.65,-0.25,0.7,0.5,0,1
0.65,-0.25,0.7,0.5,180,0
0.65,-0.25,0.7,0.5,90,0
0.65,-0.25,0.7,0.5,270,0
0.65,-0.25,0.7,0.5,30,0
0.65,-0.25,0.7,0.5,330,1
0.65,-0.25,0.7,0.5,60,0
0.65,-0.25,0.7,0.5,300,1
0.65,-0.25,0.7,0.5,150,0
0.65,-0.25,0.7,0.5,210,0
0.65,-0.25,0.7,0.5,120,0
0.65,-0.25,0.7,0.5,240,1
0.65,-0.25,0.7,0.6,0,1
0.65,-0.25,0.7,0.6,180,0
0.65,-0.25,0.7,0.6,90,0
0.65,-0.25,0.7,0.6,270,0
0.65,-0.25,0.7,0.6,30,0
0.65,-0.25,0.7,0.6,330,1
0.65,-0.25,0.7,0.6,60,0
0.65,-0.25,0.7,0.6,300,0
0.65,-0.25,0.7,0.6,150,0
0.65,-0.25,0.7,0.6,210,0
0.65,-0.25,0.7,0.6,120,0
0.65,-0.25,0.7,0.6,240,0
0.65,-0.25,0.75,0.4,0,1
0.65,-0.25,0.75,0.4,180,0
0.65,-0.25,0.75,0.4,90,0
0.65,-0.25,0.75,0.4,270,1
0.65,-0.25,0.75,0.4,30,1
0.65,-0.25,0.75,0.4,330,1
0.65,-0.25,0.75,0.4,60,0
0.65,-0.25,0.75,0.4,300,1
0.65,-0.25,0.75,0.4,150,0
0.65,-0.25,0.75,0.4,210,0
0.65,-0.25,0.75,0.4,120,0
0.65,-0.25,0.75,0.4,240,1
0.65,-0.25,0.75,0.5,0,1
0.65,-0.25,0.75,0.5,180,0
0.65,-0.25,0.75,0.5,90,0
0.65,-0.25,0.75,0.5,270,1
0.65,-0.25,0.75,0.5,30,0
0.65,-0.25,0.75,0.5,330,1
0.65,-0.25,0.75,0.5,60,0
0.65,-0.25,0.75,0.5,300,1
0.65,-0.25,0.75,0.5,150,0
0.65,-0.25,0.75,0.5,210,0
0.65,-0.25,0.75,0.5,120,0
0.65,-0.25,0.75,0.5,240,1
0.65,-0.25,0.75,0.6,0,1
0.65,-0.25,0.75,0.6,180,0
0.65,-0.25,0.75,0.6,90,0
0.65,-0.25,0.75,0.6,270,1
0.65,-0.25,0.75,0.6,30,0
0.65,-0.25,0.75,0.6,330,1
0.65,-0.25,0.75,0.6,60,0
0.65,-0.25,0.75,0.6,300,0
0.65,-0.25,0.75,0.6,150,0
0.65,-0.25,0.75,0.6,210,0
0.65,-0.25,0.75,0.6,120,0
0.65,-0.25,0.75,0.6,240,0
0.65,-0.25,0.8,0.4,0,1
0.65,-0.25,0.8,0.4,180,0
0.65,-0.25,0.8,0.4,90,0
0.65,-0.25,0.8,0.4,270,1
0.65,-0.25,0.8,0.4,30,1
0.65,-0.25,0.8,0.4,330,1
0.65,-0.25,0.8,0.4,60,0
0.65,-0.25,0.8,0.4,300,1
0.65,-0.25,0.8,0.4,150,0
0.65,-0.25,0.8,0.4,210,0
0.65,-0.25,0.8,0.4,120,0
0.65,-0.25,0.8,0.4,240,1
0.65,-0.25,0.8,0.5,0,1
0.65,-0.25,0.8,0.5,180,0
0.65,-0.25,0.8,0.5,90,0
0.65,-0.25,0.8,0.5,270,1
0.65,-0.25,0.8,0.5,30,0
0.65,-0.25,0.8,0.5,330,1
0.65,-0.25,0.8,0.5,60,0
0.65,-0.25,0.8,0.5,300,1
0.65,-0.25,0.8,0.5,150,0
0.65,-0.25,0.8,0.5,210,0
0.65,-0.25,0.8,0.5,120,0
0.65,-0.25,0.8,0.5,240,1
0.65,-0.25,0.8,0.6,0,1
0.65,-0.25,0.8,0.6,180,0
0.65,-0.25,0.8,0.6,90,0
0.65,-0.25,0.8,0.6,270,1
0.65,-0.25,0.8,0.6,30,0
0.65,-0.25,0.8,0.6,330,1
0.65,-0.25,0.8,0.6,60,0
0.65,-0.25,0.8,0.6,300,0
0.65,-0.25,0.8,0.6,150,0
0.65,-0.25,0.8,0.6,210,0
0.65,-0.25,0.8,0.6,120,0
0.65,-0.25,0.8,0.6,240,0
0.65,-0.25,0.85,0.4,0,1
0.65,-0.25,0.85,0.4,180,0
0.65,-0.25,0.85,0.4,90,0
0.65,-0.25,0.85,0.4,270,1
0.65,-0.25,0.85,0.4,30,1
0.65,-0.25,0.85,0.4,330,1
0.65,-0.25,0.85,0.4,60,0
0.65,-0.25,0.85,0.4,300,1
0.65,-0.25,0.85,0.4,150,0
0.65,-0.25,0.85,0.4,210,0
0.65,-0.25,0.85,0.4,120,0
0.65,-0.25,0.85,0.4,240,1
0.65,-0.25,0.85,0.5,0,1
0.65,-0.25,0.85,0.5,180,0
0.65,-0.25,0.85,0.5,90,0
0.65,-0.25,0.85,0.5,270,1
0.65,-0.25,0.85,0.5,30,0
0.65,-0.25,0.85,0.5,330,1
0.65,-0.25,0.85,0.5,60,0
0.65,-0.25,0.85,0.5,300,0
0.65,-0.25,0.85,0.5,150,0
0.65,-0.25,0.85,0.5,210,0
0.65,-0.25,0.85,0.5,120,0
0.65,-0.25,0.85,0.5,240,0
0.65,-0.25,0.85,0.6,0,1
0.65,-0.25,0.85,0.6,180,0
0.65,-0.25,0.85,0.6,90,0
0.65,-0.25,0.85,0.6,270,1
0.65,-0.25,0.85,0.6,30,0
0.65,-0.25,0.85,0.6,330,1
0.65,-0.25,0.85,0.6,60,0
0.65,-0.25,0.85,0.6,300,0
0.65,-0.25,0.85,0.6,150,0
0.65,-0.25,0.85,0.6,210,0
0.65,-0.25,0.85,0.6,120,0
0.65,-0.25,0.85,0.6,240,1
0.65,-0.25,0.9,0.4,0,1
0.65,-0.25,0.9,0.4,180,0
0.65,-0.25,0.9,0.4,90,0
0.65,-0.25,0.9,0.4,270,1
0.65,-0.25,0.9,0.4,30,1
0.65,-0.25,0.9,0.4,330,1
0.65,-0.25,0.9,0.4,60,0
0.65,-0.25,0.9,0.4,300,1
0.65,-0.25,0.9,0.4,150,0
0.65,-0.25,0.9,0.4,210,0
0.65,-0.25,0.9,0.4,120,0
0.65,-0.25,0.9,0.4,240,1
0.65,-0.25,0.9,0.5,0,1
0.65,-0.25,0.9,0.5,180,0
0.65,-0.25,0.9,0.5,90,0
0.65,-0.25,0.9,0.5,270,1
0.65,-0.25,0.9,0.5,30,0
0.65,-0.25,0.9,0.5,330,1
0.65,-0.25,0.9,0.5,60,0
0.65,-0.25,0.9,0.5,300,1
0.65,-0.25,0.9,0.5,150,0
0.65,-0.25,0.9,0.5,210,0
0.65,-0.25,0.9,0.5,120,0
0.65,-0.25,0.9,0.5,240,1
0.65,-0.25,0.9,0.6,0,1
0.65,-0.25,0.9,0.6,180,0
0.65,-0.25,0.9,0.6,90,0
0.65,-0.25,0.9,0.6,270,1
0.65,-0.25,0.9,0.6,30,0
0.65,-0.25,0.9,0.6,330,1
0.65,-0.25,0.9,0.6,60,0
0.65,-0.25,0.9,0.6,300,0
0.65,-0.25,0.9,0.6,150,0
0.65,-0.25,0.9,0.6,210,0
0.65,-0.25,0.9,0.6,120,0
0.65,-0.25,0.9,0.6,240,1
0.65,-0.25,0.95,0.4,0,1
0.65,-0.25,0.95,0.4,180,0
0.65,-0.25,0.95,0.4,90,0
0.65,-0.25,0.95,0.4,270,1
0.65,-0.25,0.95,0.4,30,1
0.65,-0.25,0.95,0.4,330,1
0.65,-0.25,0.95,0.4,60,0
0.65,-0.25,0.95,0.4,300,1
0.65,-0.25,0.95,0.4,150,0
0.65,-0.25,0.95,0.4,210,0
0.65,-0.25,0.95,0.4,120,0
0.65,-0.25,0.95,0.4,240,0
0.65,-0.25,0.95,0.5,0,1
0.65,-0.25,0.95,0.5,180,0
0.65,-0.25,0.95,0.5,90,0
0.65,-0.25,0.95,0.5,270,0
0.65,-0.25,0.95,0.5,30,0
0.65,-0.25,0.95,0.5,330,1
0.65,-0.25,0.95,0.5,60,0
0.65,-0.25,0.95,0.5,300,1
0.65,-0.25,0.95,0.5,150,0
0.65,-0.25,0.95,0.5,210,0
0.65,-0.25,0.95,0.5,120,0
0.65,-0.25,0.95,0.5,240,1
0.65,-0.25,0.95,0.6,0,1
0.65,-0.25,0.95,0.6,180,0
0.65,-0.25,0.95,0.6,90,0
0.65,-0.25,0.95,0.6,270,1
0.65,-0.25,0.95,0.6,30,0
0.65,-0.25,0.95,0.6,330,1
0.65,-0.25,0.95,0.6,60,0
0.65,-0.25,0.95,0.6,300,0
0.65,-0.25,0.95,0.6,150,0
0.65,-0.25,0.95,0.6,210,0
0.65,-0.25,0.95,0.6,120,0
0.65,-0.25,0.95,0.6,240,0
0.65,-0.25,1.0,0.4,0,1
0.65,-0.25,1.0,0.4,180,0
0.65,-0.25,1.0,0.4,90,0
0.65,-0.25,1.0,0.4,270,0
0.65,-0.25,1.0,0.4,30,0
0.65,-0.25,1.0,0.4,330,1
0.65,-0.25,1.0,0.4,60,0
0.65,-0.25,1.0,0.4,300,1
0.65,-0.25,1.0,0.4,150,0
0.65,-0.25,1.0,0.4,210,0
0.65,-0.25,1.0,0.4,120,0
0.65,-0.25,1.0,0.4,240,1
0.65,-0.25,1.0,0.5,0,1
0.65,-0.25,1.0,0.5,180,0
0.65,-0.25,1.0,0.5,90,0
0.65,-0.25,1.0,0.5,270,1
0.65,-0.25,1.0,0.5,30,0
0.65,-0.25,1.0,0.5,330,1
0.65,-0.25,1.0,0.5,60,0
0.65,-0.25,1.0,0.5,300,1
0.65,-0.25,1.0,0.5,150,0
0.65,-0.25,1.0,0.5,210,0
0.65,-0.25,1.0,0.5,120,0
0.65,-0.25,1.0,0.5,240,0
0.65,-0.25,1.0,0.6,0,1
0.65,-0.25,1.0,0.6,180,0
0.65,-0.25,1.0,0.6,90,0
0.65,-0.25,1.0,0.6,270,1
0.65,-0.25,1.0,0.6,30,0
0.65,-0.25,1.0,0.6,330,1
0.65,-0.25,1.0,0.6,60,0
0.65,-0.25,1.0,0.6,300,0
0.65,-0.25,1.0,0.6,150,0
0.65,-0.25,1.0,0.6,210,0
0.65,-0.25,1.0,0.6,120,0
0.65,-0.25,1.0,0.6,240,0
0.65,-0.2,0.65,0.4,0,1
0.65,-0.2,0.65,0.4,180,0
0.65,-0.2,0.65,0.4,90,0
0.65,-0.2,0.65,0.4,270,1
0.65,-0.2,0.65,0.4,30,1
0.65,-0.2,0.65,0.4,330,1
0.65,-0.2,0.65,0.4,60,0
0.65,-0.2,0.65,0.4,300,1
0.65,-0.2,0.65,0.4,150,0
0.65,-0.2,0.65,0.4,210,1
0.65,-0.2,0.65,0.4,120,0
0.65,-0.2,0.65,0.4,240,0
0.65,-0.2,0.65,0.5,0,1
0.65,-0.2,0.65,0.5,180,0
0.65,-0.2,0.65,0.5,90,0
0.65,-0.2,0.65,0.5,270,1
0.65,-0.2,0.65,0.5,30,0
0.65,-0.2,0.65,0.5,330,1
0.65,-0.2,0.65,0.5,60,0
0.65,-0.2,0.65,0.5,300,1
0.65,-0.2,0.65,0.5,150,0
0.65,-0.2,0.65,0.5,210,0
0.65,-0.2,0.65,0.5,120,0
0.65,-0.2,0.65,0.5,240,1
0.65,-0.2,0.65,0.6,0,1
0.65,-0.2,0.65,0.6,180,0
0.65,-0.2,0.65,0.6,90,0
0.65,-0.2,0.65,0.6,270,0
0.65,-0.2,0.65,0.6,30,0
0.65,-0.2,0.65,0.6,330,1
0.65,-0.2,0.65,0.6,60,0
0.65,-0.2,0.65,0.6,300,0
0.65,-0.2,0.65,0.6,150,0
0.65,-0.2,0.65,0.6,210,0
0.65,-0.2,0.65,0.6,120,0
0.65,-0.2,0.65,0.6,240,1
0.65,-0.2,0.7,0.4,0,1
0.65,-0.2,0.7,0.4,180,0
0.65,-0.2,0.7,0.4,90,0
0.65,-0.2,0.7,0.4,270,1
0.65,-0.2,0.7,0.4,30,1
0.65,-0.2,0.7,0.4,330,1
0.65,-0.2,0.7,0.4,60,0
0.65,-0.2,0.7,0.4,300,1
0.65,-0.2,0.7,0.4,150,0
0.65,-0.2,0.7,0.4,210,0
0.65,-0.2,0.7,0.4,120,0
0.65,-0.2,0.7,0.4,240,0
0.65,-0.2,0.7,0.5,0,1
0.65,-0.2,0.7,0.5,180,0
0.65,-0.2,0.7,0.5,90,0
0.65,-0.2,0.7,0.5,270,0
0.65,-0.2,0.7,0.5,30,0
0.65,-0.2,0.7,0.5,330,1
0.65,-0.2,0.7,0.5,60,0
0.65,-0.2,0.7,0.5,300,1
0.65,-0.2,0.7,0.5,150,0
0.65,-0.2,0.7,0.5,210,0
0.65,-0.2,0.7,0.5,120,0
0.65,-0.2,0.7,0.5,240,1
0.65,-0.2,0.7,0.6,0,1
0.65,-0.2,0.7,0.6,180,0
0.65,-0.2,0.7,0.6,90,0
0.65,-0.2,0.7,0.6,270,0
0.65,-0.2,0.7,0.6,30,0
0.65,-0.2,0.7,0.6,330,1
0.65,-0.2,0.7,0.6,60,0
0.65,-0.2,0.7,0.6,300,0
0.65,-0.2,0.7,0.6,150,0
0.65,-0.2,0.7,0.6,210,0
0.65,-0.2,0.7,0.6,120,0
0.65,-0.2,0.7,0.6,240,0
0.65,-0.2,0.75,0.4,0,1
0.65,-0.2,0.75,0.4,180,0
0.65,-0.2,0.75,0.4,90,0
0.65,-0.2,0.75,0.4,270,0
0.65,-0.2,0.75,0.4,30,1
0.65,-0.2,0.75,0.4,330,1
0.65,-0.2,0.75,0.4,60,0
0.65,-0.2,0.75,0.4,300,1
0.65,-0.2,0.75,0.4,150,0
0.65,-0.2,0.75,0.4,210,0
0.65,-0.2,0.75,0.4,120,0
0.65,-0.2,0.75,0.4,240,1
0.65,-0.2,0.75,0.5,0,1
0.65,-0.2,0.75,0.5,180,0
0.65,-0.2,0.75,0.5,90,0
0.65,-0.2,0.75,0.5,270,0
0.65,-0.2,0.75,0.5,30,0
0.65,-0.2,0.75,0.5,330,1
0.65,-0.2,0.75,0.5,60,0
0.65,-0.2,0.75,0.5,300,1
0.65,-0.2,0.75,0.5,150,0
0.65,-0.2,0.75,0.5,210,0
0.65,-0.2,0.75,0.5,120,0
0.65,-0.2,0.75,0.5,240,1
0.65,-0.2,0.75,0.6,0,1
0.65,-0.2,0.75,0.6,180,0
0.65,-0.2,0.75,0.6,90,0
0.65,-0.2,0.75,0.6,270,0
0.65,-0.2,0.75,0.6,30,0
0.65,-0.2,0.75,0.6,330,1
0.65,-0.2,0.75,0.6,60,0
0.65,-0.2,0.75,0.6,300,0
0.65,-0.2,0.75,0.6,150,0
0.65,-0.2,0.75,0.6,210,0
0.65,-0.2,0.75,0.6,120,0
0.65,-0.2,0.75,0.6,240,0
0.65,-0.2,0.8,0.4,0,1
0.65,-0.2,0.8,0.4,180,0
0.65,-0.2,0.8,0.4,90,0
0.65,-0.2,0.8,0.4,270,1
0.65,-0.2,0.8,0.4,30,1
0.65,-0.2,0.8,0.4,330,1
0.65,-0.2,0.8,0.4,60,0
0.65,-0.2,0.8,0.4,300,1
0.65,-0.2,0.8,0.4,150,0
0.65,-0.2,0.8,0.4,210,1
0.65,-0.2,0.8,0.4,120,0
0.65,-0.2,0.8,0.4,240,1
0.65,-0.2,0.8,0.5,0,1
0.65,-0.2,0.8,0.5,180,0
0.65,-0.2,0.8,0.5,90,0
0.65,-0.2,0.8,0.5,270,1
0.65,-0.2,0.8,0.5,30,0
0.65,-0.2,0.8,0.5,330,1
0.65,-0.2,0.8,0.5,60,0
0.65,-0.2,0.8,0.5,300,1
0.65,-0.2,0.8,0.5,150,0
0.65,-0.2,0.8,0.5,210,0
0.65,-0.2,0.8,0.5,120,0
0.65,-0.2,0.8,0.5,240,1
0.65,-0.2,0.8,0.6,0,1
0.65,-0.2,0.8,0.6,180,0
0.65,-0.2,0.8,0.6,90,0
0.65,-0.2,0.8,0.6,270,1
0.65,-0.2,0.8,0.6,30,0
0.65,-0.2,0.8,0.6,330,1
0.65,-0.2,0.8,0.6,60,0
0.65,-0.2,0.8,0.6,300,0
0.65,-0.2,0.8,0.6,150,0
0.65,-0.2,0.8,0.6,210,0
0.65,-0.2,0.8,0.6,120,0
0.65,-0.2,0.8,0.6,240,0
0.65,-0.2,0.85,0.4,0,1
0.65,-0.2,0.85,0.4,180,0
0.65,-0.2,0.85,0.4,90,0
0.65,-0.2,0.85,0.4,270,1
0.65,-0.2,0.85,0.4,30,1
0.65,-0.2,0.85,0.4,330,1
0.65,-0.2,0.85,0.4,60,0
0.65,-0.2,0.85,0.4,300,1
0.65,-0.2,0.85,0.4,150,0
0.65,-0.2,0.85,0.4,210,1
0.65,-0.2,0.85,0.4,120,0
0.65,-0.2,0.85,0.4,240,0
0.65,-0.2,0.85,0.5,0,1
0.65,-0.2,0.85,0.5,180,0
0.65,-0.2,0.85,0.5,90,0
0.65,-0.2,0.85,0.5,270,1
0.65,-0.2,0.85,0.5,30,0
0.65,-0.2,0.85,0.5,330,1
0.65,-0.2,0.85,0.5,60,0
0.65,-0.2,0.85,0.5,300,1
0.65,-0.2,0.85,0.5,150,0
0.65,-0.2,0.85,0.5,210,0
0.65,-0.2,0.85,0.5,120,0
0.65,-0.2,0.85,0.5,240,0
0.65,-0.2,0.85,0.6,0,1
0.65,-0.2,0.85,0.6,180,0
0.65,-0.2,0.85,0.6,90,0
0.65,-0.2,0.85,0.6,270,1
0.65,-0.2,0.85,0.6,30,0
0.65,-0.2,0.85,0.6,330,1
0.65,-0.2,0.85,0.6,60,0
0.65,-0.2,0.85,0.6,300,0
0.65,-0.2,0.85,0.6,150,0
0.65,-0.2,0.85,0.6,210,0
0.65,-0.2,0.85,0.6,120,0
0.65,-0.2,0.85,0.6,240,1
0.65,-0.2,0.9,0.4,0,1
0.65,-0.2,0.9,0.4,180,0
0.65,-0.2,0.9,0.4,90,0
0.65,-0.2,0.9,0.4,270,1
0.65,-0.2,0.9,0.4,30,1
0.65,-0.2,0.9,0.4,330,1
0.65,-0.2,0.9,0.4,60,0
0.65,-0.2,0.9,0.4,300,1
0.65,-0.2,0.9,0.4,150,0
0.65,-0.2,0.9,0.4,210,0
0.65,-0.2,0.9,0.4,120,0
0.65,-0.2,0.9,0.4,240,0
0.65,-0.2,0.9,0.5,0,1
0.65,-0.2,0.9,0.5,180,0
0.65,-0.2,0.9,0.5,90,0
0.65,-0.2,0.9,0.5,270,0
0.65,-0.2,0.9,0.5,30,0
0.65,-0.2,0.9,0.5,330,1
0.65,-0.2,0.9,0.5,60,0
0.65,-0.2,0.9,0.5,300,1
0.65,-0.2,0.9,0.5,150,0
0.65,-0.2,0.9,0.5,210,0
0.65,-0.2,0.9,0.5,120,0
0.65,-0.2,0.9,0.5,240,1
0.65,-0.2,0.9,0.6,0,1
0.65,-0.2,0.9,0.6,180,0
0.65,-0.2,0.9,0.6,90,0
0.65,-0.2,0.9,0.6,270,1
0.65,-0.2,0.9,0.6,30,0
0.65,-0.2,0.9,0.6,330,1
0.65,-0.2,0.9,0.6,60,0
0.65,-0.2,0.9,0.6,300,0
0.65,-0.2,0.9,0.6,150,0
0.65,-0.2,0.9,0.6,210,0
0.65,-0.2,0.9,0.6,120,0
0.65,-0.2,0.9,0.6,240,1
0.65,-0.2,0.95,0.4,0,1
0.65,-0.2,0.95,0.4,180,0
0.65,-0.2,0.95,0.4,90,0
0.65,-0.2,0.95,0.4,270,1
0.65,-0.2,0.95,0.4,30,1
0.65,-0.2,0.95,0.4,330,1
0.65,-0.2,0.95,0.4,60,0
0.65,-0.2,0.95,0.4,300,1
0.65,-0.2,0.95,0.4,150,0
0.65,-0.2,0.95,0.4,210,0
0.65,-0.2,0.95,0.4,120,0
0.65,-0.2,0.95,0.4,240,1
0.65,-0.2,0.95,0.5,0,1
0.65,-0.2,0.95,0.5,180,0
0.65,-0.2,0.95,0.5,90,0
0.65,-0.2,0.95,0.5,270,1
0.65,-0.2,0.95,0.5,30,0
0.65,-0.2,0.95,0.5,330,1
0.65,-0.2,0.95,0.5,60,0
0.65,-0.2,0.95,0.5,300,1
0.65,-0.2,0.95,0.5,150,0
0.65,-0.2,0.95,0.5,210,0
0.65,-0.2,0.95,0.5,120,0
0.65,-0.2,0.95,0.5,240,0
0.65,-0.2,0.95,0.6,0,1
0.65,-0.2,0.95,0.6,180,0
0.65,-0.2,0.95,0.6,90,0
0.65,-0.2,0.95,0.6,270,1
0.65,-0.2,0.95,0.6,30,0
0.65,-0.2,0.95,0.6,330,1
0.65,-0.2,0.95,0.6,60,0
0.65,-0.2,0.95,0.6,300,0
0.65,-0.2,0.95,0.6,150,0
0.65,-0.2,0.95,0.6,210,0
0.65,-0.2,0.95,0.6,120,0
0.65,-0.2,0.95,0.6,240,1
0.65,-0.2,1.0,0.4,0,1
0.65,-0.2,1.0,0.4,180,0
0.65,-0.2,1.0,0.4,90,0
0.65,-0.2,1.0,0.4,270,1
0.65,-0.2,1.0,0.4,30,0
0.65,-0.2,1.0,0.4,330,1
0.65,-0.2,1.0,0.4,60,0
0.65,-0.2,1.0,0.4,300,1
0.65,-0.2,1.0,0.4,150,0
0.65,-0.2,1.0,0.4,210,0
0.65,-0.2,1.0,0.4,120,0
0.65,-0.2,1.0,0.4,240,1
0.65,-0.2,1.0,0.5,0,1
0.65,-0.2,1.0,0.5,180,0
0.65,-0.2,1.0,0.5,90,0
0.65,-0.2,1.0,0.5,270,1
0.65,-0.2,1.0,0.5,30,0
0.65,-0.2,1.0,0.5,330,1
0.65,-0.2,1.0,0.5,60,0
0.65,-0.2,1.0,0.5,300,1
0.65,-0.2,1.0,0.5,150,0
0.65,-0.2,1.0,0.5,210,0
0.65,-0.2,1.0,0.5,120,0
0.65,-0.2,1.0,0.5,240,1
0.65,-0.2,1.0,0.6,0,1
0.65,-0.2,1.0,0.6,180,0
0.65,-0.2,1.0,0.6,90,0
0.65,-0.2,1.0,0.6,270,1
0.65,-0.2,1.0,0.6,30,0
0.65,-0.2,1.0,0.6,330,1
0.65,-0.2,1.0,0.6,60,0
0.65,-0.2,1.0,0.6,300,0
0.65,-0.2,1.0,0.6,150,0
0.65,-0.2,1.0,0.6,210,0
0.65,-0.2,1.0,0.6,120,0
0.65,-0.2,1.0,0.6,240,0
0.65,-0.15,0.65,0.4,0,1
0.65,-0.15,0.65,0.4,180,0
0.65,-0.15,0.65,0.4,90,0
0.65,-0.15,0.65,0.4,270,1
0.65,-0.15,0.65,0.4,30,1
0.65,-0.15,0.65,0.4,330,1
0.65,-0.15,0.65,0.4,60,0
0.65,-0.15,0.65,0.4,300,1
0.65,-0.15,0.65,0.4,150,0
0.65,-0.15,0.65,0.4,210,1
0.65,-0.15,0.65,0.4,120,0
0.65,-0.15,0.65,0.4,240,0
0.65,-0.15,0.65,0.5,0,1
0.65,-0.15,0.65,0.5,180,0
0.65,-0.15,0.65,0.5,90,0
0.65,-0.15,0.65,0.5,270,1
0.65,-0.15,0.65,0.5,30,0
0.65,-0.15,0.65,0.5,330,1
0.65,-0.15,0.65,0.5,60,0
0.65,-0.15,0.65,0.5,300,1
0.65,-0.15,0.65,0.5,150,0
0.65,-0.15,0.65,0.5,210,1
0.65,-0.15,0.65,0.5,120,0
0.65,-0.15,0.65,0.5,240,1
0.65,-0.15,0.65,0.6,0,1
0.65,-0.15,0.65,0.6,180,0
0.65,-0.15,0.65,0.6,90,0
0.65,-0.15,0.65,0.6,270,1
0.65,-0.15,0.65,0.6,30,0
0.65,-0.15,0.65,0.6,330,1
0.65,-0.15,0.65,0.6,60,0
0.65,-0.15,0.65,0.6,300,0
0.65,-0.15,0.65,0.6,150,0
0.65,-0.15,0.65,0.6,210,0
0.65,-0.15,0.65,0.6,120,0
0.65,-0.15,0.65,0.6,240,1
0.65,-0.15,0.7,0.4,0,1
0.65,-0.15,0.7,0.4,180,0
0.65,-0.15,0.7,0.4,90,0
0.65,-0.15,0.7,0.4,270,1
0.65,-0.15,0.7,0.4,30,1
0.65,-0.15,0.7,0.4,330,1
0.65,-0.15,0.7,0.4,60,0
0.65,-0.15,0.7,0.4,300,1
0.65,-0.15,0.7,0.4,150,0
0.65,-0.15,0.7,0.4,210,1
0.65,-0.15,0.7,0.4,120,0
0.65,-0.15,0.7,0.4,240,1
0.65,-0.15,0.7,0.5,0,1
0.65,-0.15,0.7,0.5,180,0
0.65,-0.15,0.7,0.5,90,0
0.65,-0.15,0.7,0.5,270,1
0.65,-0.15,0.7,0.5,30,0
0.65,-0.15,0.7,0.5,330,1
0.65,-0.15,0.7,0.5,60,0
0.65,-0.15,0.7,0.5,300,1
0.65,-0.15,0.7,0.5,150,0
0.65,-0.15,0.7,0.5,210,1
0.65,-0.15,0.7,0.5,120,0
0.65,-0.15,0.7,0.5,240,0
0.65,-0.15,0.7,0.6,0,1
0.65,-0.15,0.7,0.6,180,0
0.65,-0.15,0.7,0.6,90,0
0.65,-0.15,0.7,0.6,270,1
0.65,-0.15,0.7,0.6,30,0
0.65,-0.15,0.7,0.6,330,1
0.65,-0.15,0.7,0.6,60,0
0.65,-0.15,0.7,0.6,300,0
0.65,-0.15,0.7,0.6,150,0
0.65,-0.15,0.7,0.6,210,0
0.65,-0.15,0.7,0.6,120,0
0.65,-0.15,0.7,0.6,240,1
0.65,-0.15,0.75,0.4,0,1
0.65,-0.15,0.75,0.4,180,0
0.65,-0.15,0.75,0.4,90,0
0.65,-0.15,0.75,0.4,270,1
0.65,-0.15,0.75,0.4,30,1
0.65,-0.15,0.75,0.4,330,1
0.65,-0.15,0.75,0.4,60,0
0.65,-0.15,0.75,0.4,300,1
0.65,-0.15,0.75,0.4,150,0
0.65,-0.15,0.75,0.4,210,1
0.65,-0.15,0.75,0.4,120,0
0.65,-0.15,0.75,0.4,240,0
0.65,-0.15,0.75,0.5,0,1
0.65,-0.15,0.75,0.5,180,0
0.65,-0.15,0.75,0.5,90,0
0.65,-0.15,0.75,0.5,270,1
0.65,-0.15,0.75,0.5,30,0
0.65,-0.15,0.75,0.5,330,1
0.65,-0.15,0.75,0.5,60,0
0.65,-0.15,0.75,0.5,300,1
0.65,-0.15,0.75,0.5,150,0
0.65,-0.15,0.75,0.5,210,0
0.65,-0.15,0.75,0.5,120,0
0.65,-0.15,0.75,0.5,240,1
0.65,-0.15,0.75,0.6,0,1
0.65,-0.15,0.75,0.6,180,0
0.65,-0.15,0.75,0.6,90,0
0.65,-0.15,0.75,0.6,270,0
0.65,-0.15,0.75,0.6,30,0
0.65,-0.15,0.75,0.6,330,1
0.65,-0.15,0.75,0.6,60,0
0.65,-0.15,0.75,0.6,300,0
0.65,-0.15,0.75,0.6,150,0
0.65,-0.15,0.75,0.6,210,0
0.65,-0.15,0.75,0.6,120,0
0.65,-0.15,0.75,0.6,240,1
0.65,-0.15,0.8,0.4,0,1
0.65,-0.15,0.8,0.4,180,0
0.65,-0.15,0.8,0.4,90,0
0.65,-0.15,0.8,0.4,270,1
0.65,-0.15,0.8,0.4,30,1
0.65,-0.15,0.8,0.4,330,1
0.65,-0.15,0.8,0.4,60,0
0.65,-0.15,0.8,0.4,300,1
0.65,-0.15,0.8,0.4,150,0
0.65,-0.15,0.8,0.4,210,0
0.65,-0.15,0.8,0.4,120,0
0.65,-0.15,0.8,0.4,240,1
0.65,-0.15,0.8,0.5,0,1
0.65,-0.15,0.8,0.5,180,0
0.65,-0.15,0.8,0.5,90,0
0.65,-0.15,0.8,0.5,270,1
0.65,-0.15,0.8,0.5,30,0
0.65,-0.15,0.8,0.5,330,1
0.65,-0.15,0.8,0.5,60,0
0.65,-0.15,0.8,0.5,300,1
0.65,-0.15,0.8,0.5,150,0
0.65,-0.15,0.8,0.5,210,0
0.65,-0.15,0.8,0.5,120,0
0.65,-0.15,0.8,0.5,240,1
0.65,-0.15,0.8,0.6,0,1
0.65,-0.15,0.8,0.6,180,0
0.65,-0.15,0.8,0.6,90,0
0.65,-0.15,0.8,0.6,270,0
0.65,-0.15,0.8,0.6,30,0
0.65,-0.15,0.8,0.6,330,1
0.65,-0.15,0.8,0.6,60,0
0.65,-0.15,0.8,0.6,300,0
0.65,-0.15,0.8,0.6,150,0
0.65,-0.15,0.8,0.6,210,0
0.65,-0.15,0.8,0.6,120,0
0.65,-0.15,0.8,0.6,240,0
0.65,-0.15,0.85,0.4,0,1
0.65,-0.15,0.85,0.4,180,0
0.65,-0.15,0.85,0.4,90,0
0.65,-0.15,0.85,0.4,270,1
0.65,-0.15,0.85,0.4,30,1
0.65,-0.15,0.85,0.4,330,1
0.65,-0.15,0.85,0.4,60,0
0.65,-0.15,0.85,0.4,300,1
0.65,-0.15,0.85,0.4,150,0
0.65,-0.15,0.85,0.4,210,0
0.65,-0.15,0.85,0.4,120,0
0.65,-0.15,0.85,0.4,240,0
0.65,-0.15,0.85,0.5,0,1
0.65,-0.15,0.85,0.5,180,0
0.65,-0.15,0.85,0.5,90,0
0.65,-0.15,0.85,0.5,270,0
0.65,-0.15,0.85,0.5,30,0
0.65,-0.15,0.85,0.5,330,1
0.65,-0.15,0.85,0.5,60,0
0.65,-0.15,0.85,0.5,300,1
0.65,-0.15,0.85,0.5,150,0
0.65,-0.15,0.85,0.5,210,0
0.65,-0.15,0.85,0.5,120,0
0.65,-0.15,0.85,0.5,240,1
0.65,-0.15,0.85,0.6,0,1
0.65,-0.15,0.85,0.6,180,0
0.65,-0.15,0.85,0.6,90,0
0.65,-0.15,0.85,0.6,270,0
0.65,-0.15,0.85,0.6,30,0
0.65,-0.15,0.85,0.6,330,1
0.65,-0.15,0.85,0.6,60,0
0.65,-0.15,0.85,0.6,300,0
0.65,-0.15,0.85,0.6,150,0
0.65,-0.15,0.85,0.6,210,0
0.65,-0.15,0.85,0.6,120,0
0.65,-0.15,0.85,0.6,240,1
0.65,-0.15,0.9,0.4,0,1
0.65,-0.15,0.9,0.4,180,0
0.65,-0.15,0.9,0.4,90,0
0.65,-0.15,0.9,0.4,270,1
0.65,-0.15,0.9,0.4,30,1
0.65,-0.15,0.9,0.4,330,1
0.65,-0.15,0.9,0.4,60,0
0.65,-0.15,0.9,0.4,300,1
0.65,-0.15,0.9,0.4,150,0
0.65,-0.15,0.9,0.4,210,0
0.65,-0.15,0.9,0.4,120,0
0.65,-0.15,0.9,0.4,240,1
0.65,-0.15,0.9,0.5,0,1
0.65,-0.15,0.9,0.5,180,0
0.65,-0.15,0.9,0.5,90,0
0.65,-0.15,0.9,0.5,270,1
0.65,-0.15,0.9,0.5,30,0
0.65,-0.15,0.9,0.5,330,1
0.65,-0.15,0.9,0.5,60,0
0.65,-0.15,0.9,0.5,300,1
0.65,-0.15,0.9,0.5,150,0
0.65,-0.15,0.9,0.5,210,0
0.65,-0.15,0.9,0.5,120,0
0.65,-0.15,0.9,0.5,240,0
0.65,-0.15,0.9,0.6,0,1
0.65,-0.15,0.9,0.6,180,0
0.65,-0.15,0.9,0.6,90,0
0.65,-0.15,0.9,0.6,270,0
0.65,-0.15,0.9,0.6,30,0
0.65,-0.15,0.9,0.6,330,1
0.65,-0.15,0.9,0.6,60,0
0.65,-0.15,0.9,0.6,300,0
0.65,-0.15,0.9,0.6,150,0
0.65,-0.15,0.9,0.6,210,0
0.65,-0.15,0.9,0.6,120,0
0.65,-0.15,0.9,0.6,240,1
0.65,-0.15,0.95,0.4,0,1
0.65,-0.15,0.95,0.4,180,0
0.65,-0.15,0.95,0.4,90,0
0.65,-0.15,0.95,0.4,270,1
0.65,-0.15,0.95,0.4,30,0
0.65,-0.15,0.95,0.4,330,1
0.65,-0.15,0.95,0.4,60,0
0.65,-0.15,0.95,0.4,300,1
0.65,-0.15,0.95,0.4,150,0
0.65,-0.15,0.95,0.4,210,0
0.65,-0.15,0.95,0.4,120,0
0.65,-0.15,0.95,0.4,240,1
0.65,-0.15,0.95,0.5,0,1
0.65,-0.15,0.95,0.5,180,0
0.65,-0.15,0.95,0.5,90,0
0.65,-0.15,0.95,0.5,270,1
0.65,-0.15,0.95,0.5,30,0
0.65,-0.15,0.95,0.5,330,1
0.65,-0.15,0.95,0.5,60,0
0.65,-0.15,0.95,0.5,300,1
0.65,-0.15,0.95,0.5,150,0
0.65,-0.15,0.95,0.5,210,0
0.65,-0.15,0.95,0.5,120,0
0.65,-0.15,0.95,0.5,240,1
0.65,-0.15,0.95,0.6,0,1
0.65,-0.15,0.95,0.6,180,0
0.65,-0.15,0.95,0.6,90,0
0.65,-0.15,0.95,0.6,270,0
0.65,-0.15,0.95,0.6,30,0
0.65,-0.15,0.95,0.6,330,1
0.65,-0.15,0.95,0.6,60,0
0.65,-0.15,0.95,0.6,300,0
0.65,-0.15,0.95,0.6,150,0
0.65,-0.15,0.95,0.6,210,0
0.65,-0.15,0.95,0.6,120,0
0.65,-0.15,0.95,0.6,240,1
0.65,-0.15,1.0,0.4,0,1
0.65,-0.15,1.0,0.4,180,0
0.65,-0.15,1.0,0.4,90,0
0.65,-0.15,1.0,0.4,270,0
0.65,-0.15,1.0,0.4,30,0
0.65,-0.15,1.0,0.4,330,1
0.65,-0.15,1.0,0.4,60,0
0.65,-0.15,1.0,0.4,300,1
0.65,-0.15,1.0,0.4,150,0
0.65,-0.15,1.0,0.4,210,0
0.65,-0.15,1.0,0.4,120,0
0.65,-0.15,1.0,0.4,240,0
0.65,-0.15,1.0,0.5,0,1
0.65,-0.15,1.0,0.5,180,0
0.65,-0.15,1.0,0.5,90,0
0.65,-0.15,1.0,0.5,270,1
0.65,-0.15,1.0,0.5,30,0
0.65,-0.15,1.0,0.5,330,1
0.65,-0.15,1.0,0.5,60,0
0.65,-0.15,1.0,0.5,300,1
0.65,-0.15,1.0,0.5,150,0
0.65,-0.15,1.0,0.5,210,0
0.65,-0.15,1.0,0.5,120,0
0.65,-0.15,1.0,0.5,240,1
0.65,-0.15,1.0,0.6,0,1
0.65,-0.15,1.0,0.6,180,0
0.65,-0.15,1.0,0.6,90,0
0.65,-0.15,1.0,0.6,270,1
0.65,-0.15,1.0,0.6,30,0
0.65,-0.15,1.0,0.6,330,1
0.65,-0.15,1.0,0.6,60,0
0.65,-0.15,1.0,0.6,300,0
0.65,-0.15,1.0,0.6,150,0
0.65,-0.15,1.0,0.6,210,0
0.65,-0.15,1.0,0.6,120,0
0.65,-0.15,1.0,0.6,240,1
0.65,-0.1,0.65,0.4,0,1
0.65,-0.1,0.65,0.4,180,0
0.65,-0.1,0.65,0.4,90,0
0.65,-0.1,0.65,0.4,270,1
0.65,-0.1,0.65,0.4,30,1
0.65,-0.1,0.65,0.4,330,1
0.65,-0.1,0.65,0.4,60,0
0.65,-0.1,0.65,0.4,300,1
0.65,-0.1,0.65,0.4,150,0
0.65,-0.1,0.65,0.4,210,0
0.65,-0.1,0.65,0.4,120,0
0.65,-0.1,0.65,0.4,240,1
0.65,-0.1,0.65,0.5,0,1
0.65,-0.1,0.65,0.5,180,0
0.65,-0.1,0.65,0.5,90,0
0.65,-0.1,0.65,0.5,270,1
0.65,-0.1,0.65,0.5,30,0
0.65,-0.1,0.65,0.5,330,1
0.65,-0.1,0.65,0.5,60,0
0.65,-0.1,0.65,0.5,300,1
0.65,-0.1,0.65,0.5,150,0
0.65,-0.1,0.65,0.5,210,0
0.65,-0.1,0.65,0.5,120,0
0.65,-0.1,0.65,0.5,240,1
0.65,-0.1,0.65,0.6,0,1
0.65,-0.1,0.65,0.6,180,0
0.65,-0.1,0.65,0.6,90,0
0.65,-0.1,0.65,0.6,270,0
0.65,-0.1,0.65,0.6,30,0
0.65,-0.1,0.65,0.6,330,1
0.65,-0.1,0.65,0.6,60,0
0.65,-0.1,0.65,0.6,300,0
0.65,-0.1,0.65,0.6,150,0
0.65,-0.1,0.65,0.6,210,1
0.65,-0.1,0.65,0.6,120,0
0.65,-0.1,0.65,0.6,240,1
0.65,-0.1,0.7,0.4,0,1
0.65,-0.1,0.7,0.4,180,0
0.65,-0.1,0.7,0.4,90,0
0.65,-0.1,0.7,0.4,270,1
0.65,-0.1,0.7,0.4,30,1
0.65,-0.1,0.7,0.4,330,1
0.65,-0.1,0.7,0.4,60,0
0.65,-0.1,0.7,0.4,300,1
0.65,-0.1,0.7,0.4,150,0
0.65,-0.1,0.7,0.4,210,0
0.65,-0.1,0.7,0.4,120,0
0.65,-0.1,0.7,0.4,240,1
0.65,-0.1,0.7,0.5,0,1
0.65,-0.1,0.7,0.5,180,0
0.65,-0.1,0.7,0.5,90,0
0.65,-0.1,0.7,0.5,270,1
0.65,-0.1,0.7,0.5,30,0
0.65,-0.1,0.7,0.5,330,1
0.65,-0.1,0.7,0.5,60,0
0.65,-0.1,0.7,0.5,300,1
0.65,-0.1,0.7,0.5,150,0
0.65,-0.1,0.7,0.5,210,1
0.65,-0.1,0.7,0.5,120,0
0.65,-0.1,0.7,0.5,240,1
0.65,-0.1,0.7,0.6,0,1
0.65,-0.1,0.7,0.6,180,0
0.65,-0.1,0.7,0.6,90,0
0.65,-0.1,0.7,0.6,270,1
0.65,-0.1,0.7,0.6,30,0
0.65,-0.1,0.7,0.6,330,1
0.65,-0.1,0.7,0.6,60,0
0.65,-0.1,0.7,0.6,300,0
0.65,-0.1,0.7,0.6,150,0
0.65,-0.1,0.7,0.6,210,1
0.65,-0.1,0.7,0.6,120,0
0.65,-0.1,0.7,0.6,240,0
0.65,-0.1,0.75,0.4,0,1
0.65,-0.1,0.75,0.4,180,0
0.65,-0.1,0.75,0.4,90,0
0.65,-0.1,0.75,0.4,270,1
0.65,-0.1,0.75,0.4,30,1
0.65,-0.1,0.75,0.4,330,1
0.65,-0.1,0.75,0.4,60,0
0.65,-0.1,0.75,0.4,300,0
0.65,-0.1,0.75,0.4,150,0
0.65,-0.1,0.75,0.4,210,1
0.65,-0.1,0.75,0.4,120,0
0.65,-0.1,0.75,0.4,240,1
0.65,-0.1,0.75,0.5,0,1
0.65,-0.1,0.75,0.5,180,0
0.65,-0.1,0.75,0.5,90,0
0.65,-0.1,0.75,0.5,270,0
0.65,-0.1,0.75,0.5,30,0
0.65,-0.1,0.75,0.5,330,1
0.65,-0.1,0.75,0.5,60,0
0.65,-0.1,0.75,0.5,300,1
0.65,-0.1,0.75,0.5,150,0
0.65,-0.1,0.75,0.5,210,1
0.65,-0.1,0.75,0.5,120,0
0.65,-0.1,0.75,0.5,240,1
0.65,-0.1,0.75,0.6,0,1
0.65,-0.1,0.75,0.6,180,0
0.65,-0.1,0.75,0.6,90,0
0.65,-0.1,0.75,0.6,270,0
0.65,-0.1,0.75,0.6,30,0
0.65,-0.1,0.75,0.6,330,1
0.65,-0.1,0.75,0.6,60,0
0.65,-0.1,0.75,0.6,300,1
0.65,-0.1,0.75,0.6,150,0
0.65,-0.1,0.75,0.6,210,1
0.65,-0.1,0.75,0.6,120,0
0.65,-0.1,0.75,0.6,240,1
0.65,-0.1,0.8,0.4,0,1
0.65,-0.1,0.8,0.4,180,0
0.65,-0.1,0.8,0.4,90,0
0.65,-0.1,0.8,0.4,270,1
0.65,-0.1,0.8,0.4,30,1
0.65,-0.1,0.8,0.4,330,1
0.65,-0.1,0.8,0.4,60,0
0.65,-0.1,0.8,0.4,300,1
0.65,-0.1,0.8,0.4,150,0
0.65,-0.1,0.8,0.4,210,0
0.65,-0.1,0.8,0.4,120,0
0.65,-0.1,0.8,0.4,240,1
0.65,-0.1,0.8,0.5,0,1
0.65,-0.1,0.8,0.5,180,0
0.65,-0.1,0.8,0.5,90,0
0.65,-0.1,0.8,0.5,270,0
0.65,-0.1,0.8,0.5,30,0
0.65,-0.1,0.8,0.5,330,1
0.65,-0.1,0.8,0.5,60,0
0.65,-0.1,0.8,0.5,300,1
0.65,-0.1,0.8,0.5,150,0
0.65,-0.1,0.8,0.5,210,1
0.65,-0.1,0.8,0.5,120,0
0.65,-0.1,0.8,0.5,240,1
0.65,-0.1,0.8,0.6,0,1
0.65,-0.1,0.8,0.6,180,0
0.65,-0.1,0.8,0.6,90,0
0.65,-0.1,0.8,0.6,270,0
0.65,-0.1,0.8,0.6,30,0
0.65,-0.1,0.8,0.6,330,1
0.65,-0.1,0.8,0.6,60,0
0.65,-0.1,0.8,0.6,300,1
0.65,-0.1,0.8,0.6,150,0
0.65,-0.1,0.8,0.6,210,0
0.65,-0.1,0.8,0.6,120,0
0.65,-0.1,0.8,0.6,240,0
0.65,-0.1,0.85,0.4,0,1
0.65,-0.1,0.85,0.4,180,0
0.65,-0.1,0.85,0.4,90,0
0.65,-0.1,0.85,0.4,270,1
0.65,-0.1,0.85,0.4,30,1
0.65,-0.1,0.85,0.4,330,1
0.65,-0.1,0.85,0.4,60,0
0.65,-0.1,0.85,0.4,300,1
0.65,-0.1,0.85,0.4,150,0
0.65,-0.1,0.85,0.4,210,1
0.65,-0.1,0.85,0.4,120,0
0.65,-0.1,0.85,0.4,240,0
0.65,-0.1,0.85,0.5,0,1
0.65,-0.1,0.85,0.5,180,0
0.65,-0.1,0.85,0.5,90,0
0.65,-0.1,0.85,0.5,270,1
0.65,-0.1,0.85,0.5,30,0
0.65,-0.1,0.85,0.5,330,1
0.65,-0.1,0.85,0.5,60,0
0.65,-0.1,0.85,0.5,300,0
0.65,-0.1,0.85,0.5,150,0
0.65,-0.1,0.85,0.5,210,1
0.65,-0.1,0.85,0.5,120,0
0.65,-0.1,0.85,0.5,240,0
0.65,-0.1,0.85,0.6,0,1
0.65,-0.1,0.85,0.6,180,0
0.65,-0.1,0.85,0.6,90,0
0.65,-0.1,0.85,0.6,270,1
0.65,-0.1,0.85,0.6,30,0
0.65,-0.1,0.85,0.6,330,1
0.65,-0.1,0.85,0.6,60,0
0.65,-0.1,0.85,0.6,300,0
0.65,-0.1,0.85,0.6,150,0
0.65,-0.1,0.85,0.6,210,0
0.65,-0.1,0.85,0.6,120,0
0.65,-0.1,0.85,0.6,240,1
0.65,-0.1,0.9,0.4,0,1
0.65,-0.1,0.9,0.4,180,0
0.65,-0.1,0.9,0.4,90,0
0.65,-0.1,0.9,0.4,270,1
0.65,-0.1,0.9,0.4,30,0
0.65,-0.1,0.9,0.4,330,1
0.65,-0.1,0.9,0.4,60,0
0.65,-0.1,0.9,0.4,300,1
0.65,-0.1,0.9,0.4,150,0
0.65,-0.1,0.9,0.4,210,0
0.65,-0.1,0.9,0.4,120,0
0.65,-0.1,0.9,0.4,240,0
0.65,-0.1,0.9,0.5,0,1
0.65,-0.1,0.9,0.5,180,0
0.65,-0.1,0.9,0.5,90,0
0.65,-0.1,0.9,0.5,270,1
0.65,-0.1,0.9,0.5,30,0
0.65,-0.1,0.9,0.5,330,1
0.65,-0.1,0.9,0.5,60,0
0.65,-0.1,0.9,0.5,300,1
0.65,-0.1,0.9,0.5,150,0
0.65,-0.1,0.9,0.5,210,0
0.65,-0.1,0.9,0.5,120,0
0.65,-0.1,0.9,0.5,240,1
0.65,-0.1,0.9,0.6,0,1
0.65,-0.1,0.9,0.6,180,0
0.65,-0.1,0.9,0.6,90,0
0.65,-0.1,0.9,0.6,270,0
0.65,-0.1,0.9,0.6,30,0
0.65,-0.1,0.9,0.6,330,1
0.65,-0.1,0.9,0.6,60,0
0.65,-0.1,0.9,0.6,300,1
0.65,-0.1,0.9,0.6,150,0
0.65,-0.1,0.9,0.6,210,0
0.65,-0.1,0.9,0.6,120,0
0.65,-0.1,0.9,0.6,240,1
0.65,-0.1,0.95,0.4,0,1
0.65,-0.1,0.95,0.4,180,0
0.65,-0.1,0.95,0.4,90,0
0.65,-0.1,0.95,0.4,270,1
0.65,-0.1,0.95,0.4,30,0
0.65,-0.1,0.95,0.4,330,1
0.65,-0.1,0.95,0.4,60,0
0.65,-0.1,0.95,0.4,300,1
0.65,-0.1,0.95,0.4,150,0
0.65,-0.1,0.95,0.4,210,0
0.65,-0.1,0.95,0.4,120,0
0.65,-0.1,0.95,0.4,240,0
0.65,-0.1,0.95,0.5,0,1
0.65,-0.1,0.95,0.5,180,0
0.65,-0.1,0.95,0.5,90,0
0.65,-0.1,0.95,0.5,270,1
0.65,-0.1,0.95,0.5,30,0
0.65,-0.1,0.95,0.5,330,1
0.65,-0.1,0.95,0.5,60,0
0.65,-0.1,0.95,0.5,300,1
0.65,-0.1,0.95,0.5,150,0
0.65,-0.1,0.95,0.5,210,0
0.65,-0.1,0.95,0.5,120,0
0.65,-0.1,0.95,0.5,240,1
0.65,-0.1,0.95,0.6,0,1
0.65,-0.1,0.95,0.6,180,0
0.65,-0.1,0.95,0.6,90,0
0.65,-0.1,0.95,0.6,270,1
0.65,-0.1,0.95,0.6,30,0
0.65,-0.1,0.95,0.6,330,1
0.65,-0.1,0.95,0.6,60,0
0.65,-0.1,0.95,0.6,300,1
0.65,-0.1,0.95,0.6,150,0
0.65,-0.1,0.95,0.6,210,0
0.65,-0.1,0.95,0.6,120,0
0.65,-0.1,0.95,0.6,240,0
0.65,-0.1,1.0,0.4,0,1
0.65,-0.1,1.0,0.4,180,0
0.65,-0.1,1.0,0.4,90,0
0.65,-0.1,1.0,0.4,270,0
0.65,-0.1,1.0,0.4,30,0
0.65,-0.1,1.0,0.4,330,1
0.65,-0.1,1.0,0.4,60,0
0.65,-0.1,1.0,0.4,300,1
0.65,-0.1,1.0,0.4,150,0
0.65,-0.1,1.0,0.4,210,0
0.65,-0.1,1.0,0.4,120,0
0.65,-0.1,1.0,0.4,240,1
0.65,-0.1,1.0,0.5,0,1
0.65,-0.1,1.0,0.5,180,0
0.65,-0.1,1.0,0.5,90,0
0.65,-0.1,1.0,0.5,270,1
0.65,-0.1,1.0,0.5,30,0
0.65,-0.1,1.0,0.5,330,1
0.65,-0.1,1.0,0.5,60,0
0.65,-0.1,1.0,0.5,300,0
0.65,-0.1,1.0,0.5,150,0
0.65,-0.1,1.0,0.5,210,1
0.65,-0.1,1.0,0.5,120,0
0.65,-0.1,1.0,0.5,240,1
0.65,-0.1,1.0,0.6,0,1
0.65,-0.1,1.0,0.6,180,0
0.65,-0.1,1.0,0.6,90,0
0.65,-0.1,1.0,0.6,270,1
0.65,-0.1,1.0,0.6,30,0
0.65,-0.1,1.0,0.6,330,1
0.65,-0.1,1.0,0.6,60,0
0.65,-0.1,1.0,0.6,300,1
0.65,-0.1,1.0,0.6,150,0
0.65,-0.1,1.0,0.6,210,0
0.65,-0.1,1.0,0.6,120,0
0.65,-0.1,1.0,0.6,240,1
